id,external_id,name,equipment,muscle,category,has_gif,gif_url,illustration_slug,match_method,frame1,frame2,frame3,status
"1","abductors/lever-seated-hip-abduction","Lever Seated Hip Abduction","lever","abductors","strength","true","https://cdn.jsdelivr.net/gh/JahelCuadrado/ExerciseGymGifsDB@v1.1.0/abductors/lever-seated-hip-abduction.gif","banded-seated-hip-abduction","fuzzy(0.75)","https://cdn.jsdelivr.net/gh/bryllim/workout-guide@ba0b709cb20430361b2cb33aaadd20998164a916/packages/workout-guide/assets/banded-seated-hip-abduction/frame-1.svg","https://cdn.jsdelivr.net/gh/bryllim/workout-guide@ba0b709cb20430361b2cb33aaadd20998164a916/packages/workout-guide/assets/banded-seated-hip-abduction/frame-2.svg","https://cdn.jsdelivr.net/gh/bryllim/workout-guide@ba0b709cb20430361b2cb33aaadd20998164a916/packages/workout-guide/assets/banded-seated-hip-abduction/frame-3.svg","both"
"2","abductors/resistance-band-seated-hip-abduction","Resistance Band Seated Hip Abduction","band","abductors","strength","true","https://cdn.jsdelivr.net/gh/JahelCuadrado/ExerciseGymGifsDB@v1.1.0/abductors/resistance-band-seated-hip-abduction.gif","banded-seated-hip-abduction","fuzzy(0.75)","https://cdn.jsdelivr.net/gh/bryllim/workout-guide@ba0b709cb20430361b2cb33aaadd20998164a916/packages/workout-guide/assets/banded-seated-hip-abduction/frame-1.svg","https://cdn.jsdelivr.net/gh/bryllim/workout-guide@ba0b709cb20430361b2cb33aaadd20998164a916/packages/workout-guide/assets/banded-seated-hip-abduction/frame-2.svg","https://cdn.jsdelivr.net/gh/bryllim/workout-guide@ba0b709cb20430361b2cb33aaadd20998164a916/packages/workout-guide/assets/banded-seated-hip-abduction/frame-3.svg","both"
"3","abductors/side-bridge-hip-abduction","Side Bridge Hip Abduction","bodyweight","abductors","strength","true","https://cdn.jsdelivr.net/gh/JahelCuadrado/ExerciseGymGifsDB@v1.1.0/abductors/side-bridge-hip-abduction.gif","side-lying-hip-abduction","fuzzy(0.60)","https://cdn.jsdelivr.net/gh/bryllim/workout-guide@ba0b709cb20430361b2cb33aaadd20998164a916/packages/workout-guide/assets/side-lying-hip-abduction/frame-1.svg","https://cdn.jsdelivr.net/gh/bryllim/workout-guide@ba0b709cb20430361b2cb33aaadd20998164a916/packages/workout-guide/assets/side-lying-hip-abduction/frame-2.svg","https://cdn.jsdelivr.net/gh/bryllim/workout-guide@ba0b709cb20430361b2cb33aaadd20998164a916/packages/workout-guide/assets/side-lying-hip-abduction/frame-3.svg","both"
"4","abductors/side-hip-abduction","Side Hip Abduction","bodyweight","abductors","strength","true","https://cdn.jsdelivr.net/gh/JahelCuadrado/ExerciseGymGifsDB@v1.1.0/abductors/side-hip-abduction.gif","side-lying-hip-abduction","fuzzy(0.75)","https://cdn.jsdelivr.net/gh/bryllim/workout-guide@ba0b709cb20430361b2cb33aaadd20998164a916/packages/workout-guide/assets/side-lying-hip-abduction/frame-1.svg","https://cdn.jsdelivr.net/gh/bryllim/workout-guide@ba0b709cb20430361b2cb33aaadd20998164a916/packages/workout-guide/assets/side-lying-hip-abduction/frame-2.svg","https://cdn.jsdelivr.net/gh/bryllim/workout-guide@ba0b709cb20430361b2cb33aaadd20998164a916/packages/workout-guide/assets/side-lying-hip-abduction/frame-3.svg","both"
"5","abductors/straight-leg-outer-hip-abductor","Straight Leg Outer Hip Abductor","bodyweight","abductors","strength","true","https://cdn.jsdelivr.net/gh/JahelCuadrado/ExerciseGymGifsDB@v1.1.0/abductors/straight-leg-outer-hip-abductor.gif","","","","","","gif_only"
"6","abs/3-4-sit-up","3 4 Sit Up","bodyweight","abs","strength","true","https://cdn.jsdelivr.net/gh/JahelCuadrado/ExerciseGymGifsDB@v1.1.0/abs/3-4-sit-up.gif","","","","","","gif_only"
"7","abs/45-side-bend","45 Side Bend","bodyweight","abs","strength","true","https://cdn.jsdelivr.net/gh/JahelCuadrado/ExerciseGymGifsDB@v1.1.0/abs/45-side-bend.gif","dumbbell-side-bend","fuzzy(0.50)","https://cdn.jsdelivr.net/gh/bryllim/workout-guide@ba0b709cb20430361b2cb33aaadd20998164a916/packages/workout-guide/assets/dumbbell-side-bend/frame-1.svg","https://cdn.jsdelivr.net/gh/bryllim/workout-guide@ba0b709cb20430361b2cb33aaadd20998164a916/packages/workout-guide/assets/dumbbell-side-bend/frame-2.svg","https://cdn.jsdelivr.net/gh/bryllim/workout-guide@ba0b709cb20430361b2cb33aaadd20998164a916/packages/workout-guide/assets/dumbbell-side-bend/frame-3.svg","both"
"8","abs/air-bike","Air Bike","bodyweight","abs","strength","true","https://cdn.jsdelivr.net/gh/JahelCuadrado/ExerciseGymGifsDB@v1.1.0/abs/air-bike.gif","","","","","","gif_only"
"9","abs/alternate-heel-touchers","Alternate Heel Touchers","bodyweight","abs","strength","true","https://cdn.jsdelivr.net/gh/JahelCuadrado/ExerciseGymGifsDB@v1.1.0/abs/alternate-heel-touchers.gif","","","","","","gif_only"
"10","abs/arm-slingers-hanging-bent-knee-legs","Arm Slingers Hanging Bent Knee Legs","bodyweight","abs","strength","true","https://cdn.jsdelivr.net/gh/JahelCuadrado/ExerciseGymGifsDB@v1.1.0/abs/arm-slingers-hanging-bent-knee-legs.gif","","","","","","gif_only"
"11","abs/arm-slingers-hanging-straight-legs","Arm Slingers Hanging Straight Legs","bodyweight","abs","strength","true","https://cdn.jsdelivr.net/gh/JahelCuadrado/ExerciseGymGifsDB@v1.1.0/abs/arm-slingers-hanging-straight-legs.gif","","","","","","gif_only"
"12","abs/arms-overhead-full-sit-up-male","Arms Overhead Full Sit Up Male","bodyweight","abs","strength","true","https://cdn.jsdelivr.net/gh/JahelCuadrado/ExerciseGymGifsDB@v1.1.0/abs/arms-overhead-full-sit-up-male.gif","","","","","","gif_only"
"13","abs/assisted-hanging-knee-raise-with-throw-down","Assisted Hanging Knee Raise With Throw Down","bodyweight","abs","strength","true","https://cdn.jsdelivr.net/gh/JahelCuadrado/ExerciseGymGifsDB@v1.1.0/abs/assisted-hanging-knee-raise-with-throw-down.gif","hanging-knee-raise","fuzzy(0.50)","https://cdn.jsdelivr.net/gh/bryllim/workout-guide@ba0b709cb20430361b2cb33aaadd20998164a916/packages/workout-guide/assets/hanging-knee-raise/frame-1.svg","https://cdn.jsdelivr.net/gh/bryllim/workout-guide@ba0b709cb20430361b2cb33aaadd20998164a916/packages/workout-guide/assets/hanging-knee-raise/frame-2.svg","https://cdn.jsdelivr.net/gh/bryllim/workout-guide@ba0b709cb20430361b2cb33aaadd20998164a916/packages/workout-guide/assets/hanging-knee-raise/frame-3.svg","both"
"14","abs/assisted-hanging-knee-raise","Assisted Hanging Knee Raise","bodyweight","abs","strength","true","https://cdn.jsdelivr.net/gh/JahelCuadrado/ExerciseGymGifsDB@v1.1.0/abs/assisted-hanging-knee-raise.gif","hanging-knee-raise","exact","https://cdn.jsdelivr.net/gh/bryllim/workout-guide@ba0b709cb20430361b2cb33aaadd20998164a916/packages/workout-guide/assets/hanging-knee-raise/frame-1.svg","https://cdn.jsdelivr.net/gh/bryllim/workout-guide@ba0b709cb20430361b2cb33aaadd20998164a916/packages/workout-guide/assets/hanging-knee-raise/frame-2.svg","https://cdn.jsdelivr.net/gh/bryllim/workout-guide@ba0b709cb20430361b2cb33aaadd20998164a916/packages/workout-guide/assets/hanging-knee-raise/frame-3.svg","both"
"15","abs/assisted-lying-leg-raise-with-lateral-throw-down","Assisted Lying Leg Raise With Lateral Throw Down","bodyweight","abs","strength","true","https://cdn.jsdelivr.net/gh/JahelCuadrado/ExerciseGymGifsDB@v1.1.0/abs/assisted-lying-leg-raise-with-lateral-throw-down.gif","","","","","","gif_only"
"16","abs/assisted-lying-leg-raise-with-throw-down","Assisted Lying Leg Raise With Throw Down","bodyweight","abs","strength","true","https://cdn.jsdelivr.net/gh/JahelCuadrado/ExerciseGymGifsDB@v1.1.0/abs/assisted-lying-leg-raise-with-throw-down.gif","lying-leg-raise","fuzzy(0.50)","https://cdn.jsdelivr.net/gh/bryllim/workout-guide@ba0b709cb20430361b2cb33aaadd20998164a916/packages/workout-guide/assets/lying-leg-raise/frame-1.svg","https://cdn.jsdelivr.net/gh/bryllim/workout-guide@ba0b709cb20430361b2cb33aaadd20998164a916/packages/workout-guide/assets/lying-leg-raise/frame-2.svg","https://cdn.jsdelivr.net/gh/bryllim/workout-guide@ba0b709cb20430361b2cb33aaadd20998164a916/packages/workout-guide/assets/lying-leg-raise/frame-3.svg","both"
"17","abs/assisted-motion-russian-twist","Assisted Motion Russian Twist","bodyweight","abs","strength","true","https://cdn.jsdelivr.net/gh/JahelCuadrado/ExerciseGymGifsDB@v1.1.0/abs/assisted-motion-russian-twist.gif","russian-twist","fuzzy(0.67)","https://cdn.jsdelivr.net/gh/bryllim/workout-guide@ba0b709cb20430361b2cb33aaadd20998164a916/packages/workout-guide/assets/russian-twist/frame-1.svg","https://cdn.jsdelivr.net/gh/bryllim/workout-guide@ba0b709cb20430361b2cb33aaadd20998164a916/packages/workout-guide/assets/russian-twist/frame-2.svg","https://cdn.jsdelivr.net/gh/bryllim/workout-guide@ba0b709cb20430361b2cb33aaadd20998164a916/packages/workout-guide/assets/russian-twist/frame-3.svg","both"
"18","abs/assisted-prone-rectus-femoris-stretch","Assisted Prone Rectus Femoris Stretch","bodyweight","abs","stretching","true","https://cdn.jsdelivr.net/gh/JahelCuadrado/ExerciseGymGifsDB@v1.1.0/abs/assisted-prone-rectus-femoris-stretch.gif","","","","","","gif_only"
"19","abs/assisted-sit-up","Assisted Sit Up","bodyweight","abs","strength","true","https://cdn.jsdelivr.net/gh/JahelCuadrado/ExerciseGymGifsDB@v1.1.0/abs/assisted-sit-up.gif","decline-sit-up","fuzzy(0.67)","https://cdn.jsdelivr.net/gh/bryllim/workout-guide@ba0b709cb20430361b2cb33aaadd20998164a916/packages/workout-guide/assets/decline-sit-up/frame-1.svg","https://cdn.jsdelivr.net/gh/bryllim/workout-guide@ba0b709cb20430361b2cb33aaadd20998164a916/packages/workout-guide/assets/decline-sit-up/frame-2.svg","https://cdn.jsdelivr.net/gh/bryllim/workout-guide@ba0b709cb20430361b2cb33aaadd20998164a916/packages/workout-guide/assets/decline-sit-up/frame-3.svg","both"
"20","abs/band-alternating-v-up","Band Alternating V Up","band","abs","strength","true","https://cdn.jsdelivr.net/gh/JahelCuadrado/ExerciseGymGifsDB@v1.1.0/abs/band-alternating-v-up.gif","v-up","fuzzy(0.67)","https://cdn.jsdelivr.net/gh/bryllim/workout-guide@ba0b709cb20430361b2cb33aaadd20998164a916/packages/workout-guide/assets/v-up/frame-1.svg","https://cdn.jsdelivr.net/gh/bryllim/workout-guide@ba0b709cb20430361b2cb33aaadd20998164a916/packages/workout-guide/assets/v-up/frame-2.svg","https://cdn.jsdelivr.net/gh/bryllim/workout-guide@ba0b709cb20430361b2cb33aaadd20998164a916/packages/workout-guide/assets/v-up/frame-3.svg","both"
"21","abs/band-assisted-wheel-rollerout","Band Assisted Wheel Rollerout","band","abs","strength","true","https://cdn.jsdelivr.net/gh/JahelCuadrado/ExerciseGymGifsDB@v1.1.0/abs/band-assisted-wheel-rollerout.gif","","","","","","gif_only"
"22","abs/band-bicycle-crunch","Band Bicycle Crunch","band","abs","strength","true","https://cdn.jsdelivr.net/gh/JahelCuadrado/ExerciseGymGifsDB@v1.1.0/abs/band-bicycle-crunch.gif","bicycle-crunch","exact","https://cdn.jsdelivr.net/gh/bryllim/workout-guide@ba0b709cb20430361b2cb33aaadd20998164a916/packages/workout-guide/assets/bicycle-crunch/frame-1.svg","https://cdn.jsdelivr.net/gh/bryllim/workout-guide@ba0b709cb20430361b2cb33aaadd20998164a916/packages/workout-guide/assets/bicycle-crunch/frame-2.svg","https://cdn.jsdelivr.net/gh/bryllim/workout-guide@ba0b709cb20430361b2cb33aaadd20998164a916/packages/workout-guide/assets/bicycle-crunch/frame-3.svg","both"
"23","abs/band-horizontal-pallof-press","Band Horizontal Pallof Press","band","abs","strength","true","https://cdn.jsdelivr.net/gh/JahelCuadrado/ExerciseGymGifsDB@v1.1.0/abs/band-horizontal-pallof-press.gif","pallof-press","fuzzy(0.67)","https://cdn.jsdelivr.net/gh/bryllim/workout-guide@ba0b709cb20430361b2cb33aaadd20998164a916/packages/workout-guide/assets/pallof-press/frame-1.svg","https://cdn.jsdelivr.net/gh/bryllim/workout-guide@ba0b709cb20430361b2cb33aaadd20998164a916/packages/workout-guide/assets/pallof-press/frame-2.svg","https://cdn.jsdelivr.net/gh/bryllim/workout-guide@ba0b709cb20430361b2cb33aaadd20998164a916/packages/workout-guide/assets/pallof-press/frame-3.svg","both"
"24","abs/band-jack-knife-sit-up","Band Jack Knife Sit Up","band","abs","strength","true","https://cdn.jsdelivr.net/gh/JahelCuadrado/ExerciseGymGifsDB@v1.1.0/abs/band-jack-knife-sit-up.gif","","","","","","gif_only"
"25","abs/band-kneeling-twisting-crunch","Band Kneeling Twisting Crunch","band","abs","strength","true","https://cdn.jsdelivr.net/gh/JahelCuadrado/ExerciseGymGifsDB@v1.1.0/abs/band-kneeling-twisting-crunch.gif","","","","","","gif_only"
"26","abs/band-lying-straight-leg-raise","Band Lying Straight Leg Raise","band","abs","strength","true","https://cdn.jsdelivr.net/gh/JahelCuadrado/ExerciseGymGifsDB@v1.1.0/abs/band-lying-straight-leg-raise.gif","lying-leg-raise","fuzzy(0.75)","https://cdn.jsdelivr.net/gh/bryllim/workout-guide@ba0b709cb20430361b2cb33aaadd20998164a916/packages/workout-guide/assets/lying-leg-raise/frame-1.svg","https://cdn.jsdelivr.net/gh/bryllim/workout-guide@ba0b709cb20430361b2cb33aaadd20998164a916/packages/workout-guide/assets/lying-leg-raise/frame-2.svg","https://cdn.jsdelivr.net/gh/bryllim/workout-guide@ba0b709cb20430361b2cb33aaadd20998164a916/packages/workout-guide/assets/lying-leg-raise/frame-3.svg","both"
"27","abs/band-push-sit-up","Band Push Sit Up","band","abs","strength","true","https://cdn.jsdelivr.net/gh/JahelCuadrado/ExerciseGymGifsDB@v1.1.0/abs/band-push-sit-up.gif","push-up","fuzzy(0.67)","https://cdn.jsdelivr.net/gh/bryllim/workout-guide@ba0b709cb20430361b2cb33aaadd20998164a916/packages/workout-guide/assets/push-up/frame-1.svg","https://cdn.jsdelivr.net/gh/bryllim/workout-guide@ba0b709cb20430361b2cb33aaadd20998164a916/packages/workout-guide/assets/push-up/frame-2.svg","https://cdn.jsdelivr.net/gh/bryllim/workout-guide@ba0b709cb20430361b2cb33aaadd20998164a916/packages/workout-guide/assets/push-up/frame-3.svg","both"
"28","abs/band-seated-twist","Band Seated Twist","band","abs","strength","true","https://cdn.jsdelivr.net/gh/JahelCuadrado/ExerciseGymGifsDB@v1.1.0/abs/band-seated-twist.gif","","","","","","gif_only"
"29","abs/band-standing-crunch","Band Standing Crunch","band","abs","strength","true","https://cdn.jsdelivr.net/gh/JahelCuadrado/ExerciseGymGifsDB@v1.1.0/abs/band-standing-crunch.gif","crunch","fuzzy(0.50)","https://cdn.jsdelivr.net/gh/bryllim/workout-guide@ba0b709cb20430361b2cb33aaadd20998164a916/packages/workout-guide/assets/crunch/frame-1.svg","https://cdn.jsdelivr.net/gh/bryllim/workout-guide@ba0b709cb20430361b2cb33aaadd20998164a916/packages/workout-guide/assets/crunch/frame-2.svg","https://cdn.jsdelivr.net/gh/bryllim/workout-guide@ba0b709cb20430361b2cb33aaadd20998164a916/packages/workout-guide/assets/crunch/frame-3.svg","both"
"30","abs/band-standing-twisting-crunch","Band Standing Twisting Crunch","band","abs","strength","true","https://cdn.jsdelivr.net/gh/JahelCuadrado/ExerciseGymGifsDB@v1.1.0/abs/band-standing-twisting-crunch.gif","","","","","","gif_only"
"31","abs/band-v-up","Band V Up","band","abs","strength","true","https://cdn.jsdelivr.net/gh/JahelCuadrado/ExerciseGymGifsDB@v1.1.0/abs/band-v-up.gif","v-up","exact","https://cdn.jsdelivr.net/gh/bryllim/workout-guide@ba0b709cb20430361b2cb33aaadd20998164a916/packages/workout-guide/assets/v-up/frame-1.svg","https://cdn.jsdelivr.net/gh/bryllim/workout-guide@ba0b709cb20430361b2cb33aaadd20998164a916/packages/workout-guide/assets/v-up/frame-2.svg","https://cdn.jsdelivr.net/gh/bryllim/workout-guide@ba0b709cb20430361b2cb33aaadd20998164a916/packages/workout-guide/assets/v-up/frame-3.svg","both"
"32","abs/band-vertical-pallof-press","Band Vertical Pallof Press","band","abs","strength","true","https://cdn.jsdelivr.net/gh/JahelCuadrado/ExerciseGymGifsDB@v1.1.0/abs/band-vertical-pallof-press.gif","pallof-press","fuzzy(0.67)","https://cdn.jsdelivr.net/gh/bryllim/workout-guide@ba0b709cb20430361b2cb33aaadd20998164a916/packages/workout-guide/assets/pallof-press/frame-1.svg","https://cdn.jsdelivr.net/gh/bryllim/workout-guide@ba0b709cb20430361b2cb33aaadd20998164a916/packages/workout-guide/assets/pallof-press/frame-2.svg","https://cdn.jsdelivr.net/gh/bryllim/workout-guide@ba0b709cb20430361b2cb33aaadd20998164a916/packages/workout-guide/assets/pallof-press/frame-3.svg","both"
"33","abs/barbell-press-sit-up","Barbell Press Sit Up","barbell","abs","strength","true","https://cdn.jsdelivr.net/gh/JahelCuadrado/ExerciseGymGifsDB@v1.1.0/abs/barbell-press-sit-up.gif","decline-sit-up","fuzzy(0.50)","https://cdn.jsdelivr.net/gh/bryllim/workout-guide@ba0b709cb20430361b2cb33aaadd20998164a916/packages/workout-guide/assets/decline-sit-up/frame-1.svg","https://cdn.jsdelivr.net/gh/bryllim/workout-guide@ba0b709cb20430361b2cb33aaadd20998164a916/packages/workout-guide/assets/decline-sit-up/frame-2.svg","https://cdn.jsdelivr.net/gh/bryllim/workout-guide@ba0b709cb20430361b2cb33aaadd20998164a916/packages/workout-guide/assets/decline-sit-up/frame-3.svg","both"
"34","abs/barbell-rollerout-from-bench","Barbell Rollerout From Bench","barbell","abs","strength","true","https://cdn.jsdelivr.net/gh/JahelCuadrado/ExerciseGymGifsDB@v1.1.0/abs/barbell-rollerout-from-bench.gif","","","","","","gif_only"
"35","abs/barbell-rollerout","Barbell Rollerout","barbell","abs","strength","true","https://cdn.jsdelivr.net/gh/JahelCuadrado/ExerciseGymGifsDB@v1.1.0/abs/barbell-rollerout.gif","","","","","","gif_only"
"36","abs/barbell-seated-twist","Barbell Seated Twist","barbell","abs","strength","true","https://cdn.jsdelivr.net/gh/JahelCuadrado/ExerciseGymGifsDB@v1.1.0/abs/barbell-seated-twist.gif","","","","","","gif_only"
"37","abs/barbell-side-bent-v-2","Barbell Side Bent v2","barbell","abs","strength","true","https://cdn.jsdelivr.net/gh/JahelCuadrado/ExerciseGymGifsDB@v1.1.0/abs/barbell-side-bent-v-2.gif","","","","","","gif_only"
"38","abs/barbell-sitted-alternate-leg-raise-female","Barbell Sitted Alternate Leg Raise Female","barbell","abs","strength","true","https://cdn.jsdelivr.net/gh/JahelCuadrado/ExerciseGymGifsDB@v1.1.0/abs/barbell-sitted-alternate-leg-raise-female.gif","","","","","","gif_only"
"39","abs/barbell-sitted-alternate-leg-raise","Barbell Sitted Alternate Leg Raise","barbell","abs","strength","true","https://cdn.jsdelivr.net/gh/JahelCuadrado/ExerciseGymGifsDB@v1.1.0/abs/barbell-sitted-alternate-leg-raise.gif","","","","","","gif_only"
"40","abs/barbell-standing-ab-rollerout","Barbell Standing Ab Rollerout","barbell","abs","strength","true","https://cdn.jsdelivr.net/gh/JahelCuadrado/ExerciseGymGifsDB@v1.1.0/abs/barbell-standing-ab-rollerout.gif","","","","","","gif_only"
"41","abs/barbell-standing-twist","Barbell Standing Twist","barbell","abs","strength","true","https://cdn.jsdelivr.net/gh/JahelCuadrado/ExerciseGymGifsDB@v1.1.0/abs/barbell-standing-twist.gif","","","","","","gif_only"
"42","abs/bodyweight-incline-side-plank","Bodyweight Incline Side Plank","bodyweight","abs","strength","true","https://cdn.jsdelivr.net/gh/JahelCuadrado/ExerciseGymGifsDB@v1.1.0/abs/bodyweight-incline-side-plank.gif","side-plank","fuzzy(0.67)","https://cdn.jsdelivr.net/gh/bryllim/workout-guide@ba0b709cb20430361b2cb33aaadd20998164a916/packages/workout-guide/assets/side-plank/frame-1.svg","https://cdn.jsdelivr.net/gh/bryllim/workout-guide@ba0b709cb20430361b2cb33aaadd20998164a916/packages/workout-guide/assets/side-plank/frame-2.svg","https://cdn.jsdelivr.net/gh/bryllim/workout-guide@ba0b709cb20430361b2cb33aaadd20998164a916/packages/workout-guide/assets/side-plank/frame-3.svg","both"
"43","abs/bottoms-up","Bottoms Up","bodyweight","abs","strength","true","https://cdn.jsdelivr.net/gh/JahelCuadrado/ExerciseGymGifsDB@v1.1.0/abs/bottoms-up.gif","","","","","","gif_only"
"44","abs/bridge-mountain-climber-cross-body","Bridge Mountain Climber Cross Body","bodyweight","abs","strength","true","https://cdn.jsdelivr.net/gh/JahelCuadrado/ExerciseGymGifsDB@v1.1.0/abs/bridge-mountain-climber-cross-body.gif","","","","","","gif_only"
"45","abs/butt-ups","Butt Ups","bodyweight","abs","strength","true","https://cdn.jsdelivr.net/gh/JahelCuadrado/ExerciseGymGifsDB@v1.1.0/abs/butt-ups.gif","","","","","","gif_only"
"46","abs/cable-judo-flip","Cable Judo Flip","cable","abs","strength","true","https://cdn.jsdelivr.net/gh/JahelCuadrado/ExerciseGymGifsDB@v1.1.0/abs/cable-judo-flip.gif","","","","","","gif_only"
"47","abs/cable-kneeling-crunch","Cable Kneeling Crunch","cable","abs","strength","true","https://cdn.jsdelivr.net/gh/JahelCuadrado/ExerciseGymGifsDB@v1.1.0/abs/cable-kneeling-crunch.gif","crunch","fuzzy(0.50)","https://cdn.jsdelivr.net/gh/bryllim/workout-guide@ba0b709cb20430361b2cb33aaadd20998164a916/packages/workout-guide/assets/crunch/frame-1.svg","https://cdn.jsdelivr.net/gh/bryllim/workout-guide@ba0b709cb20430361b2cb33aaadd20998164a916/packages/workout-guide/assets/crunch/frame-2.svg","https://cdn.jsdelivr.net/gh/bryllim/workout-guide@ba0b709cb20430361b2cb33aaadd20998164a916/packages/workout-guide/assets/crunch/frame-3.svg","both"
"48","abs/cable-reverse-crunch","Cable Reverse Crunch","cable","abs","strength","true","https://cdn.jsdelivr.net/gh/JahelCuadrado/ExerciseGymGifsDB@v1.1.0/abs/cable-reverse-crunch.gif","reverse-crunch","exact","https://cdn.jsdelivr.net/gh/bryllim/workout-guide@ba0b709cb20430361b2cb33aaadd20998164a916/packages/workout-guide/assets/reverse-crunch/frame-1.svg","https://cdn.jsdelivr.net/gh/bryllim/workout-guide@ba0b709cb20430361b2cb33aaadd20998164a916/packages/workout-guide/assets/reverse-crunch/frame-2.svg","https://cdn.jsdelivr.net/gh/bryllim/workout-guide@ba0b709cb20430361b2cb33aaadd20998164a916/packages/workout-guide/assets/reverse-crunch/frame-3.svg","both"
"49","abs/cable-russian-twists-on-stability-ball","Cable Russian Twists On Stability Ball","cable","abs","strength","true","https://cdn.jsdelivr.net/gh/JahelCuadrado/ExerciseGymGifsDB@v1.1.0/abs/cable-russian-twists-on-stability-ball.gif","","","","","","gif_only"
"50","abs/cable-seated-crunch","Cable Seated Crunch","cable","abs","strength","true","https://cdn.jsdelivr.net/gh/JahelCuadrado/ExerciseGymGifsDB@v1.1.0/abs/cable-seated-crunch.gif","crunch","fuzzy(0.50)","https://cdn.jsdelivr.net/gh/bryllim/workout-guide@ba0b709cb20430361b2cb33aaadd20998164a916/packages/workout-guide/assets/crunch/frame-1.svg","https://cdn.jsdelivr.net/gh/bryllim/workout-guide@ba0b709cb20430361b2cb33aaadd20998164a916/packages/workout-guide/assets/crunch/frame-2.svg","https://cdn.jsdelivr.net/gh/bryllim/workout-guide@ba0b709cb20430361b2cb33aaadd20998164a916/packages/workout-guide/assets/crunch/frame-3.svg","both"
"51","abs/cable-seated-twist","Cable Seated Twist","cable","abs","strength","true","https://cdn.jsdelivr.net/gh/JahelCuadrado/ExerciseGymGifsDB@v1.1.0/abs/cable-seated-twist.gif","","","","","","gif_only"
"52","abs/cable-side-bend-crunch-bosu-ball","Cable Side Bend Crunch Bosu Ball","cable","abs","strength","true","https://cdn.jsdelivr.net/gh/JahelCuadrado/ExerciseGymGifsDB@v1.1.0/abs/cable-side-bend-crunch-bosu-ball.gif","","","","","","gif_only"
"53","abs/cable-side-bend","Cable Side Bend","cable","abs","strength","true","https://cdn.jsdelivr.net/gh/JahelCuadrado/ExerciseGymGifsDB@v1.1.0/abs/cable-side-bend.gif","dumbbell-side-bend","fuzzy(0.67)","https://cdn.jsdelivr.net/gh/bryllim/workout-guide@ba0b709cb20430361b2cb33aaadd20998164a916/packages/workout-guide/assets/dumbbell-side-bend/frame-1.svg","https://cdn.jsdelivr.net/gh/bryllim/workout-guide@ba0b709cb20430361b2cb33aaadd20998164a916/packages/workout-guide/assets/dumbbell-side-bend/frame-2.svg","https://cdn.jsdelivr.net/gh/bryllim/workout-guide@ba0b709cb20430361b2cb33aaadd20998164a916/packages/workout-guide/assets/dumbbell-side-bend/frame-3.svg","both"
"54","abs/cable-side-crunch","Cable Side Crunch","cable","abs","strength","true","https://cdn.jsdelivr.net/gh/JahelCuadrado/ExerciseGymGifsDB@v1.1.0/abs/cable-side-crunch.gif","crunch","fuzzy(0.50)","https://cdn.jsdelivr.net/gh/bryllim/workout-guide@ba0b709cb20430361b2cb33aaadd20998164a916/packages/workout-guide/assets/crunch/frame-1.svg","https://cdn.jsdelivr.net/gh/bryllim/workout-guide@ba0b709cb20430361b2cb33aaadd20998164a916/packages/workout-guide/assets/crunch/frame-2.svg","https://cdn.jsdelivr.net/gh/bryllim/workout-guide@ba0b709cb20430361b2cb33aaadd20998164a916/packages/workout-guide/assets/crunch/frame-3.svg","both"
"55","abs/cable-standing-crunch-with-rope-attachment","Cable Standing Crunch With Rope Attachment","cable","abs","strength","true","https://cdn.jsdelivr.net/gh/JahelCuadrado/ExerciseGymGifsDB@v1.1.0/abs/cable-standing-crunch-with-rope-attachment.gif","","","","","","gif_only"
"56","abs/cable-standing-crunch","Cable Standing Crunch","cable","abs","strength","true","https://cdn.jsdelivr.net/gh/JahelCuadrado/ExerciseGymGifsDB@v1.1.0/abs/cable-standing-crunch.gif","crunch","fuzzy(0.50)","https://cdn.jsdelivr.net/gh/bryllim/workout-guide@ba0b709cb20430361b2cb33aaadd20998164a916/packages/workout-guide/assets/crunch/frame-1.svg","https://cdn.jsdelivr.net/gh/bryllim/workout-guide@ba0b709cb20430361b2cb33aaadd20998164a916/packages/workout-guide/assets/crunch/frame-2.svg","https://cdn.jsdelivr.net/gh/bryllim/workout-guide@ba0b709cb20430361b2cb33aaadd20998164a916/packages/workout-guide/assets/crunch/frame-3.svg","both"
"57","abs/cable-standing-lift","Cable Standing Lift","cable","abs","strength","true","https://cdn.jsdelivr.net/gh/JahelCuadrado/ExerciseGymGifsDB@v1.1.0/abs/cable-standing-lift.gif","","","","","","gif_only"
"58","abs/cable-tuck-reverse-crunch","Cable Tuck Reverse Crunch","cable","abs","strength","true","https://cdn.jsdelivr.net/gh/JahelCuadrado/ExerciseGymGifsDB@v1.1.0/abs/cable-tuck-reverse-crunch.gif","reverse-crunch","fuzzy(0.67)","https://cdn.jsdelivr.net/gh/bryllim/workout-guide@ba0b709cb20430361b2cb33aaadd20998164a916/packages/workout-guide/assets/reverse-crunch/frame-1.svg","https://cdn.jsdelivr.net/gh/bryllim/workout-guide@ba0b709cb20430361b2cb33aaadd20998164a916/packages/workout-guide/assets/reverse-crunch/frame-2.svg","https://cdn.jsdelivr.net/gh/bryllim/workout-guide@ba0b709cb20430361b2cb33aaadd20998164a916/packages/workout-guide/assets/reverse-crunch/frame-3.svg","both"
"59","abs/cable-twist-up-down","Cable Twist Up Down","cable","abs","strength","true","https://cdn.jsdelivr.net/gh/JahelCuadrado/ExerciseGymGifsDB@v1.1.0/abs/cable-twist-up-down.gif","","","","","","gif_only"
"60","abs/cable-twist","Cable Twist","cable","abs","strength","true","https://cdn.jsdelivr.net/gh/JahelCuadrado/ExerciseGymGifsDB@v1.1.0/abs/cable-twist.gif","russian-twist","fuzzy(0.50)","https://cdn.jsdelivr.net/gh/bryllim/workout-guide@ba0b709cb20430361b2cb33aaadd20998164a916/packages/workout-guide/assets/russian-twist/frame-1.svg","https://cdn.jsdelivr.net/gh/bryllim/workout-guide@ba0b709cb20430361b2cb33aaadd20998164a916/packages/workout-guide/assets/russian-twist/frame-2.svg","https://cdn.jsdelivr.net/gh/bryllim/workout-guide@ba0b709cb20430361b2cb33aaadd20998164a916/packages/workout-guide/assets/russian-twist/frame-3.svg","both"
"61","abs/captains-chair-straight-leg-raise","Captains Chair Straight Leg Raise","bodyweight","abs","strength","true","https://cdn.jsdelivr.net/gh/JahelCuadrado/ExerciseGymGifsDB@v1.1.0/abs/captains-chair-straight-leg-raise.gif","","","","","","gif_only"
"62","abs/cocoons","Cocoons","bodyweight","abs","strength","true","https://cdn.jsdelivr.net/gh/JahelCuadrado/ExerciseGymGifsDB@v1.1.0/abs/cocoons.gif","","","","","","gif_only"
"63","abs/crab-twist-toe-touch","Crab Twist Toe Touch","bodyweight","abs","strength","true","https://cdn.jsdelivr.net/gh/JahelCuadrado/ExerciseGymGifsDB@v1.1.0/abs/crab-twist-toe-touch.gif","toe-touch","fuzzy(0.50)","https://cdn.jsdelivr.net/gh/bryllim/workout-guide@ba0b709cb20430361b2cb33aaadd20998164a916/packages/workout-guide/assets/toe-touch/frame-1.svg","https://cdn.jsdelivr.net/gh/bryllim/workout-guide@ba0b709cb20430361b2cb33aaadd20998164a916/packages/workout-guide/assets/toe-touch/frame-2.svg","https://cdn.jsdelivr.net/gh/bryllim/workout-guide@ba0b709cb20430361b2cb33aaadd20998164a916/packages/workout-guide/assets/toe-touch/frame-3.svg","both"
"64","abs/cross-body-crunch","Cross Body Crunch","bodyweight","abs","strength","true","https://cdn.jsdelivr.net/gh/JahelCuadrado/ExerciseGymGifsDB@v1.1.0/abs/cross-body-crunch.gif","","","","","","gif_only"
"65","abs/crunch-floor","Crunch Floor","bodyweight","abs","strength","true","https://cdn.jsdelivr.net/gh/JahelCuadrado/ExerciseGymGifsDB@v1.1.0/abs/crunch-floor.gif","crunch","fuzzy(0.50)","https://cdn.jsdelivr.net/gh/bryllim/workout-guide@ba0b709cb20430361b2cb33aaadd20998164a916/packages/workout-guide/assets/crunch/frame-1.svg","https://cdn.jsdelivr.net/gh/bryllim/workout-guide@ba0b709cb20430361b2cb33aaadd20998164a916/packages/workout-guide/assets/crunch/frame-2.svg","https://cdn.jsdelivr.net/gh/bryllim/workout-guide@ba0b709cb20430361b2cb33aaadd20998164a916/packages/workout-guide/assets/crunch/frame-3.svg","both"
"66","abs/crunch-hands-overhead","Crunch Hands Overhead","bodyweight","abs","strength","true","https://cdn.jsdelivr.net/gh/JahelCuadrado/ExerciseGymGifsDB@v1.1.0/abs/crunch-hands-overhead.gif","","","","","","gif_only"
"67","abs/crunch-on-stability-ball-arms-straight","Crunch On Stability Ball Arms Straight","bodyweight","abs","strength","true","https://cdn.jsdelivr.net/gh/JahelCuadrado/ExerciseGymGifsDB@v1.1.0/abs/crunch-on-stability-ball-arms-straight.gif","","","","","","gif_only"
"68","abs/crunch-on-stability-ball","Crunch On Stability Ball","bodyweight","abs","strength","true","https://cdn.jsdelivr.net/gh/JahelCuadrado/ExerciseGymGifsDB@v1.1.0/abs/crunch-on-stability-ball.gif","","","","","","gif_only"
"69","abs/curl-up","Curl Up","bodyweight","abs","strength","true","https://cdn.jsdelivr.net/gh/JahelCuadrado/ExerciseGymGifsDB@v1.1.0/abs/curl-up.gif","","","","","","gif_only"
"70","abs/dead-bug","Dead Bug","bodyweight","abs","strength","true","https://cdn.jsdelivr.net/gh/JahelCuadrado/ExerciseGymGifsDB@v1.1.0/abs/dead-bug.gif","dead-bug","exact","https://cdn.jsdelivr.net/gh/bryllim/workout-guide@ba0b709cb20430361b2cb33aaadd20998164a916/packages/workout-guide/assets/dead-bug/frame-1.svg","https://cdn.jsdelivr.net/gh/bryllim/workout-guide@ba0b709cb20430361b2cb33aaadd20998164a916/packages/workout-guide/assets/dead-bug/frame-2.svg","https://cdn.jsdelivr.net/gh/bryllim/workout-guide@ba0b709cb20430361b2cb33aaadd20998164a916/packages/workout-guide/assets/dead-bug/frame-3.svg","both"
"71","abs/decline-crunch","Decline Crunch","bodyweight","abs","strength","true","https://cdn.jsdelivr.net/gh/JahelCuadrado/ExerciseGymGifsDB@v1.1.0/abs/decline-crunch.gif","crunch","fuzzy(0.50)","https://cdn.jsdelivr.net/gh/bryllim/workout-guide@ba0b709cb20430361b2cb33aaadd20998164a916/packages/workout-guide/assets/crunch/frame-1.svg","https://cdn.jsdelivr.net/gh/bryllim/workout-guide@ba0b709cb20430361b2cb33aaadd20998164a916/packages/workout-guide/assets/crunch/frame-2.svg","https://cdn.jsdelivr.net/gh/bryllim/workout-guide@ba0b709cb20430361b2cb33aaadd20998164a916/packages/workout-guide/assets/crunch/frame-3.svg","both"
"72","abs/decline-sit-up","Decline Sit Up","bodyweight","abs","strength","true","https://cdn.jsdelivr.net/gh/JahelCuadrado/ExerciseGymGifsDB@v1.1.0/abs/decline-sit-up.gif","decline-sit-up","exact","https://cdn.jsdelivr.net/gh/bryllim/workout-guide@ba0b709cb20430361b2cb33aaadd20998164a916/packages/workout-guide/assets/decline-sit-up/frame-1.svg","https://cdn.jsdelivr.net/gh/bryllim/workout-guide@ba0b709cb20430361b2cb33aaadd20998164a916/packages/workout-guide/assets/decline-sit-up/frame-2.svg","https://cdn.jsdelivr.net/gh/bryllim/workout-guide@ba0b709cb20430361b2cb33aaadd20998164a916/packages/workout-guide/assets/decline-sit-up/frame-3.svg","both"
"73","abs/dumbbell-side-bend","Dumbbell Side Bend","dumbbell","abs","strength","true","https://cdn.jsdelivr.net/gh/JahelCuadrado/ExerciseGymGifsDB@v1.1.0/abs/dumbbell-side-bend.gif","dumbbell-side-bend","exact","https://cdn.jsdelivr.net/gh/bryllim/workout-guide@ba0b709cb20430361b2cb33aaadd20998164a916/packages/workout-guide/assets/dumbbell-side-bend/frame-1.svg","https://cdn.jsdelivr.net/gh/bryllim/workout-guide@ba0b709cb20430361b2cb33aaadd20998164a916/packages/workout-guide/assets/dumbbell-side-bend/frame-2.svg","https://cdn.jsdelivr.net/gh/bryllim/workout-guide@ba0b709cb20430361b2cb33aaadd20998164a916/packages/workout-guide/assets/dumbbell-side-bend/frame-3.svg","both"
"74","abs/elbow-to-knee","Elbow To Knee","bodyweight","abs","strength","true","https://cdn.jsdelivr.net/gh/JahelCuadrado/ExerciseGymGifsDB@v1.1.0/abs/elbow-to-knee.gif","","","","","","gif_only"
"75","abs/flag","Flag","bodyweight","abs","strength","true","https://cdn.jsdelivr.net/gh/JahelCuadrado/ExerciseGymGifsDB@v1.1.0/abs/flag.gif","dragon-flag","fuzzy(0.50)","https://cdn.jsdelivr.net/gh/bryllim/workout-guide@ba0b709cb20430361b2cb33aaadd20998164a916/packages/workout-guide/assets/dragon-flag/frame-1.svg","https://cdn.jsdelivr.net/gh/bryllim/workout-guide@ba0b709cb20430361b2cb33aaadd20998164a916/packages/workout-guide/assets/dragon-flag/frame-2.svg","https://cdn.jsdelivr.net/gh/bryllim/workout-guide@ba0b709cb20430361b2cb33aaadd20998164a916/packages/workout-guide/assets/dragon-flag/frame-3.svg","both"
"76","abs/flexion-leg-sit-up-bent-knee","Flexion Leg Sit Up Bent Knee","bodyweight","abs","strength","true","https://cdn.jsdelivr.net/gh/JahelCuadrado/ExerciseGymGifsDB@v1.1.0/abs/flexion-leg-sit-up-bent-knee.gif","","","","","","gif_only"
"77","abs/flexion-leg-sit-up-straight-arm","Flexion Leg Sit Up Straight Arm","bodyweight","abs","strength","true","https://cdn.jsdelivr.net/gh/JahelCuadrado/ExerciseGymGifsDB@v1.1.0/abs/flexion-leg-sit-up-straight-arm.gif","","","","","","gif_only"
"78","abs/frog-crunch","Frog Crunch","bodyweight","abs","strength","true","https://cdn.jsdelivr.net/gh/JahelCuadrado/ExerciseGymGifsDB@v1.1.0/abs/frog-crunch.gif","crunch","fuzzy(0.50)","https://cdn.jsdelivr.net/gh/bryllim/workout-guide@ba0b709cb20430361b2cb33aaadd20998164a916/packages/workout-guide/assets/crunch/frame-1.svg","https://cdn.jsdelivr.net/gh/bryllim/workout-guide@ba0b709cb20430361b2cb33aaadd20998164a916/packages/workout-guide/assets/crunch/frame-2.svg","https://cdn.jsdelivr.net/gh/bryllim/workout-guide@ba0b709cb20430361b2cb33aaadd20998164a916/packages/workout-guide/assets/crunch/frame-3.svg","both"
"79","abs/frog-planche","Frog Planche","bodyweight","abs","strength","true","https://cdn.jsdelivr.net/gh/JahelCuadrado/ExerciseGymGifsDB@v1.1.0/abs/frog-planche.gif","","","","","","gif_only"
"80","abs/front-lever","Front Lever","lever","abs","strength","true","https://cdn.jsdelivr.net/gh/JahelCuadrado/ExerciseGymGifsDB@v1.1.0/abs/front-lever.gif","front-raise","fuzzy(0.50)","https://cdn.jsdelivr.net/gh/bryllim/workout-guide@ba0b709cb20430361b2cb33aaadd20998164a916/packages/workout-guide/assets/front-raise/frame-1.svg","https://cdn.jsdelivr.net/gh/bryllim/workout-guide@ba0b709cb20430361b2cb33aaadd20998164a916/packages/workout-guide/assets/front-raise/frame-2.svg","https://cdn.jsdelivr.net/gh/bryllim/workout-guide@ba0b709cb20430361b2cb33aaadd20998164a916/packages/workout-guide/assets/front-raise/frame-3.svg","both"
"81","abs/front-plank-with-twist","Front Plank With Twist","bodyweight","abs","strength","true","https://cdn.jsdelivr.net/gh/JahelCuadrado/ExerciseGymGifsDB@v1.1.0/abs/front-plank-with-twist.gif","","","","","","gif_only"
"82","abs/full-maltese","Full Maltese","bodyweight","abs","strength","true","https://cdn.jsdelivr.net/gh/JahelCuadrado/ExerciseGymGifsDB@v1.1.0/abs/full-maltese.gif","","","","","","gif_only"
"83","abs/full-planche","Full Planche","bodyweight","abs","strength","true","https://cdn.jsdelivr.net/gh/JahelCuadrado/ExerciseGymGifsDB@v1.1.0/abs/full-planche.gif","","","","","","gif_only"
"84","abs/gorilla-chin","Gorilla Chin","bodyweight","abs","strength","true","https://cdn.jsdelivr.net/gh/JahelCuadrado/ExerciseGymGifsDB@v1.1.0/abs/gorilla-chin.gif","","","","","","gif_only"
"85","abs/groin-crunch","Groin Crunch","bodyweight","abs","strength","true","https://cdn.jsdelivr.net/gh/JahelCuadrado/ExerciseGymGifsDB@v1.1.0/abs/groin-crunch.gif","crunch","fuzzy(0.50)","https://cdn.jsdelivr.net/gh/bryllim/workout-guide@ba0b709cb20430361b2cb33aaadd20998164a916/packages/workout-guide/assets/crunch/frame-1.svg","https://cdn.jsdelivr.net/gh/bryllim/workout-guide@ba0b709cb20430361b2cb33aaadd20998164a916/packages/workout-guide/assets/crunch/frame-2.svg","https://cdn.jsdelivr.net/gh/bryllim/workout-guide@ba0b709cb20430361b2cb33aaadd20998164a916/packages/workout-guide/assets/crunch/frame-3.svg","both"
"86","abs/half-sit-up-male","Half Sit Up Male","bodyweight","abs","strength","true","https://cdn.jsdelivr.net/gh/JahelCuadrado/ExerciseGymGifsDB@v1.1.0/abs/half-sit-up-male.gif","","","","","","gif_only"
"87","abs/hanging-leg-hip-raise","Hanging Leg Hip Raise","bodyweight","abs","strength","true","https://cdn.jsdelivr.net/gh/JahelCuadrado/ExerciseGymGifsDB@v1.1.0/abs/hanging-leg-hip-raise.gif","hanging-leg-raise","fuzzy(0.75)","https://cdn.jsdelivr.net/gh/bryllim/workout-guide@ba0b709cb20430361b2cb33aaadd20998164a916/packages/workout-guide/assets/hanging-leg-raise/frame-1.svg","https://cdn.jsdelivr.net/gh/bryllim/workout-guide@ba0b709cb20430361b2cb33aaadd20998164a916/packages/workout-guide/assets/hanging-leg-raise/frame-2.svg","https://cdn.jsdelivr.net/gh/bryllim/workout-guide@ba0b709cb20430361b2cb33aaadd20998164a916/packages/workout-guide/assets/hanging-leg-raise/frame-3.svg","both"
"88","abs/hanging-leg-raise","Hanging Leg Raise","bodyweight","abs","strength","true","https://cdn.jsdelivr.net/gh/JahelCuadrado/ExerciseGymGifsDB@v1.1.0/abs/hanging-leg-raise.gif","hanging-leg-raise","exact","https://cdn.jsdelivr.net/gh/bryllim/workout-guide@ba0b709cb20430361b2cb33aaadd20998164a916/packages/workout-guide/assets/hanging-leg-raise/frame-1.svg","https://cdn.jsdelivr.net/gh/bryllim/workout-guide@ba0b709cb20430361b2cb33aaadd20998164a916/packages/workout-guide/assets/hanging-leg-raise/frame-2.svg","https://cdn.jsdelivr.net/gh/bryllim/workout-guide@ba0b709cb20430361b2cb33aaadd20998164a916/packages/workout-guide/assets/hanging-leg-raise/frame-3.svg","both"
"89","abs/hanging-oblique-knee-raise","Hanging Oblique Knee Raise","bodyweight","abs","strength","true","https://cdn.jsdelivr.net/gh/JahelCuadrado/ExerciseGymGifsDB@v1.1.0/abs/hanging-oblique-knee-raise.gif","hanging-knee-raise","fuzzy(0.75)","https://cdn.jsdelivr.net/gh/bryllim/workout-guide@ba0b709cb20430361b2cb33aaadd20998164a916/packages/workout-guide/assets/hanging-knee-raise/frame-1.svg","https://cdn.jsdelivr.net/gh/bryllim/workout-guide@ba0b709cb20430361b2cb33aaadd20998164a916/packages/workout-guide/assets/hanging-knee-raise/frame-2.svg","https://cdn.jsdelivr.net/gh/bryllim/workout-guide@ba0b709cb20430361b2cb33aaadd20998164a916/packages/workout-guide/assets/hanging-knee-raise/frame-3.svg","both"
"90","abs/hanging-pike","Hanging Pike","bodyweight","abs","strength","true","https://cdn.jsdelivr.net/gh/JahelCuadrado/ExerciseGymGifsDB@v1.1.0/abs/hanging-pike.gif","","","","","","gif_only"
"91","abs/hanging-straight-leg-hip-raise","Hanging Straight Leg Hip Raise","bodyweight","abs","strength","true","https://cdn.jsdelivr.net/gh/JahelCuadrado/ExerciseGymGifsDB@v1.1.0/abs/hanging-straight-leg-hip-raise.gif","hanging-leg-raise","fuzzy(0.60)","https://cdn.jsdelivr.net/gh/bryllim/workout-guide@ba0b709cb20430361b2cb33aaadd20998164a916/packages/workout-guide/assets/hanging-leg-raise/frame-1.svg","https://cdn.jsdelivr.net/gh/bryllim/workout-guide@ba0b709cb20430361b2cb33aaadd20998164a916/packages/workout-guide/assets/hanging-leg-raise/frame-2.svg","https://cdn.jsdelivr.net/gh/bryllim/workout-guide@ba0b709cb20430361b2cb33aaadd20998164a916/packages/workout-guide/assets/hanging-leg-raise/frame-3.svg","both"
"92","abs/hanging-straight-leg-raise","Hanging Straight Leg Raise","bodyweight","abs","strength","true","https://cdn.jsdelivr.net/gh/JahelCuadrado/ExerciseGymGifsDB@v1.1.0/abs/hanging-straight-leg-raise.gif","hanging-leg-raise","fuzzy(0.75)","https://cdn.jsdelivr.net/gh/bryllim/workout-guide@ba0b709cb20430361b2cb33aaadd20998164a916/packages/workout-guide/assets/hanging-leg-raise/frame-1.svg","https://cdn.jsdelivr.net/gh/bryllim/workout-guide@ba0b709cb20430361b2cb33aaadd20998164a916/packages/workout-guide/assets/hanging-leg-raise/frame-2.svg","https://cdn.jsdelivr.net/gh/bryllim/workout-guide@ba0b709cb20430361b2cb33aaadd20998164a916/packages/workout-guide/assets/hanging-leg-raise/frame-3.svg","both"
"93","abs/hanging-straight-twisting-leg-hip-raise","Hanging Straight Twisting Leg Hip Raise","bodyweight","abs","strength","true","https://cdn.jsdelivr.net/gh/JahelCuadrado/ExerciseGymGifsDB@v1.1.0/abs/hanging-straight-twisting-leg-hip-raise.gif","hanging-leg-raise","fuzzy(0.50)","https://cdn.jsdelivr.net/gh/bryllim/workout-guide@ba0b709cb20430361b2cb33aaadd20998164a916/packages/workout-guide/assets/hanging-leg-raise/frame-1.svg","https://cdn.jsdelivr.net/gh/bryllim/workout-guide@ba0b709cb20430361b2cb33aaadd20998164a916/packages/workout-guide/assets/hanging-leg-raise/frame-2.svg","https://cdn.jsdelivr.net/gh/bryllim/workout-guide@ba0b709cb20430361b2cb33aaadd20998164a916/packages/workout-guide/assets/hanging-leg-raise/frame-3.svg","both"
"94","abs/hip-raise-bent-knee","Hip Raise Bent Knee","bodyweight","abs","strength","true","https://cdn.jsdelivr.net/gh/JahelCuadrado/ExerciseGymGifsDB@v1.1.0/abs/hip-raise-bent-knee.gif","","","","","","gif_only"
"95","abs/inchworm-v-2","Inchworm v2","bodyweight","abs","strength","true","https://cdn.jsdelivr.net/gh/JahelCuadrado/ExerciseGymGifsDB@v1.1.0/abs/inchworm-v-2.gif","inchworm","fuzzy(0.50)","https://cdn.jsdelivr.net/gh/bryllim/workout-guide@ba0b709cb20430361b2cb33aaadd20998164a916/packages/workout-guide/assets/inchworm/frame-1.svg","https://cdn.jsdelivr.net/gh/bryllim/workout-guide@ba0b709cb20430361b2cb33aaadd20998164a916/packages/workout-guide/assets/inchworm/frame-2.svg","https://cdn.jsdelivr.net/gh/bryllim/workout-guide@ba0b709cb20430361b2cb33aaadd20998164a916/packages/workout-guide/assets/inchworm/frame-3.svg","both"
"96","abs/inchworm","Inchworm","bodyweight","abs","strength","true","https://cdn.jsdelivr.net/gh/JahelCuadrado/ExerciseGymGifsDB@v1.1.0/abs/inchworm.gif","inchworm","exact","https://cdn.jsdelivr.net/gh/bryllim/workout-guide@ba0b709cb20430361b2cb33aaadd20998164a916/packages/workout-guide/assets/inchworm/frame-1.svg","https://cdn.jsdelivr.net/gh/bryllim/workout-guide@ba0b709cb20430361b2cb33aaadd20998164a916/packages/workout-guide/assets/inchworm/frame-2.svg","https://cdn.jsdelivr.net/gh/bryllim/workout-guide@ba0b709cb20430361b2cb33aaadd20998164a916/packages/workout-guide/assets/inchworm/frame-3.svg","both"
"97","abs/incline-leg-hip-raise-leg-straight","Incline Leg Hip Raise Leg Straight","bodyweight","abs","strength","true","https://cdn.jsdelivr.net/gh/JahelCuadrado/ExerciseGymGifsDB@v1.1.0/abs/incline-leg-hip-raise-leg-straight.gif","","","","","","gif_only"
"98","abs/incline-twisting-sit-up","Incline Twisting Sit Up","bodyweight","abs","strength","true","https://cdn.jsdelivr.net/gh/JahelCuadrado/ExerciseGymGifsDB@v1.1.0/abs/incline-twisting-sit-up.gif","","","","","","gif_only"
"99","abs/jackknife-sit-up","Jackknife Sit Up","bodyweight","abs","strength","true","https://cdn.jsdelivr.net/gh/JahelCuadrado/ExerciseGymGifsDB@v1.1.0/abs/jackknife-sit-up.gif","decline-sit-up","fuzzy(0.50)","https://cdn.jsdelivr.net/gh/bryllim/workout-guide@ba0b709cb20430361b2cb33aaadd20998164a916/packages/workout-guide/assets/decline-sit-up/frame-1.svg","https://cdn.jsdelivr.net/gh/bryllim/workout-guide@ba0b709cb20430361b2cb33aaadd20998164a916/packages/workout-guide/assets/decline-sit-up/frame-2.svg","https://cdn.jsdelivr.net/gh/bryllim/workout-guide@ba0b709cb20430361b2cb33aaadd20998164a916/packages/workout-guide/assets/decline-sit-up/frame-3.svg","both"
"100","abs/janda-sit-up","Janda Sit Up","bodyweight","abs","strength","true","https://cdn.jsdelivr.net/gh/JahelCuadrado/ExerciseGymGifsDB@v1.1.0/abs/janda-sit-up.gif","decline-sit-up","fuzzy(0.50)","https://cdn.jsdelivr.net/gh/bryllim/workout-guide@ba0b709cb20430361b2cb33aaadd20998164a916/packages/workout-guide/assets/decline-sit-up/frame-1.svg","https://cdn.jsdelivr.net/gh/bryllim/workout-guide@ba0b709cb20430361b2cb33aaadd20998164a916/packages/workout-guide/assets/decline-sit-up/frame-2.svg","https://cdn.jsdelivr.net/gh/bryllim/workout-guide@ba0b709cb20430361b2cb33aaadd20998164a916/packages/workout-guide/assets/decline-sit-up/frame-3.svg","both"
"101","abs/kettlebell-advanced-windmill","Kettlebell Advanced Windmill","kettlebell","abs","strength","true","https://cdn.jsdelivr.net/gh/JahelCuadrado/ExerciseGymGifsDB@v1.1.0/abs/kettlebell-advanced-windmill.gif","","","","","","gif_only"
"102","abs/kettlebell-bent-press","Kettlebell Bent Press","kettlebell","abs","strength","true","https://cdn.jsdelivr.net/gh/JahelCuadrado/ExerciseGymGifsDB@v1.1.0/abs/kettlebell-bent-press.gif","","","","","","gif_only"
"103","abs/kettlebell-double-windmill","Kettlebell Double Windmill","kettlebell","abs","strength","true","https://cdn.jsdelivr.net/gh/JahelCuadrado/ExerciseGymGifsDB@v1.1.0/abs/kettlebell-double-windmill.gif","","","","","","gif_only"
"104","abs/kettlebell-figure-8","Kettlebell Figure 8","kettlebell","abs","strength","true","https://cdn.jsdelivr.net/gh/JahelCuadrado/ExerciseGymGifsDB@v1.1.0/abs/kettlebell-figure-8.gif","","","","","","gif_only"
"105","abs/kettlebell-windmill","Kettlebell Windmill","kettlebell","abs","strength","true","https://cdn.jsdelivr.net/gh/JahelCuadrado/ExerciseGymGifsDB@v1.1.0/abs/kettlebell-windmill.gif","","","","","","gif_only"
"106","abs/knee-touch-crunch","Knee Touch Crunch","bodyweight","abs","strength","true","https://cdn.jsdelivr.net/gh/JahelCuadrado/ExerciseGymGifsDB@v1.1.0/abs/knee-touch-crunch.gif","","","","","","gif_only"
"107","abs/kneeling-plank-tap-shoulder-male","Kneeling Plank Tap Shoulder Male","bodyweight","abs","strength","true","https://cdn.jsdelivr.net/gh/JahelCuadrado/ExerciseGymGifsDB@v1.1.0/abs/kneeling-plank-tap-shoulder-male.gif","plank-shoulder-tap","fuzzy(0.60)","https://cdn.jsdelivr.net/gh/bryllim/workout-guide@ba0b709cb20430361b2cb33aaadd20998164a916/packages/workout-guide/assets/plank-shoulder-tap/frame-1.svg","https://cdn.jsdelivr.net/gh/bryllim/workout-guide@ba0b709cb20430361b2cb33aaadd20998164a916/packages/workout-guide/assets/plank-shoulder-tap/frame-2.svg","https://cdn.jsdelivr.net/gh/bryllim/workout-guide@ba0b709cb20430361b2cb33aaadd20998164a916/packages/workout-guide/assets/plank-shoulder-tap/frame-3.svg","both"
"108","abs/l-sit-on-floor","L Sit On Floor","bodyweight","abs","strength","true","https://cdn.jsdelivr.net/gh/JahelCuadrado/ExerciseGymGifsDB@v1.1.0/abs/l-sit-on-floor.gif","","","","","","gif_only"
"109","abs/landmine-180","Landmine 180","barbell","abs","strength","true","https://cdn.jsdelivr.net/gh/JahelCuadrado/ExerciseGymGifsDB@v1.1.0/abs/landmine-180.gif","","","","","","gif_only"
"110","abs/lean-planche","Lean Planche","bodyweight","abs","strength","true","https://cdn.jsdelivr.net/gh/JahelCuadrado/ExerciseGymGifsDB@v1.1.0/abs/lean-planche.gif","","","","","","gif_only"
"111","abs/leg-pull-in-flat-bench","Leg Pull In Flat Bench","bodyweight","abs","strength","true","https://cdn.jsdelivr.net/gh/JahelCuadrado/ExerciseGymGifsDB@v1.1.0/abs/leg-pull-in-flat-bench.gif","","","","","","gif_only"
"112","abs/lever-kneeling-twist","Lever Kneeling Twist","lever","abs","strength","true","https://cdn.jsdelivr.net/gh/JahelCuadrado/ExerciseGymGifsDB@v1.1.0/abs/lever-kneeling-twist.gif","","","","","","gif_only"
"113","abs/lever-seated-crunch-chest-pad","Lever Seated Crunch Chest Pad","lever","abs","strength","true","https://cdn.jsdelivr.net/gh/JahelCuadrado/ExerciseGymGifsDB@v1.1.0/abs/lever-seated-crunch-chest-pad.gif","","","","","","gif_only"
"114","abs/lever-seated-crunch-v-2","Lever Seated Crunch v2","lever","abs","strength","true","https://cdn.jsdelivr.net/gh/JahelCuadrado/ExerciseGymGifsDB@v1.1.0/abs/lever-seated-crunch-v-2.gif","","","","","","gif_only"
"115","abs/lever-seated-crunch","Lever Seated Crunch","lever","abs","strength","true","https://cdn.jsdelivr.net/gh/JahelCuadrado/ExerciseGymGifsDB@v1.1.0/abs/lever-seated-crunch.gif","crunch","fuzzy(0.50)","https://cdn.jsdelivr.net/gh/bryllim/workout-guide@ba0b709cb20430361b2cb33aaadd20998164a916/packages/workout-guide/assets/crunch/frame-1.svg","https://cdn.jsdelivr.net/gh/bryllim/workout-guide@ba0b709cb20430361b2cb33aaadd20998164a916/packages/workout-guide/assets/crunch/frame-2.svg","https://cdn.jsdelivr.net/gh/bryllim/workout-guide@ba0b709cb20430361b2cb33aaadd20998164a916/packages/workout-guide/assets/crunch/frame-3.svg","both"
"116","abs/lever-seated-leg-raise-crunch","Lever Seated Leg Raise Crunch","lever","abs","strength","true","https://cdn.jsdelivr.net/gh/JahelCuadrado/ExerciseGymGifsDB@v1.1.0/abs/lever-seated-leg-raise-crunch.gif","","","","","","gif_only"
"117","abs/lunge-with-twist","Lunge With Twist","bodyweight","abs","strength","true","https://cdn.jsdelivr.net/gh/JahelCuadrado/ExerciseGymGifsDB@v1.1.0/abs/lunge-with-twist.gif","","","","","","gif_only"
"118","abs/lying-elbow-to-knee","Lying Elbow To Knee","bodyweight","abs","strength","true","https://cdn.jsdelivr.net/gh/JahelCuadrado/ExerciseGymGifsDB@v1.1.0/abs/lying-elbow-to-knee.gif","","","","","","gif_only"
"119","abs/lying-leg-hip-raise","Lying Leg Hip Raise","bodyweight","abs","strength","true","https://cdn.jsdelivr.net/gh/JahelCuadrado/ExerciseGymGifsDB@v1.1.0/abs/lying-leg-hip-raise.gif","lying-leg-raise","fuzzy(0.75)","https://cdn.jsdelivr.net/gh/bryllim/workout-guide@ba0b709cb20430361b2cb33aaadd20998164a916/packages/workout-guide/assets/lying-leg-raise/frame-1.svg","https://cdn.jsdelivr.net/gh/bryllim/workout-guide@ba0b709cb20430361b2cb33aaadd20998164a916/packages/workout-guide/assets/lying-leg-raise/frame-2.svg","https://cdn.jsdelivr.net/gh/bryllim/workout-guide@ba0b709cb20430361b2cb33aaadd20998164a916/packages/workout-guide/assets/lying-leg-raise/frame-3.svg","both"
"120","abs/lying-leg-raise-flat-bench","Lying Leg Raise Flat Bench","bodyweight","abs","strength","true","https://cdn.jsdelivr.net/gh/JahelCuadrado/ExerciseGymGifsDB@v1.1.0/abs/lying-leg-raise-flat-bench.gif","lying-leg-raise","fuzzy(0.75)","https://cdn.jsdelivr.net/gh/bryllim/workout-guide@ba0b709cb20430361b2cb33aaadd20998164a916/packages/workout-guide/assets/lying-leg-raise/frame-1.svg","https://cdn.jsdelivr.net/gh/bryllim/workout-guide@ba0b709cb20430361b2cb33aaadd20998164a916/packages/workout-guide/assets/lying-leg-raise/frame-2.svg","https://cdn.jsdelivr.net/gh/bryllim/workout-guide@ba0b709cb20430361b2cb33aaadd20998164a916/packages/workout-guide/assets/lying-leg-raise/frame-3.svg","both"
"121","abs/negative-crunch","Negative Crunch","bodyweight","abs","strength","true","https://cdn.jsdelivr.net/gh/JahelCuadrado/ExerciseGymGifsDB@v1.1.0/abs/negative-crunch.gif","crunch","fuzzy(0.50)","https://cdn.jsdelivr.net/gh/bryllim/workout-guide@ba0b709cb20430361b2cb33aaadd20998164a916/packages/workout-guide/assets/crunch/frame-1.svg","https://cdn.jsdelivr.net/gh/bryllim/workout-guide@ba0b709cb20430361b2cb33aaadd20998164a916/packages/workout-guide/assets/crunch/frame-2.svg","https://cdn.jsdelivr.net/gh/bryllim/workout-guide@ba0b709cb20430361b2cb33aaadd20998164a916/packages/workout-guide/assets/crunch/frame-3.svg","both"
"122","abs/oblique-crunch-v-2","Oblique Crunch v2","bodyweight","abs","strength","true","https://cdn.jsdelivr.net/gh/JahelCuadrado/ExerciseGymGifsDB@v1.1.0/abs/oblique-crunch-v-2.gif","","","","","","gif_only"
"123","abs/oblique-crunches-floor","Oblique Crunches Floor","bodyweight","abs","strength","true","https://cdn.jsdelivr.net/gh/JahelCuadrado/ExerciseGymGifsDB@v1.1.0/abs/oblique-crunches-floor.gif","","","","","","gif_only"
"124","abs/one-arm-slam-with-medicine-ball","One Arm Slam With Medicine Ball","bodyweight","abs","strength","true","https://cdn.jsdelivr.net/gh/JahelCuadrado/ExerciseGymGifsDB@v1.1.0/abs/one-arm-slam-with-medicine-ball.gif","","","","","","gif_only"
"125","abs/otis-up","Otis Up","bodyweight","abs","strength","true","https://cdn.jsdelivr.net/gh/JahelCuadrado/ExerciseGymGifsDB@v1.1.0/abs/otis-up.gif","","","","","","gif_only"
"126","abs/pelvic-tilt","Pelvic Tilt","bodyweight","abs","strength","true","https://cdn.jsdelivr.net/gh/JahelCuadrado/ExerciseGymGifsDB@v1.1.0/abs/pelvic-tilt.gif","","","","","","gif_only"
"127","abs/posterior-step-to-overhead-reach","Posterior Step To Overhead Reach","bodyweight","abs","strength","true","https://cdn.jsdelivr.net/gh/JahelCuadrado/ExerciseGymGifsDB@v1.1.0/abs/posterior-step-to-overhead-reach.gif","","","","","","gif_only"
"128","abs/potty-squat","Potty Squat","bodyweight","abs","strength","true","https://cdn.jsdelivr.net/gh/JahelCuadrado/ExerciseGymGifsDB@v1.1.0/abs/potty-squat.gif","squat","fuzzy(0.50)","https://cdn.jsdelivr.net/gh/bryllim/workout-guide@ba0b709cb20430361b2cb33aaadd20998164a916/packages/workout-guide/assets/squat/frame-1.svg","https://cdn.jsdelivr.net/gh/bryllim/workout-guide@ba0b709cb20430361b2cb33aaadd20998164a916/packages/workout-guide/assets/squat/frame-2.svg","https://cdn.jsdelivr.net/gh/bryllim/workout-guide@ba0b709cb20430361b2cb33aaadd20998164a916/packages/workout-guide/assets/squat/frame-3.svg","both"
"129","abs/power-point-plank","Power Point Plank","bodyweight","abs","strength","true","https://cdn.jsdelivr.net/gh/JahelCuadrado/ExerciseGymGifsDB@v1.1.0/abs/power-point-plank.gif","","","","","","gif_only"
"130","abs/prisoner-half-sit-up-male","Prisoner Half Sit Up Male","bodyweight","abs","strength","true","https://cdn.jsdelivr.net/gh/JahelCuadrado/ExerciseGymGifsDB@v1.1.0/abs/prisoner-half-sit-up-male.gif","","","","","","gif_only"
"131","abs/prone-twist-on-stability-ball","Prone Twist On Stability Ball","bodyweight","abs","strength","true","https://cdn.jsdelivr.net/gh/JahelCuadrado/ExerciseGymGifsDB@v1.1.0/abs/prone-twist-on-stability-ball.gif","","","","","","gif_only"
"132","abs/pull-in-on-stability-ball","Pull In On Stability Ball","bodyweight","abs","strength","true","https://cdn.jsdelivr.net/gh/JahelCuadrado/ExerciseGymGifsDB@v1.1.0/abs/pull-in-on-stability-ball.gif","","","","","","gif_only"
"133","abs/push-up-to-side-plank","Push Up To Side Plank","bodyweight","abs","strength","true","https://cdn.jsdelivr.net/gh/JahelCuadrado/ExerciseGymGifsDB@v1.1.0/abs/push-up-to-side-plank.gif","","","","","","gif_only"
"134","abs/quarter-sit-up","Quarter Sit Up","bodyweight","abs","strength","true","https://cdn.jsdelivr.net/gh/JahelCuadrado/ExerciseGymGifsDB@v1.1.0/abs/quarter-sit-up.gif","decline-sit-up","fuzzy(0.50)","https://cdn.jsdelivr.net/gh/bryllim/workout-guide@ba0b709cb20430361b2cb33aaadd20998164a916/packages/workout-guide/assets/decline-sit-up/frame-1.svg","https://cdn.jsdelivr.net/gh/bryllim/workout-guide@ba0b709cb20430361b2cb33aaadd20998164a916/packages/workout-guide/assets/decline-sit-up/frame-2.svg","https://cdn.jsdelivr.net/gh/bryllim/workout-guide@ba0b709cb20430361b2cb33aaadd20998164a916/packages/workout-guide/assets/decline-sit-up/frame-3.svg","both"
"135","abs/reverse-crunch","Reverse Crunch","bodyweight","abs","strength","true","https://cdn.jsdelivr.net/gh/JahelCuadrado/ExerciseGymGifsDB@v1.1.0/abs/reverse-crunch.gif","reverse-crunch","exact","https://cdn.jsdelivr.net/gh/bryllim/workout-guide@ba0b709cb20430361b2cb33aaadd20998164a916/packages/workout-guide/assets/reverse-crunch/frame-1.svg","https://cdn.jsdelivr.net/gh/bryllim/workout-guide@ba0b709cb20430361b2cb33aaadd20998164a916/packages/workout-guide/assets/reverse-crunch/frame-2.svg","https://cdn.jsdelivr.net/gh/bryllim/workout-guide@ba0b709cb20430361b2cb33aaadd20998164a916/packages/workout-guide/assets/reverse-crunch/frame-3.svg","both"
"136","abs/reverse-plank-with-leg-lift","Reverse Plank With Leg Lift","bodyweight","abs","strength","true","https://cdn.jsdelivr.net/gh/JahelCuadrado/ExerciseGymGifsDB@v1.1.0/abs/reverse-plank-with-leg-lift.gif","","","","","","gif_only"
"137","abs/roller-body-saw","Roller Body Saw","bodyweight","abs","strength","true","https://cdn.jsdelivr.net/gh/JahelCuadrado/ExerciseGymGifsDB@v1.1.0/abs/roller-body-saw.gif","","","","","","gif_only"
"138","abs/roller-reverse-crunch","Roller Reverse Crunch","bodyweight","abs","strength","true","https://cdn.jsdelivr.net/gh/JahelCuadrado/ExerciseGymGifsDB@v1.1.0/abs/roller-reverse-crunch.gif","reverse-crunch","fuzzy(0.67)","https://cdn.jsdelivr.net/gh/bryllim/workout-guide@ba0b709cb20430361b2cb33aaadd20998164a916/packages/workout-guide/assets/reverse-crunch/frame-1.svg","https://cdn.jsdelivr.net/gh/bryllim/workout-guide@ba0b709cb20430361b2cb33aaadd20998164a916/packages/workout-guide/assets/reverse-crunch/frame-2.svg","https://cdn.jsdelivr.net/gh/bryllim/workout-guide@ba0b709cb20430361b2cb33aaadd20998164a916/packages/workout-guide/assets/reverse-crunch/frame-3.svg","both"
"139","abs/russian-twist","Russian Twist","bodyweight","abs","strength","true","https://cdn.jsdelivr.net/gh/JahelCuadrado/ExerciseGymGifsDB@v1.1.0/abs/russian-twist.gif","russian-twist","exact","https://cdn.jsdelivr.net/gh/bryllim/workout-guide@ba0b709cb20430361b2cb33aaadd20998164a916/packages/workout-guide/assets/russian-twist/frame-1.svg","https://cdn.jsdelivr.net/gh/bryllim/workout-guide@ba0b709cb20430361b2cb33aaadd20998164a916/packages/workout-guide/assets/russian-twist/frame-2.svg","https://cdn.jsdelivr.net/gh/bryllim/workout-guide@ba0b709cb20430361b2cb33aaadd20998164a916/packages/workout-guide/assets/russian-twist/frame-3.svg","both"
"140","abs/seated-leg-raise","Seated Leg Raise","bodyweight","abs","strength","true","https://cdn.jsdelivr.net/gh/JahelCuadrado/ExerciseGymGifsDB@v1.1.0/abs/seated-leg-raise.gif","seated-leg-curl","fuzzy(0.50)","https://cdn.jsdelivr.net/gh/bryllim/workout-guide@ba0b709cb20430361b2cb33aaadd20998164a916/packages/workout-guide/assets/seated-leg-curl/frame-1.svg","https://cdn.jsdelivr.net/gh/bryllim/workout-guide@ba0b709cb20430361b2cb33aaadd20998164a916/packages/workout-guide/assets/seated-leg-curl/frame-2.svg","https://cdn.jsdelivr.net/gh/bryllim/workout-guide@ba0b709cb20430361b2cb33aaadd20998164a916/packages/workout-guide/assets/seated-leg-curl/frame-3.svg","both"
"141","abs/seated-side-crunch-wall","Seated Side Crunch Wall","bodyweight","abs","strength","true","https://cdn.jsdelivr.net/gh/JahelCuadrado/ExerciseGymGifsDB@v1.1.0/abs/seated-side-crunch-wall.gif","","","","","","gif_only"
"142","abs/shoulder-tap","Shoulder Tap","bodyweight","abs","strength","true","https://cdn.jsdelivr.net/gh/JahelCuadrado/ExerciseGymGifsDB@v1.1.0/abs/shoulder-tap.gif","plank-shoulder-tap","fuzzy(0.67)","https://cdn.jsdelivr.net/gh/bryllim/workout-guide@ba0b709cb20430361b2cb33aaadd20998164a916/packages/workout-guide/assets/plank-shoulder-tap/frame-1.svg","https://cdn.jsdelivr.net/gh/bryllim/workout-guide@ba0b709cb20430361b2cb33aaadd20998164a916/packages/workout-guide/assets/plank-shoulder-tap/frame-2.svg","https://cdn.jsdelivr.net/gh/bryllim/workout-guide@ba0b709cb20430361b2cb33aaadd20998164a916/packages/workout-guide/assets/plank-shoulder-tap/frame-3.svg","both"
"143","abs/side-bridge-v-2","Side Bridge v2","bodyweight","abs","strength","true","https://cdn.jsdelivr.net/gh/JahelCuadrado/ExerciseGymGifsDB@v1.1.0/abs/side-bridge-v-2.gif","","","","","","gif_only"
"144","abs/side-hip-on-parallel-bars","Side Hip On Parallel Bars","bodyweight","abs","strength","true","https://cdn.jsdelivr.net/gh/JahelCuadrado/ExerciseGymGifsDB@v1.1.0/abs/side-hip-on-parallel-bars.gif","","","","","","gif_only"
"145","abs/side-to-side-toe-touch-male","Side To Side Toe Touch Male","bodyweight","abs","strength","true","https://cdn.jsdelivr.net/gh/JahelCuadrado/ExerciseGymGifsDB@v1.1.0/abs/side-to-side-toe-touch-male.gif","","","","","","gif_only"
"146","abs/sit-up-v-2","Sit Up v2","bodyweight","abs","strength","true","https://cdn.jsdelivr.net/gh/JahelCuadrado/ExerciseGymGifsDB@v1.1.0/abs/sit-up-v-2.gif","decline-sit-up","fuzzy(0.50)","https://cdn.jsdelivr.net/gh/bryllim/workout-guide@ba0b709cb20430361b2cb33aaadd20998164a916/packages/workout-guide/assets/decline-sit-up/frame-1.svg","https://cdn.jsdelivr.net/gh/bryllim/workout-guide@ba0b709cb20430361b2cb33aaadd20998164a916/packages/workout-guide/assets/decline-sit-up/frame-2.svg","https://cdn.jsdelivr.net/gh/bryllim/workout-guide@ba0b709cb20430361b2cb33aaadd20998164a916/packages/workout-guide/assets/decline-sit-up/frame-3.svg","both"
"147","abs/sit-up-with-arms-on-chest","Sit Up With Arms On Chest","bodyweight","abs","strength","true","https://cdn.jsdelivr.net/gh/JahelCuadrado/ExerciseGymGifsDB@v1.1.0/abs/sit-up-with-arms-on-chest.gif","","","","","","gif_only"
"148","abs/sledge-hammer","Sledge Hammer","sled","abs","strength","true","https://cdn.jsdelivr.net/gh/JahelCuadrado/ExerciseGymGifsDB@v1.1.0/abs/sledge-hammer.gif","","","","","","gif_only"
"149","abs/smith-hip-raise","Smith Hip Raise","smith","abs","strength","true","https://cdn.jsdelivr.net/gh/JahelCuadrado/ExerciseGymGifsDB@v1.1.0/abs/smith-hip-raise.gif","","","","","","gif_only"
"150","abs/spell-caster","Spell Caster","bodyweight","abs","strength","true","https://cdn.jsdelivr.net/gh/JahelCuadrado/ExerciseGymGifsDB@v1.1.0/abs/spell-caster.gif","","","","","","gif_only"
"151","abs/spine-twist","Spine Twist","bodyweight","abs","strength","true","https://cdn.jsdelivr.net/gh/JahelCuadrado/ExerciseGymGifsDB@v1.1.0/abs/spine-twist.gif","","","","","","gif_only"
"152","abs/stability-ball-crunch-full-range-hands-behind-head","Stability Ball Crunch Full Range Hands Behind Head","bodyweight","abs","strength","true","https://cdn.jsdelivr.net/gh/JahelCuadrado/ExerciseGymGifsDB@v1.1.0/abs/stability-ball-crunch-full-range-hands-behind-head.gif","","","","","","gif_only"
"153","abs/standing-wheel-rollerout","Standing Wheel Rollerout","bodyweight","abs","strength","true","https://cdn.jsdelivr.net/gh/JahelCuadrado/ExerciseGymGifsDB@v1.1.0/abs/standing-wheel-rollerout.gif","","","","","","gif_only"
"154","abs/straddle-maltese","Straddle Maltese","bodyweight","abs","strength","true","https://cdn.jsdelivr.net/gh/JahelCuadrado/ExerciseGymGifsDB@v1.1.0/abs/straddle-maltese.gif","","","","","","gif_only"
"155","abs/straddle-planche","Straddle Planche","bodyweight","abs","strength","true","https://cdn.jsdelivr.net/gh/JahelCuadrado/ExerciseGymGifsDB@v1.1.0/abs/straddle-planche.gif","","","","","","gif_only"
"156","abs/suspended-abdominal-fallout","Suspended Abdominal Fallout","bodyweight","abs","strength","true","https://cdn.jsdelivr.net/gh/JahelCuadrado/ExerciseGymGifsDB@v1.1.0/abs/suspended-abdominal-fallout.gif","","","","","","gif_only"
"157","abs/suspended-reverse-crunch","Suspended Reverse Crunch","bodyweight","abs","strength","true","https://cdn.jsdelivr.net/gh/JahelCuadrado/ExerciseGymGifsDB@v1.1.0/abs/suspended-reverse-crunch.gif","reverse-crunch","fuzzy(0.67)","https://cdn.jsdelivr.net/gh/bryllim/workout-guide@ba0b709cb20430361b2cb33aaadd20998164a916/packages/workout-guide/assets/reverse-crunch/frame-1.svg","https://cdn.jsdelivr.net/gh/bryllim/workout-guide@ba0b709cb20430361b2cb33aaadd20998164a916/packages/workout-guide/assets/reverse-crunch/frame-2.svg","https://cdn.jsdelivr.net/gh/bryllim/workout-guide@ba0b709cb20430361b2cb33aaadd20998164a916/packages/workout-guide/assets/reverse-crunch/frame-3.svg","both"
"158","abs/tuck-crunch","Tuck Crunch","bodyweight","abs","strength","true","https://cdn.jsdelivr.net/gh/JahelCuadrado/ExerciseGymGifsDB@v1.1.0/abs/tuck-crunch.gif","crunch","fuzzy(0.50)","https://cdn.jsdelivr.net/gh/bryllim/workout-guide@ba0b709cb20430361b2cb33aaadd20998164a916/packages/workout-guide/assets/crunch/frame-1.svg","https://cdn.jsdelivr.net/gh/bryllim/workout-guide@ba0b709cb20430361b2cb33aaadd20998164a916/packages/workout-guide/assets/crunch/frame-2.svg","https://cdn.jsdelivr.net/gh/bryllim/workout-guide@ba0b709cb20430361b2cb33aaadd20998164a916/packages/workout-guide/assets/crunch/frame-3.svg","both"
"159","abs/twisted-leg-raise-female","Twisted Leg Raise Female","bodyweight","abs","strength","true","https://cdn.jsdelivr.net/gh/JahelCuadrado/ExerciseGymGifsDB@v1.1.0/abs/twisted-leg-raise-female.gif","","","","","","gif_only"
"160","abs/twisted-leg-raise","Twisted Leg Raise","bodyweight","abs","strength","true","https://cdn.jsdelivr.net/gh/JahelCuadrado/ExerciseGymGifsDB@v1.1.0/abs/twisted-leg-raise.gif","hanging-leg-raise","fuzzy(0.50)","https://cdn.jsdelivr.net/gh/bryllim/workout-guide@ba0b709cb20430361b2cb33aaadd20998164a916/packages/workout-guide/assets/hanging-leg-raise/frame-1.svg","https://cdn.jsdelivr.net/gh/bryllim/workout-guide@ba0b709cb20430361b2cb33aaadd20998164a916/packages/workout-guide/assets/hanging-leg-raise/frame-2.svg","https://cdn.jsdelivr.net/gh/bryllim/workout-guide@ba0b709cb20430361b2cb33aaadd20998164a916/packages/workout-guide/assets/hanging-leg-raise/frame-3.svg","both"
"161","abs/v-sit-on-floor","V Sit On Floor","bodyweight","abs","strength","true","https://cdn.jsdelivr.net/gh/JahelCuadrado/ExerciseGymGifsDB@v1.1.0/abs/v-sit-on-floor.gif","","","","","","gif_only"
"162","abs/vertical-leg-raise-on-parallel-bars","Vertical Leg Raise On Parallel Bars","bodyweight","abs","strength","true","https://cdn.jsdelivr.net/gh/JahelCuadrado/ExerciseGymGifsDB@v1.1.0/abs/vertical-leg-raise-on-parallel-bars.gif","","","","","","gif_only"
"163","abs/weighted-crunch","Weighted Crunch","bodyweight","abs","strength","true","https://cdn.jsdelivr.net/gh/JahelCuadrado/ExerciseGymGifsDB@v1.1.0/abs/weighted-crunch.gif","weighted-crunch","exact","https://cdn.jsdelivr.net/gh/bryllim/workout-guide@ba0b709cb20430361b2cb33aaadd20998164a916/packages/workout-guide/assets/weighted-crunch/frame-1.svg","https://cdn.jsdelivr.net/gh/bryllim/workout-guide@ba0b709cb20430361b2cb33aaadd20998164a916/packages/workout-guide/assets/weighted-crunch/frame-2.svg","https://cdn.jsdelivr.net/gh/bryllim/workout-guide@ba0b709cb20430361b2cb33aaadd20998164a916/packages/workout-guide/assets/weighted-crunch/frame-3.svg","both"
"164","abs/weighted-decline-sit-up","Weighted Decline Sit Up","bodyweight","abs","strength","true","https://cdn.jsdelivr.net/gh/JahelCuadrado/ExerciseGymGifsDB@v1.1.0/abs/weighted-decline-sit-up.gif","decline-sit-up","exact","https://cdn.jsdelivr.net/gh/bryllim/workout-guide@ba0b709cb20430361b2cb33aaadd20998164a916/packages/workout-guide/assets/decline-sit-up/frame-1.svg","https://cdn.jsdelivr.net/gh/bryllim/workout-guide@ba0b709cb20430361b2cb33aaadd20998164a916/packages/workout-guide/assets/decline-sit-up/frame-2.svg","https://cdn.jsdelivr.net/gh/bryllim/workout-guide@ba0b709cb20430361b2cb33aaadd20998164a916/packages/workout-guide/assets/decline-sit-up/frame-3.svg","both"
"165","abs/weighted-front-plank","Weighted Front Plank","bodyweight","abs","strength","true","https://cdn.jsdelivr.net/gh/JahelCuadrado/ExerciseGymGifsDB@v1.1.0/abs/weighted-front-plank.gif","plank","fuzzy(0.50)","https://cdn.jsdelivr.net/gh/bryllim/workout-guide@ba0b709cb20430361b2cb33aaadd20998164a916/packages/workout-guide/assets/plank/frame-1.svg","https://cdn.jsdelivr.net/gh/bryllim/workout-guide@ba0b709cb20430361b2cb33aaadd20998164a916/packages/workout-guide/assets/plank/frame-2.svg","https://cdn.jsdelivr.net/gh/bryllim/workout-guide@ba0b709cb20430361b2cb33aaadd20998164a916/packages/workout-guide/assets/plank/frame-3.svg","both"
"166","abs/weighted-hanging-leg-hip-raise","Weighted Hanging Leg Hip Raise","bodyweight","abs","strength","true","https://cdn.jsdelivr.net/gh/JahelCuadrado/ExerciseGymGifsDB@v1.1.0/abs/weighted-hanging-leg-hip-raise.gif","hanging-leg-raise","fuzzy(0.75)","https://cdn.jsdelivr.net/gh/bryllim/workout-guide@ba0b709cb20430361b2cb33aaadd20998164a916/packages/workout-guide/assets/hanging-leg-raise/frame-1.svg","https://cdn.jsdelivr.net/gh/bryllim/workout-guide@ba0b709cb20430361b2cb33aaadd20998164a916/packages/workout-guide/assets/hanging-leg-raise/frame-2.svg","https://cdn.jsdelivr.net/gh/bryllim/workout-guide@ba0b709cb20430361b2cb33aaadd20998164a916/packages/workout-guide/assets/hanging-leg-raise/frame-3.svg","both"
"167","abs/weighted-overhead-crunch-on-stability-ball","Weighted Overhead Crunch On Stability Ball","bodyweight","abs","strength","true","https://cdn.jsdelivr.net/gh/JahelCuadrado/ExerciseGymGifsDB@v1.1.0/abs/weighted-overhead-crunch-on-stability-ball.gif","","","","","","gif_only"
"168","abs/weighted-russian-twist-legs-up","Weighted Russian Twist Legs Up","bodyweight","abs","strength","true","https://cdn.jsdelivr.net/gh/JahelCuadrado/ExerciseGymGifsDB@v1.1.0/abs/weighted-russian-twist-legs-up.gif","russian-twist","fuzzy(0.50)","https://cdn.jsdelivr.net/gh/bryllim/workout-guide@ba0b709cb20430361b2cb33aaadd20998164a916/packages/workout-guide/assets/russian-twist/frame-1.svg","https://cdn.jsdelivr.net/gh/bryllim/workout-guide@ba0b709cb20430361b2cb33aaadd20998164a916/packages/workout-guide/assets/russian-twist/frame-2.svg","https://cdn.jsdelivr.net/gh/bryllim/workout-guide@ba0b709cb20430361b2cb33aaadd20998164a916/packages/workout-guide/assets/russian-twist/frame-3.svg","both"
"169","abs/weighted-russian-twist-v-2","Weighted Russian Twist v2","bodyweight","abs","strength","true","https://cdn.jsdelivr.net/gh/JahelCuadrado/ExerciseGymGifsDB@v1.1.0/abs/weighted-russian-twist-v-2.gif","russian-twist","fuzzy(0.67)","https://cdn.jsdelivr.net/gh/bryllim/workout-guide@ba0b709cb20430361b2cb33aaadd20998164a916/packages/workout-guide/assets/russian-twist/frame-1.svg","https://cdn.jsdelivr.net/gh/bryllim/workout-guide@ba0b709cb20430361b2cb33aaadd20998164a916/packages/workout-guide/assets/russian-twist/frame-2.svg","https://cdn.jsdelivr.net/gh/bryllim/workout-guide@ba0b709cb20430361b2cb33aaadd20998164a916/packages/workout-guide/assets/russian-twist/frame-3.svg","both"
"170","abs/weighted-russian-twist","Weighted Russian Twist","bodyweight","abs","strength","true","https://cdn.jsdelivr.net/gh/JahelCuadrado/ExerciseGymGifsDB@v1.1.0/abs/weighted-russian-twist.gif","weighted-russian-twist","exact","https://cdn.jsdelivr.net/gh/bryllim/workout-guide@ba0b709cb20430361b2cb33aaadd20998164a916/packages/workout-guide/assets/weighted-russian-twist/frame-1.svg","https://cdn.jsdelivr.net/gh/bryllim/workout-guide@ba0b709cb20430361b2cb33aaadd20998164a916/packages/workout-guide/assets/weighted-russian-twist/frame-2.svg","https://cdn.jsdelivr.net/gh/bryllim/workout-guide@ba0b709cb20430361b2cb33aaadd20998164a916/packages/workout-guide/assets/weighted-russian-twist/frame-3.svg","both"
"171","abs/weighted-seated-twist-on-stability-ball","Weighted Seated Twist On Stability Ball","bodyweight","abs","strength","true","https://cdn.jsdelivr.net/gh/JahelCuadrado/ExerciseGymGifsDB@v1.1.0/abs/weighted-seated-twist-on-stability-ball.gif","","","","","","gif_only"
"172","abs/weighted-side-bend-on-stability-ball","Weighted Side Bend On Stability Ball","bodyweight","abs","strength","true","https://cdn.jsdelivr.net/gh/JahelCuadrado/ExerciseGymGifsDB@v1.1.0/abs/weighted-side-bend-on-stability-ball.gif","","","","","","gif_only"
"173","abs/wheel-rollerout","Wheel Rollerout","bodyweight","abs","strength","true","https://cdn.jsdelivr.net/gh/JahelCuadrado/ExerciseGymGifsDB@v1.1.0/abs/wheel-rollerout.gif","","","","","","gif_only"
"174","abs/wind-sprints","Wind Sprints","bodyweight","abs","strength","true","https://cdn.jsdelivr.net/gh/JahelCuadrado/ExerciseGymGifsDB@v1.1.0/abs/wind-sprints.gif","","","","","","gif_only"
"175","adductors/assisted-side-lying-adductor-stretch","Assisted Side Lying Adductor Stretch","bodyweight","adductors","stretching","true","https://cdn.jsdelivr.net/gh/JahelCuadrado/ExerciseGymGifsDB@v1.1.0/adductors/assisted-side-lying-adductor-stretch.gif","","","","","","gif_only"
"176","adductors/butterfly-yoga-pose","Butterfly Yoga Pose","bodyweight","adductors","strength","true","https://cdn.jsdelivr.net/gh/JahelCuadrado/ExerciseGymGifsDB@v1.1.0/adductors/butterfly-yoga-pose.gif","","","","","","gif_only"
"177","adductors/cable-hip-adduction","Cable Hip Adduction","cable","adductors","strength","true","https://cdn.jsdelivr.net/gh/JahelCuadrado/ExerciseGymGifsDB@v1.1.0/adductors/cable-hip-adduction.gif","hip-adduction-machine","fuzzy(0.67)","https://cdn.jsdelivr.net/gh/bryllim/workout-guide@ba0b709cb20430361b2cb33aaadd20998164a916/packages/workout-guide/assets/hip-adduction-machine/frame-1.svg","https://cdn.jsdelivr.net/gh/bryllim/workout-guide@ba0b709cb20430361b2cb33aaadd20998164a916/packages/workout-guide/assets/hip-adduction-machine/frame-2.svg","https://cdn.jsdelivr.net/gh/bryllim/workout-guide@ba0b709cb20430361b2cb33aaadd20998164a916/packages/workout-guide/assets/hip-adduction-machine/frame-3.svg","both"
"178","adductors/lever-seated-hip-adduction","Lever Seated Hip Adduction","lever","adductors","strength","true","https://cdn.jsdelivr.net/gh/JahelCuadrado/ExerciseGymGifsDB@v1.1.0/adductors/lever-seated-hip-adduction.gif","hip-adduction-machine","fuzzy(0.50)","https://cdn.jsdelivr.net/gh/bryllim/workout-guide@ba0b709cb20430361b2cb33aaadd20998164a916/packages/workout-guide/assets/hip-adduction-machine/frame-1.svg","https://cdn.jsdelivr.net/gh/bryllim/workout-guide@ba0b709cb20430361b2cb33aaadd20998164a916/packages/workout-guide/assets/hip-adduction-machine/frame-2.svg","https://cdn.jsdelivr.net/gh/bryllim/workout-guide@ba0b709cb20430361b2cb33aaadd20998164a916/packages/workout-guide/assets/hip-adduction-machine/frame-3.svg","both"
"179","adductors/side-lying-hip-adduction-male","Side Lying Hip Adduction Male","bodyweight","adductors","strength","true","https://cdn.jsdelivr.net/gh/JahelCuadrado/ExerciseGymGifsDB@v1.1.0/adductors/side-lying-hip-adduction-male.gif","side-lying-hip-abduction","fuzzy(0.50)","https://cdn.jsdelivr.net/gh/bryllim/workout-guide@ba0b709cb20430361b2cb33aaadd20998164a916/packages/workout-guide/assets/side-lying-hip-abduction/frame-1.svg","https://cdn.jsdelivr.net/gh/bryllim/workout-guide@ba0b709cb20430361b2cb33aaadd20998164a916/packages/workout-guide/assets/side-lying-hip-abduction/frame-2.svg","https://cdn.jsdelivr.net/gh/bryllim/workout-guide@ba0b709cb20430361b2cb33aaadd20998164a916/packages/workout-guide/assets/side-lying-hip-abduction/frame-3.svg","both"
"180","adductors/side-plank-hip-adduction","Side Plank Hip Adduction","bodyweight","adductors","strength","true","https://cdn.jsdelivr.net/gh/JahelCuadrado/ExerciseGymGifsDB@v1.1.0/adductors/side-plank-hip-adduction.gif","side-plank-hip-dip","fuzzy(0.60)","https://cdn.jsdelivr.net/gh/bryllim/workout-guide@ba0b709cb20430361b2cb33aaadd20998164a916/packages/workout-guide/assets/side-plank-hip-dip/frame-1.svg","https://cdn.jsdelivr.net/gh/bryllim/workout-guide@ba0b709cb20430361b2cb33aaadd20998164a916/packages/workout-guide/assets/side-plank-hip-dip/frame-2.svg","https://cdn.jsdelivr.net/gh/bryllim/workout-guide@ba0b709cb20430361b2cb33aaadd20998164a916/packages/workout-guide/assets/side-plank-hip-dip/frame-3.svg","both"
"181","biceps/band-alternating-biceps-curl","Band Alternating Biceps Curl","band","biceps","strength","true","https://cdn.jsdelivr.net/gh/JahelCuadrado/ExerciseGymGifsDB@v1.1.0/biceps/band-alternating-biceps-curl.gif","bicep-curl","fuzzy(0.67)","https://cdn.jsdelivr.net/gh/bryllim/workout-guide@ba0b709cb20430361b2cb33aaadd20998164a916/packages/workout-guide/assets/bicep-curl/frame-1.svg","https://cdn.jsdelivr.net/gh/bryllim/workout-guide@ba0b709cb20430361b2cb33aaadd20998164a916/packages/workout-guide/assets/bicep-curl/frame-2.svg","https://cdn.jsdelivr.net/gh/bryllim/workout-guide@ba0b709cb20430361b2cb33aaadd20998164a916/packages/workout-guide/assets/bicep-curl/frame-3.svg","both"
"182","biceps/band-concentration-curl","Band Concentration Curl","band","biceps","strength","true","https://cdn.jsdelivr.net/gh/JahelCuadrado/ExerciseGymGifsDB@v1.1.0/biceps/band-concentration-curl.gif","concentration-curl","exact","https://cdn.jsdelivr.net/gh/bryllim/workout-guide@ba0b709cb20430361b2cb33aaadd20998164a916/packages/workout-guide/assets/concentration-curl/frame-1.svg","https://cdn.jsdelivr.net/gh/bryllim/workout-guide@ba0b709cb20430361b2cb33aaadd20998164a916/packages/workout-guide/assets/concentration-curl/frame-2.svg","https://cdn.jsdelivr.net/gh/bryllim/workout-guide@ba0b709cb20430361b2cb33aaadd20998164a916/packages/workout-guide/assets/concentration-curl/frame-3.svg","both"
"183","biceps/band-one-arm-overhead-biceps-curl","Band One Arm Overhead Biceps Curl","band","biceps","strength","true","https://cdn.jsdelivr.net/gh/JahelCuadrado/ExerciseGymGifsDB@v1.1.0/biceps/band-one-arm-overhead-biceps-curl.gif","","","","","","gif_only"
"184","biceps/barbell-alternate-biceps-curl","Barbell Alternate Biceps Curl","barbell","biceps","strength","true","https://cdn.jsdelivr.net/gh/JahelCuadrado/ExerciseGymGifsDB@v1.1.0/biceps/barbell-alternate-biceps-curl.gif","bicep-curl","fuzzy(0.67)","https://cdn.jsdelivr.net/gh/bryllim/workout-guide@ba0b709cb20430361b2cb33aaadd20998164a916/packages/workout-guide/assets/bicep-curl/frame-1.svg","https://cdn.jsdelivr.net/gh/bryllim/workout-guide@ba0b709cb20430361b2cb33aaadd20998164a916/packages/workout-guide/assets/bicep-curl/frame-2.svg","https://cdn.jsdelivr.net/gh/bryllim/workout-guide@ba0b709cb20430361b2cb33aaadd20998164a916/packages/workout-guide/assets/bicep-curl/frame-3.svg","both"
"185","biceps/barbell-biceps-curl-with-arm-blaster","Barbell Biceps Curl With Arm Blaster","barbell","biceps","strength","true","https://cdn.jsdelivr.net/gh/JahelCuadrado/ExerciseGymGifsDB@v1.1.0/biceps/barbell-biceps-curl-with-arm-blaster.gif","","","","","","gif_only"
"186","biceps/barbell-curl","Barbell Curl","barbell","biceps","strength","true","https://cdn.jsdelivr.net/gh/JahelCuadrado/ExerciseGymGifsDB@v1.1.0/biceps/barbell-curl.gif","leg-curl","fuzzy(0.50)","https://cdn.jsdelivr.net/gh/bryllim/workout-guide@ba0b709cb20430361b2cb33aaadd20998164a916/packages/workout-guide/assets/leg-curl/frame-1.svg","https://cdn.jsdelivr.net/gh/bryllim/workout-guide@ba0b709cb20430361b2cb33aaadd20998164a916/packages/workout-guide/assets/leg-curl/frame-2.svg","https://cdn.jsdelivr.net/gh/bryllim/workout-guide@ba0b709cb20430361b2cb33aaadd20998164a916/packages/workout-guide/assets/leg-curl/frame-3.svg","both"
"187","biceps/barbell-drag-curl","Barbell Drag Curl","barbell","biceps","strength","true","https://cdn.jsdelivr.net/gh/JahelCuadrado/ExerciseGymGifsDB@v1.1.0/biceps/barbell-drag-curl.gif","drag-curl","exact","https://cdn.jsdelivr.net/gh/bryllim/workout-guide@ba0b709cb20430361b2cb33aaadd20998164a916/packages/workout-guide/assets/drag-curl/frame-1.svg","https://cdn.jsdelivr.net/gh/bryllim/workout-guide@ba0b709cb20430361b2cb33aaadd20998164a916/packages/workout-guide/assets/drag-curl/frame-2.svg","https://cdn.jsdelivr.net/gh/bryllim/workout-guide@ba0b709cb20430361b2cb33aaadd20998164a916/packages/workout-guide/assets/drag-curl/frame-3.svg","both"
"188","biceps/barbell-lying-preacher-curl","Barbell Lying Preacher Curl","barbell","biceps","strength","true","https://cdn.jsdelivr.net/gh/JahelCuadrado/ExerciseGymGifsDB@v1.1.0/biceps/barbell-lying-preacher-curl.gif","preacher-curl","fuzzy(0.67)","https://cdn.jsdelivr.net/gh/bryllim/workout-guide@ba0b709cb20430361b2cb33aaadd20998164a916/packages/workout-guide/assets/preacher-curl/frame-1.svg","https://cdn.jsdelivr.net/gh/bryllim/workout-guide@ba0b709cb20430361b2cb33aaadd20998164a916/packages/workout-guide/assets/preacher-curl/frame-2.svg","https://cdn.jsdelivr.net/gh/bryllim/workout-guide@ba0b709cb20430361b2cb33aaadd20998164a916/packages/workout-guide/assets/preacher-curl/frame-3.svg","both"
"189","biceps/barbell-preacher-curl","Barbell Preacher Curl","barbell","biceps","strength","true","https://cdn.jsdelivr.net/gh/JahelCuadrado/ExerciseGymGifsDB@v1.1.0/biceps/barbell-preacher-curl.gif","preacher-curl","exact","https://cdn.jsdelivr.net/gh/bryllim/workout-guide@ba0b709cb20430361b2cb33aaadd20998164a916/packages/workout-guide/assets/preacher-curl/frame-1.svg","https://cdn.jsdelivr.net/gh/bryllim/workout-guide@ba0b709cb20430361b2cb33aaadd20998164a916/packages/workout-guide/assets/preacher-curl/frame-2.svg","https://cdn.jsdelivr.net/gh/bryllim/workout-guide@ba0b709cb20430361b2cb33aaadd20998164a916/packages/workout-guide/assets/preacher-curl/frame-3.svg","both"
"190","biceps/barbell-prone-incline-curl","Barbell Prone Incline Curl","barbell","biceps","strength","true","https://cdn.jsdelivr.net/gh/JahelCuadrado/ExerciseGymGifsDB@v1.1.0/biceps/barbell-prone-incline-curl.gif","incline-dumbbell-curl","fuzzy(0.50)","https://cdn.jsdelivr.net/gh/bryllim/workout-guide@ba0b709cb20430361b2cb33aaadd20998164a916/packages/workout-guide/assets/incline-dumbbell-curl/frame-1.svg","https://cdn.jsdelivr.net/gh/bryllim/workout-guide@ba0b709cb20430361b2cb33aaadd20998164a916/packages/workout-guide/assets/incline-dumbbell-curl/frame-2.svg","https://cdn.jsdelivr.net/gh/bryllim/workout-guide@ba0b709cb20430361b2cb33aaadd20998164a916/packages/workout-guide/assets/incline-dumbbell-curl/frame-3.svg","both"
"191","biceps/barbell-reverse-curl","Barbell Reverse Curl","barbell","biceps","strength","true","https://cdn.jsdelivr.net/gh/JahelCuadrado/ExerciseGymGifsDB@v1.1.0/biceps/barbell-reverse-curl.gif","reverse-curl","exact","https://cdn.jsdelivr.net/gh/bryllim/workout-guide@ba0b709cb20430361b2cb33aaadd20998164a916/packages/workout-guide/assets/reverse-curl/frame-1.svg","https://cdn.jsdelivr.net/gh/bryllim/workout-guide@ba0b709cb20430361b2cb33aaadd20998164a916/packages/workout-guide/assets/reverse-curl/frame-2.svg","https://cdn.jsdelivr.net/gh/bryllim/workout-guide@ba0b709cb20430361b2cb33aaadd20998164a916/packages/workout-guide/assets/reverse-curl/frame-3.svg","both"
"192","biceps/barbell-reverse-preacher-curl","Barbell Reverse Preacher Curl","barbell","biceps","strength","true","https://cdn.jsdelivr.net/gh/JahelCuadrado/ExerciseGymGifsDB@v1.1.0/biceps/barbell-reverse-preacher-curl.gif","preacher-curl","fuzzy(0.67)","https://cdn.jsdelivr.net/gh/bryllim/workout-guide@ba0b709cb20430361b2cb33aaadd20998164a916/packages/workout-guide/assets/preacher-curl/frame-1.svg","https://cdn.jsdelivr.net/gh/bryllim/workout-guide@ba0b709cb20430361b2cb33aaadd20998164a916/packages/workout-guide/assets/preacher-curl/frame-2.svg","https://cdn.jsdelivr.net/gh/bryllim/workout-guide@ba0b709cb20430361b2cb33aaadd20998164a916/packages/workout-guide/assets/preacher-curl/frame-3.svg","both"
"193","biceps/barbell-seated-close-grip-concentration-curl","Barbell Seated Close Grip Concentration Curl","barbell","biceps","strength","true","https://cdn.jsdelivr.net/gh/JahelCuadrado/ExerciseGymGifsDB@v1.1.0/biceps/barbell-seated-close-grip-concentration-curl.gif","","","","","","gif_only"
"194","biceps/barbell-standing-close-grip-curl","Barbell Standing Close Grip Curl","barbell","biceps","strength","true","https://cdn.jsdelivr.net/gh/JahelCuadrado/ExerciseGymGifsDB@v1.1.0/biceps/barbell-standing-close-grip-curl.gif","","","","","","gif_only"
"195","biceps/barbell-standing-concentration-curl","Barbell Standing Concentration Curl","barbell","biceps","strength","true","https://cdn.jsdelivr.net/gh/JahelCuadrado/ExerciseGymGifsDB@v1.1.0/biceps/barbell-standing-concentration-curl.gif","concentration-curl","fuzzy(0.67)","https://cdn.jsdelivr.net/gh/bryllim/workout-guide@ba0b709cb20430361b2cb33aaadd20998164a916/packages/workout-guide/assets/concentration-curl/frame-1.svg","https://cdn.jsdelivr.net/gh/bryllim/workout-guide@ba0b709cb20430361b2cb33aaadd20998164a916/packages/workout-guide/assets/concentration-curl/frame-2.svg","https://cdn.jsdelivr.net/gh/bryllim/workout-guide@ba0b709cb20430361b2cb33aaadd20998164a916/packages/workout-guide/assets/concentration-curl/frame-3.svg","both"
"196","biceps/barbell-standing-reverse-grip-curl","Barbell Standing Reverse Grip Curl","barbell","biceps","strength","true","https://cdn.jsdelivr.net/gh/JahelCuadrado/ExerciseGymGifsDB@v1.1.0/biceps/barbell-standing-reverse-grip-curl.gif","reverse-curl","fuzzy(0.50)","https://cdn.jsdelivr.net/gh/bryllim/workout-guide@ba0b709cb20430361b2cb33aaadd20998164a916/packages/workout-guide/assets/reverse-curl/frame-1.svg","https://cdn.jsdelivr.net/gh/bryllim/workout-guide@ba0b709cb20430361b2cb33aaadd20998164a916/packages/workout-guide/assets/reverse-curl/frame-2.svg","https://cdn.jsdelivr.net/gh/bryllim/workout-guide@ba0b709cb20430361b2cb33aaadd20998164a916/packages/workout-guide/assets/reverse-curl/frame-3.svg","both"
"197","biceps/barbell-standing-wide-grip-biceps-curl","Barbell Standing Wide Grip Biceps Curl","barbell","biceps","strength","true","https://cdn.jsdelivr.net/gh/JahelCuadrado/ExerciseGymGifsDB@v1.1.0/biceps/barbell-standing-wide-grip-biceps-curl.gif","","","","","","gif_only"
"198","biceps/barbell-standing-wide-grip-curl","Barbell Standing Wide Grip Curl","barbell","biceps","strength","true","https://cdn.jsdelivr.net/gh/JahelCuadrado/ExerciseGymGifsDB@v1.1.0/biceps/barbell-standing-wide-grip-curl.gif","","","","","","gif_only"
"199","biceps/biceps-leg-concentration-curl","Biceps Leg Concentration Curl","bodyweight","biceps","strength","true","https://cdn.jsdelivr.net/gh/JahelCuadrado/ExerciseGymGifsDB@v1.1.0/biceps/biceps-leg-concentration-curl.gif","leg-curl","fuzzy(0.50)","https://cdn.jsdelivr.net/gh/bryllim/workout-guide@ba0b709cb20430361b2cb33aaadd20998164a916/packages/workout-guide/assets/leg-curl/frame-1.svg","https://cdn.jsdelivr.net/gh/bryllim/workout-guide@ba0b709cb20430361b2cb33aaadd20998164a916/packages/workout-guide/assets/leg-curl/frame-2.svg","https://cdn.jsdelivr.net/gh/bryllim/workout-guide@ba0b709cb20430361b2cb33aaadd20998164a916/packages/workout-guide/assets/leg-curl/frame-3.svg","both"
"200","biceps/biceps-narrow-pull-ups","Biceps Narrow Pull Ups","bodyweight","biceps","strength","true","https://cdn.jsdelivr.net/gh/JahelCuadrado/ExerciseGymGifsDB@v1.1.0/biceps/biceps-narrow-pull-ups.gif","pull-up","fuzzy(0.50)","https://cdn.jsdelivr.net/gh/bryllim/workout-guide@ba0b709cb20430361b2cb33aaadd20998164a916/packages/workout-guide/assets/pull-up/frame-1.svg","https://cdn.jsdelivr.net/gh/bryllim/workout-guide@ba0b709cb20430361b2cb33aaadd20998164a916/packages/workout-guide/assets/pull-up/frame-2.svg","https://cdn.jsdelivr.net/gh/bryllim/workout-guide@ba0b709cb20430361b2cb33aaadd20998164a916/packages/workout-guide/assets/pull-up/frame-3.svg","both"
"201","biceps/biceps-pull-up","Biceps Pull Up","bodyweight","biceps","strength","true","https://cdn.jsdelivr.net/gh/JahelCuadrado/ExerciseGymGifsDB@v1.1.0/biceps/biceps-pull-up.gif","pull-up","fuzzy(0.67)","https://cdn.jsdelivr.net/gh/bryllim/workout-guide@ba0b709cb20430361b2cb33aaadd20998164a916/packages/workout-guide/assets/pull-up/frame-1.svg","https://cdn.jsdelivr.net/gh/bryllim/workout-guide@ba0b709cb20430361b2cb33aaadd20998164a916/packages/workout-guide/assets/pull-up/frame-2.svg","https://cdn.jsdelivr.net/gh/bryllim/workout-guide@ba0b709cb20430361b2cb33aaadd20998164a916/packages/workout-guide/assets/pull-up/frame-3.svg","both"
"202","biceps/bodyweight-side-lying-biceps-curl","Bodyweight Side Lying Biceps Curl","bodyweight","biceps","strength","true","https://cdn.jsdelivr.net/gh/JahelCuadrado/ExerciseGymGifsDB@v1.1.0/biceps/bodyweight-side-lying-biceps-curl.gif","bicep-curl","fuzzy(0.50)","https://cdn.jsdelivr.net/gh/bryllim/workout-guide@ba0b709cb20430361b2cb33aaadd20998164a916/packages/workout-guide/assets/bicep-curl/frame-1.svg","https://cdn.jsdelivr.net/gh/bryllim/workout-guide@ba0b709cb20430361b2cb33aaadd20998164a916/packages/workout-guide/assets/bicep-curl/frame-2.svg","https://cdn.jsdelivr.net/gh/bryllim/workout-guide@ba0b709cb20430361b2cb33aaadd20998164a916/packages/workout-guide/assets/bicep-curl/frame-3.svg","both"
"203","biceps/cable-close-grip-curl","Cable Close Grip Curl","cable","biceps","strength","true","https://cdn.jsdelivr.net/gh/JahelCuadrado/ExerciseGymGifsDB@v1.1.0/biceps/cable-close-grip-curl.gif","","","","","","gif_only"
"204","biceps/cable-concentration-curl","Cable Concentration Curl","cable","biceps","strength","true","https://cdn.jsdelivr.net/gh/JahelCuadrado/ExerciseGymGifsDB@v1.1.0/biceps/cable-concentration-curl.gif","concentration-curl","exact","https://cdn.jsdelivr.net/gh/bryllim/workout-guide@ba0b709cb20430361b2cb33aaadd20998164a916/packages/workout-guide/assets/concentration-curl/frame-1.svg","https://cdn.jsdelivr.net/gh/bryllim/workout-guide@ba0b709cb20430361b2cb33aaadd20998164a916/packages/workout-guide/assets/concentration-curl/frame-2.svg","https://cdn.jsdelivr.net/gh/bryllim/workout-guide@ba0b709cb20430361b2cb33aaadd20998164a916/packages/workout-guide/assets/concentration-curl/frame-3.svg","both"
"205","biceps/cable-curl","Cable Curl","cable","biceps","strength","true","https://cdn.jsdelivr.net/gh/JahelCuadrado/ExerciseGymGifsDB@v1.1.0/biceps/cable-curl.gif","cable-curl","exact","https://cdn.jsdelivr.net/gh/bryllim/workout-guide@ba0b709cb20430361b2cb33aaadd20998164a916/packages/workout-guide/assets/cable-curl/frame-1.svg","https://cdn.jsdelivr.net/gh/bryllim/workout-guide@ba0b709cb20430361b2cb33aaadd20998164a916/packages/workout-guide/assets/cable-curl/frame-2.svg","https://cdn.jsdelivr.net/gh/bryllim/workout-guide@ba0b709cb20430361b2cb33aaadd20998164a916/packages/workout-guide/assets/cable-curl/frame-3.svg","both"
"206","biceps/cable-drag-curl","Cable Drag Curl","cable","biceps","strength","true","https://cdn.jsdelivr.net/gh/JahelCuadrado/ExerciseGymGifsDB@v1.1.0/biceps/cable-drag-curl.gif","drag-curl","exact","https://cdn.jsdelivr.net/gh/bryllim/workout-guide@ba0b709cb20430361b2cb33aaadd20998164a916/packages/workout-guide/assets/drag-curl/frame-1.svg","https://cdn.jsdelivr.net/gh/bryllim/workout-guide@ba0b709cb20430361b2cb33aaadd20998164a916/packages/workout-guide/assets/drag-curl/frame-2.svg","https://cdn.jsdelivr.net/gh/bryllim/workout-guide@ba0b709cb20430361b2cb33aaadd20998164a916/packages/workout-guide/assets/drag-curl/frame-3.svg","both"
"207","biceps/cable-hammer-curl-with-rope","Cable Hammer Curl With Rope","cable","biceps","strength","true","https://cdn.jsdelivr.net/gh/JahelCuadrado/ExerciseGymGifsDB@v1.1.0/biceps/cable-hammer-curl-with-rope.gif","hammer-curl","fuzzy(0.67)","https://cdn.jsdelivr.net/gh/bryllim/workout-guide@ba0b709cb20430361b2cb33aaadd20998164a916/packages/workout-guide/assets/hammer-curl/frame-1.svg","https://cdn.jsdelivr.net/gh/bryllim/workout-guide@ba0b709cb20430361b2cb33aaadd20998164a916/packages/workout-guide/assets/hammer-curl/frame-2.svg","https://cdn.jsdelivr.net/gh/bryllim/workout-guide@ba0b709cb20430361b2cb33aaadd20998164a916/packages/workout-guide/assets/hammer-curl/frame-3.svg","both"
"208","biceps/cable-lying-bicep-curl","Cable Lying Bicep Curl","cable","biceps","strength","true","https://cdn.jsdelivr.net/gh/JahelCuadrado/ExerciseGymGifsDB@v1.1.0/biceps/cable-lying-bicep-curl.gif","bicep-curl","fuzzy(0.67)","https://cdn.jsdelivr.net/gh/bryllim/workout-guide@ba0b709cb20430361b2cb33aaadd20998164a916/packages/workout-guide/assets/bicep-curl/frame-1.svg","https://cdn.jsdelivr.net/gh/bryllim/workout-guide@ba0b709cb20430361b2cb33aaadd20998164a916/packages/workout-guide/assets/bicep-curl/frame-2.svg","https://cdn.jsdelivr.net/gh/bryllim/workout-guide@ba0b709cb20430361b2cb33aaadd20998164a916/packages/workout-guide/assets/bicep-curl/frame-3.svg","both"
"209","biceps/cable-lying-close-grip-curl","Cable Lying Close Grip Curl","cable","biceps","strength","true","https://cdn.jsdelivr.net/gh/JahelCuadrado/ExerciseGymGifsDB@v1.1.0/biceps/cable-lying-close-grip-curl.gif","","","","","","gif_only"
"210","biceps/cable-one-arm-curl","Cable One Arm Curl","cable","biceps","strength","true","https://cdn.jsdelivr.net/gh/JahelCuadrado/ExerciseGymGifsDB@v1.1.0/biceps/cable-one-arm-curl.gif","","","","","","gif_only"
"211","biceps/cable-one-arm-preacher-curl","Cable One Arm Preacher Curl","cable","biceps","strength","true","https://cdn.jsdelivr.net/gh/JahelCuadrado/ExerciseGymGifsDB@v1.1.0/biceps/cable-one-arm-preacher-curl.gif","preacher-curl","fuzzy(0.50)","https://cdn.jsdelivr.net/gh/bryllim/workout-guide@ba0b709cb20430361b2cb33aaadd20998164a916/packages/workout-guide/assets/preacher-curl/frame-1.svg","https://cdn.jsdelivr.net/gh/bryllim/workout-guide@ba0b709cb20430361b2cb33aaadd20998164a916/packages/workout-guide/assets/preacher-curl/frame-2.svg","https://cdn.jsdelivr.net/gh/bryllim/workout-guide@ba0b709cb20430361b2cb33aaadd20998164a916/packages/workout-guide/assets/preacher-curl/frame-3.svg","both"
"212","biceps/cable-one-arm-reverse-preacher-curl","Cable One Arm Reverse Preacher Curl","cable","biceps","strength","true","https://cdn.jsdelivr.net/gh/JahelCuadrado/ExerciseGymGifsDB@v1.1.0/biceps/cable-one-arm-reverse-preacher-curl.gif","","","","","","gif_only"
"213","biceps/cable-overhead-curl-on-exercise-ball","Cable Overhead Curl On Exercise Ball","cable","biceps","strength","true","https://cdn.jsdelivr.net/gh/JahelCuadrado/ExerciseGymGifsDB@v1.1.0/biceps/cable-overhead-curl-on-exercise-ball.gif","","","","","","gif_only"
"214","biceps/cable-overhead-curl","Cable Overhead Curl","cable","biceps","strength","true","https://cdn.jsdelivr.net/gh/JahelCuadrado/ExerciseGymGifsDB@v1.1.0/biceps/cable-overhead-curl.gif","","","","","","gif_only"
"215","biceps/cable-preacher-curl","Cable Preacher Curl","cable","biceps","strength","true","https://cdn.jsdelivr.net/gh/JahelCuadrado/ExerciseGymGifsDB@v1.1.0/biceps/cable-preacher-curl.gif","preacher-curl","exact","https://cdn.jsdelivr.net/gh/bryllim/workout-guide@ba0b709cb20430361b2cb33aaadd20998164a916/packages/workout-guide/assets/preacher-curl/frame-1.svg","https://cdn.jsdelivr.net/gh/bryllim/workout-guide@ba0b709cb20430361b2cb33aaadd20998164a916/packages/workout-guide/assets/preacher-curl/frame-2.svg","https://cdn.jsdelivr.net/gh/bryllim/workout-guide@ba0b709cb20430361b2cb33aaadd20998164a916/packages/workout-guide/assets/preacher-curl/frame-3.svg","both"
"216","biceps/cable-pulldown-bicep-curl","Cable Pulldown Bicep Curl","cable","biceps","strength","true","https://cdn.jsdelivr.net/gh/JahelCuadrado/ExerciseGymGifsDB@v1.1.0/biceps/cable-pulldown-bicep-curl.gif","bicep-curl","fuzzy(0.67)","https://cdn.jsdelivr.net/gh/bryllim/workout-guide@ba0b709cb20430361b2cb33aaadd20998164a916/packages/workout-guide/assets/bicep-curl/frame-1.svg","https://cdn.jsdelivr.net/gh/bryllim/workout-guide@ba0b709cb20430361b2cb33aaadd20998164a916/packages/workout-guide/assets/bicep-curl/frame-2.svg","https://cdn.jsdelivr.net/gh/bryllim/workout-guide@ba0b709cb20430361b2cb33aaadd20998164a916/packages/workout-guide/assets/bicep-curl/frame-3.svg","both"
"217","biceps/cable-reverse-curl","Cable Reverse Curl","cable","biceps","strength","true","https://cdn.jsdelivr.net/gh/JahelCuadrado/ExerciseGymGifsDB@v1.1.0/biceps/cable-reverse-curl.gif","reverse-curl","exact","https://cdn.jsdelivr.net/gh/bryllim/workout-guide@ba0b709cb20430361b2cb33aaadd20998164a916/packages/workout-guide/assets/reverse-curl/frame-1.svg","https://cdn.jsdelivr.net/gh/bryllim/workout-guide@ba0b709cb20430361b2cb33aaadd20998164a916/packages/workout-guide/assets/reverse-curl/frame-2.svg","https://cdn.jsdelivr.net/gh/bryllim/workout-guide@ba0b709cb20430361b2cb33aaadd20998164a916/packages/workout-guide/assets/reverse-curl/frame-3.svg","both"
"218","biceps/cable-reverse-one-arm-curl","Cable Reverse One Arm Curl","cable","biceps","strength","true","https://cdn.jsdelivr.net/gh/JahelCuadrado/ExerciseGymGifsDB@v1.1.0/biceps/cable-reverse-one-arm-curl.gif","reverse-curl","fuzzy(0.50)","https://cdn.jsdelivr.net/gh/bryllim/workout-guide@ba0b709cb20430361b2cb33aaadd20998164a916/packages/workout-guide/assets/reverse-curl/frame-1.svg","https://cdn.jsdelivr.net/gh/bryllim/workout-guide@ba0b709cb20430361b2cb33aaadd20998164a916/packages/workout-guide/assets/reverse-curl/frame-2.svg","https://cdn.jsdelivr.net/gh/bryllim/workout-guide@ba0b709cb20430361b2cb33aaadd20998164a916/packages/workout-guide/assets/reverse-curl/frame-3.svg","both"
"219","biceps/cable-reverse-preacher-curl","Cable Reverse Preacher Curl","cable","biceps","strength","true","https://cdn.jsdelivr.net/gh/JahelCuadrado/ExerciseGymGifsDB@v1.1.0/biceps/cable-reverse-preacher-curl.gif","preacher-curl","fuzzy(0.67)","https://cdn.jsdelivr.net/gh/bryllim/workout-guide@ba0b709cb20430361b2cb33aaadd20998164a916/packages/workout-guide/assets/preacher-curl/frame-1.svg","https://cdn.jsdelivr.net/gh/bryllim/workout-guide@ba0b709cb20430361b2cb33aaadd20998164a916/packages/workout-guide/assets/preacher-curl/frame-2.svg","https://cdn.jsdelivr.net/gh/bryllim/workout-guide@ba0b709cb20430361b2cb33aaadd20998164a916/packages/workout-guide/assets/preacher-curl/frame-3.svg","both"
"220","biceps/cable-rope-hammer-preacher-curl","Cable Rope Hammer Preacher Curl","cable","biceps","strength","true","https://cdn.jsdelivr.net/gh/JahelCuadrado/ExerciseGymGifsDB@v1.1.0/biceps/cable-rope-hammer-preacher-curl.gif","hammer-curl","fuzzy(0.67)","https://cdn.jsdelivr.net/gh/bryllim/workout-guide@ba0b709cb20430361b2cb33aaadd20998164a916/packages/workout-guide/assets/hammer-curl/frame-1.svg","https://cdn.jsdelivr.net/gh/bryllim/workout-guide@ba0b709cb20430361b2cb33aaadd20998164a916/packages/workout-guide/assets/hammer-curl/frame-2.svg","https://cdn.jsdelivr.net/gh/bryllim/workout-guide@ba0b709cb20430361b2cb33aaadd20998164a916/packages/workout-guide/assets/hammer-curl/frame-3.svg","both"
"221","biceps/cable-rope-one-arm-hammer-preacher-curl","Cable Rope One Arm Hammer Preacher Curl","cable","biceps","strength","true","https://cdn.jsdelivr.net/gh/JahelCuadrado/ExerciseGymGifsDB@v1.1.0/biceps/cable-rope-one-arm-hammer-preacher-curl.gif","","","","","","gif_only"
"222","biceps/cable-seated-curl","Cable Seated Curl","cable","biceps","strength","true","https://cdn.jsdelivr.net/gh/JahelCuadrado/ExerciseGymGifsDB@v1.1.0/biceps/cable-seated-curl.gif","seated-leg-curl","fuzzy(0.67)","https://cdn.jsdelivr.net/gh/bryllim/workout-guide@ba0b709cb20430361b2cb33aaadd20998164a916/packages/workout-guide/assets/seated-leg-curl/frame-1.svg","https://cdn.jsdelivr.net/gh/bryllim/workout-guide@ba0b709cb20430361b2cb33aaadd20998164a916/packages/workout-guide/assets/seated-leg-curl/frame-2.svg","https://cdn.jsdelivr.net/gh/bryllim/workout-guide@ba0b709cb20430361b2cb33aaadd20998164a916/packages/workout-guide/assets/seated-leg-curl/frame-3.svg","both"
"223","biceps/cable-seated-one-arm-concentration-curl","Cable Seated One Arm Concentration Curl","cable","biceps","strength","true","https://cdn.jsdelivr.net/gh/JahelCuadrado/ExerciseGymGifsDB@v1.1.0/biceps/cable-seated-one-arm-concentration-curl.gif","","","","","","gif_only"
"224","biceps/cable-seated-overhead-curl","Cable Seated Overhead Curl","cable","biceps","strength","true","https://cdn.jsdelivr.net/gh/JahelCuadrado/ExerciseGymGifsDB@v1.1.0/biceps/cable-seated-overhead-curl.gif","seated-leg-curl","fuzzy(0.50)","https://cdn.jsdelivr.net/gh/bryllim/workout-guide@ba0b709cb20430361b2cb33aaadd20998164a916/packages/workout-guide/assets/seated-leg-curl/frame-1.svg","https://cdn.jsdelivr.net/gh/bryllim/workout-guide@ba0b709cb20430361b2cb33aaadd20998164a916/packages/workout-guide/assets/seated-leg-curl/frame-2.svg","https://cdn.jsdelivr.net/gh/bryllim/workout-guide@ba0b709cb20430361b2cb33aaadd20998164a916/packages/workout-guide/assets/seated-leg-curl/frame-3.svg","both"
"225","biceps/cable-squatting-curl","Cable Squatting Curl","cable","biceps","strength","true","https://cdn.jsdelivr.net/gh/JahelCuadrado/ExerciseGymGifsDB@v1.1.0/biceps/cable-squatting-curl.gif","","","","","","gif_only"
"226","biceps/cable-standing-inner-curl","Cable Standing Inner Curl","cable","biceps","strength","true","https://cdn.jsdelivr.net/gh/JahelCuadrado/ExerciseGymGifsDB@v1.1.0/biceps/cable-standing-inner-curl.gif","","","","","","gif_only"
"227","biceps/cable-standing-pulldown-with-rope","Cable Standing Pulldown With Rope","cable","biceps","strength","true","https://cdn.jsdelivr.net/gh/JahelCuadrado/ExerciseGymGifsDB@v1.1.0/biceps/cable-standing-pulldown-with-rope.gif","","","","","","gif_only"
"228","biceps/cable-two-arm-curl-on-incline-bench","Cable Two Arm Curl On Incline Bench","cable","biceps","strength","true","https://cdn.jsdelivr.net/gh/JahelCuadrado/ExerciseGymGifsDB@v1.1.0/biceps/cable-two-arm-curl-on-incline-bench.gif","","","","","","gif_only"
"229","biceps/dumbbell-alternate-biceps-curl-with-arm-blaster","Dumbbell Alternate Biceps Curl With Arm Blaster","dumbbell","biceps","strength","true","https://cdn.jsdelivr.net/gh/JahelCuadrado/ExerciseGymGifsDB@v1.1.0/biceps/dumbbell-alternate-biceps-curl-with-arm-blaster.gif","","","","","","gif_only"
"230","biceps/dumbbell-alternate-biceps-curl","Dumbbell Alternate Biceps Curl","dumbbell","biceps","strength","true","https://cdn.jsdelivr.net/gh/JahelCuadrado/ExerciseGymGifsDB@v1.1.0/biceps/dumbbell-alternate-biceps-curl.gif","bicep-curl","fuzzy(0.67)","https://cdn.jsdelivr.net/gh/bryllim/workout-guide@ba0b709cb20430361b2cb33aaadd20998164a916/packages/workout-guide/assets/bicep-curl/frame-1.svg","https://cdn.jsdelivr.net/gh/bryllim/workout-guide@ba0b709cb20430361b2cb33aaadd20998164a916/packages/workout-guide/assets/bicep-curl/frame-2.svg","https://cdn.jsdelivr.net/gh/bryllim/workout-guide@ba0b709cb20430361b2cb33aaadd20998164a916/packages/workout-guide/assets/bicep-curl/frame-3.svg","both"
"231","biceps/dumbbell-alternate-hammer-preacher-curl","Dumbbell Alternate Hammer Preacher Curl","dumbbell","biceps","strength","true","https://cdn.jsdelivr.net/gh/JahelCuadrado/ExerciseGymGifsDB@v1.1.0/biceps/dumbbell-alternate-hammer-preacher-curl.gif","hammer-curl","fuzzy(0.50)","https://cdn.jsdelivr.net/gh/bryllim/workout-guide@ba0b709cb20430361b2cb33aaadd20998164a916/packages/workout-guide/assets/hammer-curl/frame-1.svg","https://cdn.jsdelivr.net/gh/bryllim/workout-guide@ba0b709cb20430361b2cb33aaadd20998164a916/packages/workout-guide/assets/hammer-curl/frame-2.svg","https://cdn.jsdelivr.net/gh/bryllim/workout-guide@ba0b709cb20430361b2cb33aaadd20998164a916/packages/workout-guide/assets/hammer-curl/frame-3.svg","both"
"232","biceps/dumbbell-alternate-preacher-curl","Dumbbell Alternate Preacher Curl","dumbbell","biceps","strength","true","https://cdn.jsdelivr.net/gh/JahelCuadrado/ExerciseGymGifsDB@v1.1.0/biceps/dumbbell-alternate-preacher-curl.gif","preacher-curl","fuzzy(0.67)","https://cdn.jsdelivr.net/gh/bryllim/workout-guide@ba0b709cb20430361b2cb33aaadd20998164a916/packages/workout-guide/assets/preacher-curl/frame-1.svg","https://cdn.jsdelivr.net/gh/bryllim/workout-guide@ba0b709cb20430361b2cb33aaadd20998164a916/packages/workout-guide/assets/preacher-curl/frame-2.svg","https://cdn.jsdelivr.net/gh/bryllim/workout-guide@ba0b709cb20430361b2cb33aaadd20998164a916/packages/workout-guide/assets/preacher-curl/frame-3.svg","both"
"233","biceps/dumbbell-alternate-seated-hammer-curl","Dumbbell Alternate Seated Hammer Curl","dumbbell","biceps","strength","true","https://cdn.jsdelivr.net/gh/JahelCuadrado/ExerciseGymGifsDB@v1.1.0/biceps/dumbbell-alternate-seated-hammer-curl.gif","hammer-curl","fuzzy(0.50)","https://cdn.jsdelivr.net/gh/bryllim/workout-guide@ba0b709cb20430361b2cb33aaadd20998164a916/packages/workout-guide/assets/hammer-curl/frame-1.svg","https://cdn.jsdelivr.net/gh/bryllim/workout-guide@ba0b709cb20430361b2cb33aaadd20998164a916/packages/workout-guide/assets/hammer-curl/frame-2.svg","https://cdn.jsdelivr.net/gh/bryllim/workout-guide@ba0b709cb20430361b2cb33aaadd20998164a916/packages/workout-guide/assets/hammer-curl/frame-3.svg","both"
"234","biceps/dumbbell-alternating-bicep-curl-with-leg-raised-on-exercise-ball","Dumbbell Alternating Bicep Curl With Leg Raised On Exercise Ball","dumbbell","biceps","strength","true","https://cdn.jsdelivr.net/gh/JahelCuadrado/ExerciseGymGifsDB@v1.1.0/biceps/dumbbell-alternating-bicep-curl-with-leg-raised-on-exercise-ball.gif","","","","","","gif_only"
"235","biceps/dumbbell-alternating-seated-bicep-curl-on-exercise-ball","Dumbbell Alternating Seated Bicep Curl On Exercise Ball","dumbbell","biceps","strength","true","https://cdn.jsdelivr.net/gh/JahelCuadrado/ExerciseGymGifsDB@v1.1.0/biceps/dumbbell-alternating-seated-bicep-curl-on-exercise-ball.gif","","","","","","gif_only"
"236","biceps/dumbbell-bicep-curl-lunge-with-bowling-motion","Dumbbell Bicep Curl Lunge With Bowling Motion","dumbbell","biceps","strength","true","https://cdn.jsdelivr.net/gh/JahelCuadrado/ExerciseGymGifsDB@v1.1.0/biceps/dumbbell-bicep-curl-lunge-with-bowling-motion.gif","","","","","","gif_only"
"237","biceps/dumbbell-bicep-curl-on-exercise-ball-with-leg-raised","Dumbbell Bicep Curl On Exercise Ball With Leg Raised","dumbbell","biceps","strength","true","https://cdn.jsdelivr.net/gh/JahelCuadrado/ExerciseGymGifsDB@v1.1.0/biceps/dumbbell-bicep-curl-on-exercise-ball-with-leg-raised.gif","","","","","","gif_only"
"238","biceps/dumbbell-bicep-curl-with-stork-stance","Dumbbell Bicep Curl With Stork Stance","dumbbell","biceps","strength","true","https://cdn.jsdelivr.net/gh/JahelCuadrado/ExerciseGymGifsDB@v1.1.0/biceps/dumbbell-bicep-curl-with-stork-stance.gif","","","","","","gif_only"
"239","biceps/dumbbell-biceps-curl-reverse","Dumbbell Biceps Curl Reverse","dumbbell","biceps","strength","true","https://cdn.jsdelivr.net/gh/JahelCuadrado/ExerciseGymGifsDB@v1.1.0/biceps/dumbbell-biceps-curl-reverse.gif","bicep-curl","fuzzy(0.67)","https://cdn.jsdelivr.net/gh/bryllim/workout-guide@ba0b709cb20430361b2cb33aaadd20998164a916/packages/workout-guide/assets/bicep-curl/frame-1.svg","https://cdn.jsdelivr.net/gh/bryllim/workout-guide@ba0b709cb20430361b2cb33aaadd20998164a916/packages/workout-guide/assets/bicep-curl/frame-2.svg","https://cdn.jsdelivr.net/gh/bryllim/workout-guide@ba0b709cb20430361b2cb33aaadd20998164a916/packages/workout-guide/assets/bicep-curl/frame-3.svg","both"
"240","biceps/dumbbell-biceps-curl-squat","Dumbbell Biceps Curl Squat","dumbbell","biceps","strength","true","https://cdn.jsdelivr.net/gh/JahelCuadrado/ExerciseGymGifsDB@v1.1.0/biceps/dumbbell-biceps-curl-squat.gif","bicep-curl","fuzzy(0.67)","https://cdn.jsdelivr.net/gh/bryllim/workout-guide@ba0b709cb20430361b2cb33aaadd20998164a916/packages/workout-guide/assets/bicep-curl/frame-1.svg","https://cdn.jsdelivr.net/gh/bryllim/workout-guide@ba0b709cb20430361b2cb33aaadd20998164a916/packages/workout-guide/assets/bicep-curl/frame-2.svg","https://cdn.jsdelivr.net/gh/bryllim/workout-guide@ba0b709cb20430361b2cb33aaadd20998164a916/packages/workout-guide/assets/bicep-curl/frame-3.svg","both"
"241","biceps/dumbbell-biceps-curl-v-sit-on-bosu-ball","Dumbbell Biceps Curl V Sit On Bosu Ball","dumbbell","biceps","strength","true","https://cdn.jsdelivr.net/gh/JahelCuadrado/ExerciseGymGifsDB@v1.1.0/biceps/dumbbell-biceps-curl-v-sit-on-bosu-ball.gif","","","","","","gif_only"
"242","biceps/dumbbell-biceps-curl-with-arm-blaster","Dumbbell Biceps Curl With Arm Blaster","dumbbell","biceps","strength","true","https://cdn.jsdelivr.net/gh/JahelCuadrado/ExerciseGymGifsDB@v1.1.0/biceps/dumbbell-biceps-curl-with-arm-blaster.gif","","","","","","gif_only"
"243","biceps/dumbbell-biceps-curl","Dumbbell Biceps Curl","dumbbell","biceps","strength","true","https://cdn.jsdelivr.net/gh/JahelCuadrado/ExerciseGymGifsDB@v1.1.0/biceps/dumbbell-biceps-curl.gif","bicep-curl","exact","https://cdn.jsdelivr.net/gh/bryllim/workout-guide@ba0b709cb20430361b2cb33aaadd20998164a916/packages/workout-guide/assets/bicep-curl/frame-1.svg","https://cdn.jsdelivr.net/gh/bryllim/workout-guide@ba0b709cb20430361b2cb33aaadd20998164a916/packages/workout-guide/assets/bicep-curl/frame-2.svg","https://cdn.jsdelivr.net/gh/bryllim/workout-guide@ba0b709cb20430361b2cb33aaadd20998164a916/packages/workout-guide/assets/bicep-curl/frame-3.svg","both"
"244","biceps/dumbbell-concentration-curl","Dumbbell Concentration Curl","dumbbell","biceps","strength","true","https://cdn.jsdelivr.net/gh/JahelCuadrado/ExerciseGymGifsDB@v1.1.0/biceps/dumbbell-concentration-curl.gif","concentration-curl","exact","https://cdn.jsdelivr.net/gh/bryllim/workout-guide@ba0b709cb20430361b2cb33aaadd20998164a916/packages/workout-guide/assets/concentration-curl/frame-1.svg","https://cdn.jsdelivr.net/gh/bryllim/workout-guide@ba0b709cb20430361b2cb33aaadd20998164a916/packages/workout-guide/assets/concentration-curl/frame-2.svg","https://cdn.jsdelivr.net/gh/bryllim/workout-guide@ba0b709cb20430361b2cb33aaadd20998164a916/packages/workout-guide/assets/concentration-curl/frame-3.svg","both"
"245","biceps/dumbbell-cross-body-hammer-curl-v-2","Dumbbell Cross Body Hammer Curl v2","dumbbell","biceps","strength","true","https://cdn.jsdelivr.net/gh/JahelCuadrado/ExerciseGymGifsDB@v1.1.0/biceps/dumbbell-cross-body-hammer-curl-v-2.gif","","","","","","gif_only"
"246","biceps/dumbbell-cross-body-hammer-curl","Dumbbell Cross Body Hammer Curl","dumbbell","biceps","strength","true","https://cdn.jsdelivr.net/gh/JahelCuadrado/ExerciseGymGifsDB@v1.1.0/biceps/dumbbell-cross-body-hammer-curl.gif","hammer-curl","fuzzy(0.50)","https://cdn.jsdelivr.net/gh/bryllim/workout-guide@ba0b709cb20430361b2cb33aaadd20998164a916/packages/workout-guide/assets/hammer-curl/frame-1.svg","https://cdn.jsdelivr.net/gh/bryllim/workout-guide@ba0b709cb20430361b2cb33aaadd20998164a916/packages/workout-guide/assets/hammer-curl/frame-2.svg","https://cdn.jsdelivr.net/gh/bryllim/workout-guide@ba0b709cb20430361b2cb33aaadd20998164a916/packages/workout-guide/assets/hammer-curl/frame-3.svg","both"
"247","biceps/dumbbell-hammer-curl-on-exercise-ball","Dumbbell Hammer Curl On Exercise Ball","dumbbell","biceps","strength","true","https://cdn.jsdelivr.net/gh/JahelCuadrado/ExerciseGymGifsDB@v1.1.0/biceps/dumbbell-hammer-curl-on-exercise-ball.gif","","","","","","gif_only"
"248","biceps/dumbbell-hammer-curl-v-2","Dumbbell Hammer Curl v2","dumbbell","biceps","strength","true","https://cdn.jsdelivr.net/gh/JahelCuadrado/ExerciseGymGifsDB@v1.1.0/biceps/dumbbell-hammer-curl-v-2.gif","hammer-curl","fuzzy(0.67)","https://cdn.jsdelivr.net/gh/bryllim/workout-guide@ba0b709cb20430361b2cb33aaadd20998164a916/packages/workout-guide/assets/hammer-curl/frame-1.svg","https://cdn.jsdelivr.net/gh/bryllim/workout-guide@ba0b709cb20430361b2cb33aaadd20998164a916/packages/workout-guide/assets/hammer-curl/frame-2.svg","https://cdn.jsdelivr.net/gh/bryllim/workout-guide@ba0b709cb20430361b2cb33aaadd20998164a916/packages/workout-guide/assets/hammer-curl/frame-3.svg","both"
"249","biceps/dumbbell-hammer-curl","Dumbbell Hammer Curl","dumbbell","biceps","strength","true","https://cdn.jsdelivr.net/gh/JahelCuadrado/ExerciseGymGifsDB@v1.1.0/biceps/dumbbell-hammer-curl.gif","hammer-curl","exact","https://cdn.jsdelivr.net/gh/bryllim/workout-guide@ba0b709cb20430361b2cb33aaadd20998164a916/packages/workout-guide/assets/hammer-curl/frame-1.svg","https://cdn.jsdelivr.net/gh/bryllim/workout-guide@ba0b709cb20430361b2cb33aaadd20998164a916/packages/workout-guide/assets/hammer-curl/frame-2.svg","https://cdn.jsdelivr.net/gh/bryllim/workout-guide@ba0b709cb20430361b2cb33aaadd20998164a916/packages/workout-guide/assets/hammer-curl/frame-3.svg","both"
"250","biceps/dumbbell-hammer-curls-with-arm-blaster","Dumbbell Hammer Curls With Arm Blaster","dumbbell","biceps","strength","true","https://cdn.jsdelivr.net/gh/JahelCuadrado/ExerciseGymGifsDB@v1.1.0/biceps/dumbbell-hammer-curls-with-arm-blaster.gif","","","","","","gif_only"
"251","biceps/dumbbell-high-curl","Dumbbell High Curl","dumbbell","biceps","strength","true","https://cdn.jsdelivr.net/gh/JahelCuadrado/ExerciseGymGifsDB@v1.1.0/biceps/dumbbell-high-curl.gif","","","","","","gif_only"
"252","biceps/dumbbell-incline-biceps-curl","Dumbbell Incline Biceps Curl","dumbbell","biceps","strength","true","https://cdn.jsdelivr.net/gh/JahelCuadrado/ExerciseGymGifsDB@v1.1.0/biceps/dumbbell-incline-biceps-curl.gif","bicep-curl","fuzzy(0.67)","https://cdn.jsdelivr.net/gh/bryllim/workout-guide@ba0b709cb20430361b2cb33aaadd20998164a916/packages/workout-guide/assets/bicep-curl/frame-1.svg","https://cdn.jsdelivr.net/gh/bryllim/workout-guide@ba0b709cb20430361b2cb33aaadd20998164a916/packages/workout-guide/assets/bicep-curl/frame-2.svg","https://cdn.jsdelivr.net/gh/bryllim/workout-guide@ba0b709cb20430361b2cb33aaadd20998164a916/packages/workout-guide/assets/bicep-curl/frame-3.svg","both"
"253","biceps/dumbbell-incline-curl-v-2","Dumbbell Incline Curl v2","dumbbell","biceps","strength","true","https://cdn.jsdelivr.net/gh/JahelCuadrado/ExerciseGymGifsDB@v1.1.0/biceps/dumbbell-incline-curl-v-2.gif","incline-dumbbell-curl","fuzzy(0.50)","https://cdn.jsdelivr.net/gh/bryllim/workout-guide@ba0b709cb20430361b2cb33aaadd20998164a916/packages/workout-guide/assets/incline-dumbbell-curl/frame-1.svg","https://cdn.jsdelivr.net/gh/bryllim/workout-guide@ba0b709cb20430361b2cb33aaadd20998164a916/packages/workout-guide/assets/incline-dumbbell-curl/frame-2.svg","https://cdn.jsdelivr.net/gh/bryllim/workout-guide@ba0b709cb20430361b2cb33aaadd20998164a916/packages/workout-guide/assets/incline-dumbbell-curl/frame-3.svg","both"
"254","biceps/dumbbell-incline-curl","Dumbbell Incline Curl","dumbbell","biceps","strength","true","https://cdn.jsdelivr.net/gh/JahelCuadrado/ExerciseGymGifsDB@v1.1.0/biceps/dumbbell-incline-curl.gif","incline-dumbbell-curl","fuzzy(0.67)","https://cdn.jsdelivr.net/gh/bryllim/workout-guide@ba0b709cb20430361b2cb33aaadd20998164a916/packages/workout-guide/assets/incline-dumbbell-curl/frame-1.svg","https://cdn.jsdelivr.net/gh/bryllim/workout-guide@ba0b709cb20430361b2cb33aaadd20998164a916/packages/workout-guide/assets/incline-dumbbell-curl/frame-2.svg","https://cdn.jsdelivr.net/gh/bryllim/workout-guide@ba0b709cb20430361b2cb33aaadd20998164a916/packages/workout-guide/assets/incline-dumbbell-curl/frame-3.svg","both"
"255","biceps/dumbbell-incline-hammer-curl","Dumbbell Incline Hammer Curl","dumbbell","biceps","strength","true","https://cdn.jsdelivr.net/gh/JahelCuadrado/ExerciseGymGifsDB@v1.1.0/biceps/dumbbell-incline-hammer-curl.gif","hammer-curl","fuzzy(0.67)","https://cdn.jsdelivr.net/gh/bryllim/workout-guide@ba0b709cb20430361b2cb33aaadd20998164a916/packages/workout-guide/assets/hammer-curl/frame-1.svg","https://cdn.jsdelivr.net/gh/bryllim/workout-guide@ba0b709cb20430361b2cb33aaadd20998164a916/packages/workout-guide/assets/hammer-curl/frame-2.svg","https://cdn.jsdelivr.net/gh/bryllim/workout-guide@ba0b709cb20430361b2cb33aaadd20998164a916/packages/workout-guide/assets/hammer-curl/frame-3.svg","both"
"256","biceps/dumbbell-incline-inner-biceps-curl","Dumbbell Incline Inner Biceps Curl","dumbbell","biceps","strength","true","https://cdn.jsdelivr.net/gh/JahelCuadrado/ExerciseGymGifsDB@v1.1.0/biceps/dumbbell-incline-inner-biceps-curl.gif","bicep-curl","fuzzy(0.50)","https://cdn.jsdelivr.net/gh/bryllim/workout-guide@ba0b709cb20430361b2cb33aaadd20998164a916/packages/workout-guide/assets/bicep-curl/frame-1.svg","https://cdn.jsdelivr.net/gh/bryllim/workout-guide@ba0b709cb20430361b2cb33aaadd20998164a916/packages/workout-guide/assets/bicep-curl/frame-2.svg","https://cdn.jsdelivr.net/gh/bryllim/workout-guide@ba0b709cb20430361b2cb33aaadd20998164a916/packages/workout-guide/assets/bicep-curl/frame-3.svg","both"
"257","biceps/dumbbell-kneeling-bicep-curl-exercise-ball","Dumbbell Kneeling Bicep Curl Exercise Ball","dumbbell","biceps","strength","true","https://cdn.jsdelivr.net/gh/JahelCuadrado/ExerciseGymGifsDB@v1.1.0/biceps/dumbbell-kneeling-bicep-curl-exercise-ball.gif","","","","","","gif_only"
"258","biceps/dumbbell-lunge-with-bicep-curl","Dumbbell Lunge With Bicep Curl","dumbbell","biceps","strength","true","https://cdn.jsdelivr.net/gh/JahelCuadrado/ExerciseGymGifsDB@v1.1.0/biceps/dumbbell-lunge-with-bicep-curl.gif","bicep-curl","fuzzy(0.50)","https://cdn.jsdelivr.net/gh/bryllim/workout-guide@ba0b709cb20430361b2cb33aaadd20998164a916/packages/workout-guide/assets/bicep-curl/frame-1.svg","https://cdn.jsdelivr.net/gh/bryllim/workout-guide@ba0b709cb20430361b2cb33aaadd20998164a916/packages/workout-guide/assets/bicep-curl/frame-2.svg","https://cdn.jsdelivr.net/gh/bryllim/workout-guide@ba0b709cb20430361b2cb33aaadd20998164a916/packages/workout-guide/assets/bicep-curl/frame-3.svg","both"
"259","biceps/dumbbell-lying-supine-biceps-curl","Dumbbell Lying Supine Biceps Curl","dumbbell","biceps","strength","true","https://cdn.jsdelivr.net/gh/JahelCuadrado/ExerciseGymGifsDB@v1.1.0/biceps/dumbbell-lying-supine-biceps-curl.gif","bicep-curl","fuzzy(0.50)","https://cdn.jsdelivr.net/gh/bryllim/workout-guide@ba0b709cb20430361b2cb33aaadd20998164a916/packages/workout-guide/assets/bicep-curl/frame-1.svg","https://cdn.jsdelivr.net/gh/bryllim/workout-guide@ba0b709cb20430361b2cb33aaadd20998164a916/packages/workout-guide/assets/bicep-curl/frame-2.svg","https://cdn.jsdelivr.net/gh/bryllim/workout-guide@ba0b709cb20430361b2cb33aaadd20998164a916/packages/workout-guide/assets/bicep-curl/frame-3.svg","both"
"260","biceps/dumbbell-lying-supine-curl","Dumbbell Lying Supine Curl","dumbbell","biceps","strength","true","https://cdn.jsdelivr.net/gh/JahelCuadrado/ExerciseGymGifsDB@v1.1.0/biceps/dumbbell-lying-supine-curl.gif","lying-leg-curl","fuzzy(0.50)","https://cdn.jsdelivr.net/gh/bryllim/workout-guide@ba0b709cb20430361b2cb33aaadd20998164a916/packages/workout-guide/assets/lying-leg-curl/frame-1.svg","https://cdn.jsdelivr.net/gh/bryllim/workout-guide@ba0b709cb20430361b2cb33aaadd20998164a916/packages/workout-guide/assets/lying-leg-curl/frame-2.svg","https://cdn.jsdelivr.net/gh/bryllim/workout-guide@ba0b709cb20430361b2cb33aaadd20998164a916/packages/workout-guide/assets/lying-leg-curl/frame-3.svg","both"
"261","biceps/dumbbell-lying-wide-curl","Dumbbell Lying Wide Curl","dumbbell","biceps","strength","true","https://cdn.jsdelivr.net/gh/JahelCuadrado/ExerciseGymGifsDB@v1.1.0/biceps/dumbbell-lying-wide-curl.gif","lying-leg-curl","fuzzy(0.50)","https://cdn.jsdelivr.net/gh/bryllim/workout-guide@ba0b709cb20430361b2cb33aaadd20998164a916/packages/workout-guide/assets/lying-leg-curl/frame-1.svg","https://cdn.jsdelivr.net/gh/bryllim/workout-guide@ba0b709cb20430361b2cb33aaadd20998164a916/packages/workout-guide/assets/lying-leg-curl/frame-2.svg","https://cdn.jsdelivr.net/gh/bryllim/workout-guide@ba0b709cb20430361b2cb33aaadd20998164a916/packages/workout-guide/assets/lying-leg-curl/frame-3.svg","both"
"262","biceps/dumbbell-one-arm-concentration-curl-on-stability-ball","Dumbbell One Arm Concentration Curl On Stability Ball","dumbbell","biceps","strength","true","https://cdn.jsdelivr.net/gh/JahelCuadrado/ExerciseGymGifsDB@v1.1.0/biceps/dumbbell-one-arm-concentration-curl-on-stability-ball.gif","","","","","","gif_only"
"263","biceps/dumbbell-one-arm-hammer-preacher-curl","Dumbbell One Arm Hammer Preacher Curl","dumbbell","biceps","strength","true","https://cdn.jsdelivr.net/gh/JahelCuadrado/ExerciseGymGifsDB@v1.1.0/biceps/dumbbell-one-arm-hammer-preacher-curl.gif","","","","","","gif_only"
"264","biceps/dumbbell-one-arm-prone-curl","Dumbbell One Arm Prone Curl","dumbbell","biceps","strength","true","https://cdn.jsdelivr.net/gh/JahelCuadrado/ExerciseGymGifsDB@v1.1.0/biceps/dumbbell-one-arm-prone-curl.gif","","","","","","gif_only"
"265","biceps/dumbbell-one-arm-prone-hammer-curl","Dumbbell One Arm Prone Hammer Curl","dumbbell","biceps","strength","true","https://cdn.jsdelivr.net/gh/JahelCuadrado/ExerciseGymGifsDB@v1.1.0/biceps/dumbbell-one-arm-prone-hammer-curl.gif","","","","","","gif_only"
"266","biceps/dumbbell-one-arm-reverse-preacher-curl","Dumbbell One Arm Reverse Preacher Curl","dumbbell","biceps","strength","true","https://cdn.jsdelivr.net/gh/JahelCuadrado/ExerciseGymGifsDB@v1.1.0/biceps/dumbbell-one-arm-reverse-preacher-curl.gif","","","","","","gif_only"
"267","biceps/dumbbell-one-arm-reverse-spider-curl","Dumbbell One Arm Reverse Spider Curl","dumbbell","biceps","strength","true","https://cdn.jsdelivr.net/gh/JahelCuadrado/ExerciseGymGifsDB@v1.1.0/biceps/dumbbell-one-arm-reverse-spider-curl.gif","","","","","","gif_only"
"268","biceps/dumbbell-one-arm-seated-bicep-curl-on-exercise-ball","Dumbbell One Arm Seated Bicep Curl On Exercise Ball","dumbbell","biceps","strength","true","https://cdn.jsdelivr.net/gh/JahelCuadrado/ExerciseGymGifsDB@v1.1.0/biceps/dumbbell-one-arm-seated-bicep-curl-on-exercise-ball.gif","","","","","","gif_only"
"269","biceps/dumbbell-one-arm-seated-hammer-curl","Dumbbell One Arm Seated Hammer Curl","dumbbell","biceps","strength","true","https://cdn.jsdelivr.net/gh/JahelCuadrado/ExerciseGymGifsDB@v1.1.0/biceps/dumbbell-one-arm-seated-hammer-curl.gif","","","","","","gif_only"
"270","biceps/dumbbell-one-arm-standing-curl","Dumbbell One Arm Standing Curl","dumbbell","biceps","strength","true","https://cdn.jsdelivr.net/gh/JahelCuadrado/ExerciseGymGifsDB@v1.1.0/biceps/dumbbell-one-arm-standing-curl.gif","","","","","","gif_only"
"271","biceps/dumbbell-one-arm-standing-hammer-curl","Dumbbell One Arm Standing Hammer Curl","dumbbell","biceps","strength","true","https://cdn.jsdelivr.net/gh/JahelCuadrado/ExerciseGymGifsDB@v1.1.0/biceps/dumbbell-one-arm-standing-hammer-curl.gif","","","","","","gif_only"
"272","biceps/dumbbell-one-arm-zottman-preacher-curl","Dumbbell One Arm Zottman Preacher Curl","dumbbell","biceps","strength","true","https://cdn.jsdelivr.net/gh/JahelCuadrado/ExerciseGymGifsDB@v1.1.0/biceps/dumbbell-one-arm-zottman-preacher-curl.gif","","","","","","gif_only"
"273","biceps/dumbbell-over-bench-neutral-wrist-curl","Dumbbell Over Bench Neutral Wrist Curl","dumbbell","biceps","strength","true","https://cdn.jsdelivr.net/gh/JahelCuadrado/ExerciseGymGifsDB@v1.1.0/biceps/dumbbell-over-bench-neutral-wrist-curl.gif","","","","","","gif_only"
"274","biceps/dumbbell-over-bench-one-arm-neutral-wrist-curl","Dumbbell Over Bench One Arm Neutral Wrist Curl","dumbbell","biceps","strength","true","https://cdn.jsdelivr.net/gh/JahelCuadrado/ExerciseGymGifsDB@v1.1.0/biceps/dumbbell-over-bench-one-arm-neutral-wrist-curl.gif","","","","","","gif_only"
"275","biceps/dumbbell-peacher-hammer-curl","Dumbbell Peacher Hammer Curl","dumbbell","biceps","strength","true","https://cdn.jsdelivr.net/gh/JahelCuadrado/ExerciseGymGifsDB@v1.1.0/biceps/dumbbell-peacher-hammer-curl.gif","hammer-curl","fuzzy(0.67)","https://cdn.jsdelivr.net/gh/bryllim/workout-guide@ba0b709cb20430361b2cb33aaadd20998164a916/packages/workout-guide/assets/hammer-curl/frame-1.svg","https://cdn.jsdelivr.net/gh/bryllim/workout-guide@ba0b709cb20430361b2cb33aaadd20998164a916/packages/workout-guide/assets/hammer-curl/frame-2.svg","https://cdn.jsdelivr.net/gh/bryllim/workout-guide@ba0b709cb20430361b2cb33aaadd20998164a916/packages/workout-guide/assets/hammer-curl/frame-3.svg","both"
"276","biceps/dumbbell-preacher-curl-over-exercise-ball","Dumbbell Preacher Curl Over Exercise Ball","dumbbell","biceps","strength","true","https://cdn.jsdelivr.net/gh/JahelCuadrado/ExerciseGymGifsDB@v1.1.0/biceps/dumbbell-preacher-curl-over-exercise-ball.gif","","","","","","gif_only"
"277","biceps/dumbbell-preacher-curl","Dumbbell Preacher Curl","dumbbell","biceps","strength","true","https://cdn.jsdelivr.net/gh/JahelCuadrado/ExerciseGymGifsDB@v1.1.0/biceps/dumbbell-preacher-curl.gif","preacher-curl","exact","https://cdn.jsdelivr.net/gh/bryllim/workout-guide@ba0b709cb20430361b2cb33aaadd20998164a916/packages/workout-guide/assets/preacher-curl/frame-1.svg","https://cdn.jsdelivr.net/gh/bryllim/workout-guide@ba0b709cb20430361b2cb33aaadd20998164a916/packages/workout-guide/assets/preacher-curl/frame-2.svg","https://cdn.jsdelivr.net/gh/bryllim/workout-guide@ba0b709cb20430361b2cb33aaadd20998164a916/packages/workout-guide/assets/preacher-curl/frame-3.svg","both"
"278","biceps/dumbbell-prone-incline-curl","Dumbbell Prone Incline Curl","dumbbell","biceps","strength","true","https://cdn.jsdelivr.net/gh/JahelCuadrado/ExerciseGymGifsDB@v1.1.0/biceps/dumbbell-prone-incline-curl.gif","incline-dumbbell-curl","fuzzy(0.50)","https://cdn.jsdelivr.net/gh/bryllim/workout-guide@ba0b709cb20430361b2cb33aaadd20998164a916/packages/workout-guide/assets/incline-dumbbell-curl/frame-1.svg","https://cdn.jsdelivr.net/gh/bryllim/workout-guide@ba0b709cb20430361b2cb33aaadd20998164a916/packages/workout-guide/assets/incline-dumbbell-curl/frame-2.svg","https://cdn.jsdelivr.net/gh/bryllim/workout-guide@ba0b709cb20430361b2cb33aaadd20998164a916/packages/workout-guide/assets/incline-dumbbell-curl/frame-3.svg","both"
"279","biceps/dumbbell-prone-incline-hammer-curl","Dumbbell Prone Incline Hammer Curl","dumbbell","biceps","strength","true","https://cdn.jsdelivr.net/gh/JahelCuadrado/ExerciseGymGifsDB@v1.1.0/biceps/dumbbell-prone-incline-hammer-curl.gif","hammer-curl","fuzzy(0.50)","https://cdn.jsdelivr.net/gh/bryllim/workout-guide@ba0b709cb20430361b2cb33aaadd20998164a916/packages/workout-guide/assets/hammer-curl/frame-1.svg","https://cdn.jsdelivr.net/gh/bryllim/workout-guide@ba0b709cb20430361b2cb33aaadd20998164a916/packages/workout-guide/assets/hammer-curl/frame-2.svg","https://cdn.jsdelivr.net/gh/bryllim/workout-guide@ba0b709cb20430361b2cb33aaadd20998164a916/packages/workout-guide/assets/hammer-curl/frame-3.svg","both"
"280","biceps/dumbbell-revers-grip-biceps-curl","Dumbbell Revers Grip Biceps Curl","dumbbell","biceps","strength","true","https://cdn.jsdelivr.net/gh/JahelCuadrado/ExerciseGymGifsDB@v1.1.0/biceps/dumbbell-revers-grip-biceps-curl.gif","bicep-curl","fuzzy(0.50)","https://cdn.jsdelivr.net/gh/bryllim/workout-guide@ba0b709cb20430361b2cb33aaadd20998164a916/packages/workout-guide/assets/bicep-curl/frame-1.svg","https://cdn.jsdelivr.net/gh/bryllim/workout-guide@ba0b709cb20430361b2cb33aaadd20998164a916/packages/workout-guide/assets/bicep-curl/frame-2.svg","https://cdn.jsdelivr.net/gh/bryllim/workout-guide@ba0b709cb20430361b2cb33aaadd20998164a916/packages/workout-guide/assets/bicep-curl/frame-3.svg","both"
"281","biceps/dumbbell-reverse-preacher-curl","Dumbbell Reverse Preacher Curl","dumbbell","biceps","strength","true","https://cdn.jsdelivr.net/gh/JahelCuadrado/ExerciseGymGifsDB@v1.1.0/biceps/dumbbell-reverse-preacher-curl.gif","preacher-curl","fuzzy(0.67)","https://cdn.jsdelivr.net/gh/bryllim/workout-guide@ba0b709cb20430361b2cb33aaadd20998164a916/packages/workout-guide/assets/preacher-curl/frame-1.svg","https://cdn.jsdelivr.net/gh/bryllim/workout-guide@ba0b709cb20430361b2cb33aaadd20998164a916/packages/workout-guide/assets/preacher-curl/frame-2.svg","https://cdn.jsdelivr.net/gh/bryllim/workout-guide@ba0b709cb20430361b2cb33aaadd20998164a916/packages/workout-guide/assets/preacher-curl/frame-3.svg","both"
"282","biceps/dumbbell-reverse-spider-curl","Dumbbell Reverse Spider Curl","dumbbell","biceps","strength","true","https://cdn.jsdelivr.net/gh/JahelCuadrado/ExerciseGymGifsDB@v1.1.0/biceps/dumbbell-reverse-spider-curl.gif","reverse-curl","fuzzy(0.67)","https://cdn.jsdelivr.net/gh/bryllim/workout-guide@ba0b709cb20430361b2cb33aaadd20998164a916/packages/workout-guide/assets/reverse-curl/frame-1.svg","https://cdn.jsdelivr.net/gh/bryllim/workout-guide@ba0b709cb20430361b2cb33aaadd20998164a916/packages/workout-guide/assets/reverse-curl/frame-2.svg","https://cdn.jsdelivr.net/gh/bryllim/workout-guide@ba0b709cb20430361b2cb33aaadd20998164a916/packages/workout-guide/assets/reverse-curl/frame-3.svg","both"
"283","biceps/dumbbell-seated-alternate-hammer-curl-on-exercise-ball","Dumbbell Seated Alternate Hammer Curl On Exercise Ball","dumbbell","biceps","strength","true","https://cdn.jsdelivr.net/gh/JahelCuadrado/ExerciseGymGifsDB@v1.1.0/biceps/dumbbell-seated-alternate-hammer-curl-on-exercise-ball.gif","","","","","","gif_only"
"284","biceps/dumbbell-seated-bicep-curl","Dumbbell Seated Bicep Curl","dumbbell","biceps","strength","true","https://cdn.jsdelivr.net/gh/JahelCuadrado/ExerciseGymGifsDB@v1.1.0/biceps/dumbbell-seated-bicep-curl.gif","bicep-curl","fuzzy(0.67)","https://cdn.jsdelivr.net/gh/bryllim/workout-guide@ba0b709cb20430361b2cb33aaadd20998164a916/packages/workout-guide/assets/bicep-curl/frame-1.svg","https://cdn.jsdelivr.net/gh/bryllim/workout-guide@ba0b709cb20430361b2cb33aaadd20998164a916/packages/workout-guide/assets/bicep-curl/frame-2.svg","https://cdn.jsdelivr.net/gh/bryllim/workout-guide@ba0b709cb20430361b2cb33aaadd20998164a916/packages/workout-guide/assets/bicep-curl/frame-3.svg","both"
"285","biceps/dumbbell-seated-biceps-curl-on-stability-ball","Dumbbell Seated Biceps Curl On Stability Ball","dumbbell","biceps","strength","true","https://cdn.jsdelivr.net/gh/JahelCuadrado/ExerciseGymGifsDB@v1.1.0/biceps/dumbbell-seated-biceps-curl-on-stability-ball.gif","","","","","","gif_only"
"286","biceps/dumbbell-seated-biceps-curl-to-shoulder-press","Dumbbell Seated Biceps Curl To Shoulder Press","dumbbell","biceps","strength","true","https://cdn.jsdelivr.net/gh/JahelCuadrado/ExerciseGymGifsDB@v1.1.0/biceps/dumbbell-seated-biceps-curl-to-shoulder-press.gif","","","","","","gif_only"
"287","biceps/dumbbell-seated-curl","Dumbbell Seated Curl","dumbbell","biceps","strength","true","https://cdn.jsdelivr.net/gh/JahelCuadrado/ExerciseGymGifsDB@v1.1.0/biceps/dumbbell-seated-curl.gif","seated-leg-curl","fuzzy(0.67)","https://cdn.jsdelivr.net/gh/bryllim/workout-guide@ba0b709cb20430361b2cb33aaadd20998164a916/packages/workout-guide/assets/seated-leg-curl/frame-1.svg","https://cdn.jsdelivr.net/gh/bryllim/workout-guide@ba0b709cb20430361b2cb33aaadd20998164a916/packages/workout-guide/assets/seated-leg-curl/frame-2.svg","https://cdn.jsdelivr.net/gh/bryllim/workout-guide@ba0b709cb20430361b2cb33aaadd20998164a916/packages/workout-guide/assets/seated-leg-curl/frame-3.svg","both"
"288","biceps/dumbbell-seated-hammer-curl","Dumbbell Seated Hammer Curl","dumbbell","biceps","strength","true","https://cdn.jsdelivr.net/gh/JahelCuadrado/ExerciseGymGifsDB@v1.1.0/biceps/dumbbell-seated-hammer-curl.gif","hammer-curl","fuzzy(0.67)","https://cdn.jsdelivr.net/gh/bryllim/workout-guide@ba0b709cb20430361b2cb33aaadd20998164a916/packages/workout-guide/assets/hammer-curl/frame-1.svg","https://cdn.jsdelivr.net/gh/bryllim/workout-guide@ba0b709cb20430361b2cb33aaadd20998164a916/packages/workout-guide/assets/hammer-curl/frame-2.svg","https://cdn.jsdelivr.net/gh/bryllim/workout-guide@ba0b709cb20430361b2cb33aaadd20998164a916/packages/workout-guide/assets/hammer-curl/frame-3.svg","both"
"289","biceps/dumbbell-seated-inner-biceps-curl","Dumbbell Seated Inner Biceps Curl","dumbbell","biceps","strength","true","https://cdn.jsdelivr.net/gh/JahelCuadrado/ExerciseGymGifsDB@v1.1.0/biceps/dumbbell-seated-inner-biceps-curl.gif","bicep-curl","fuzzy(0.50)","https://cdn.jsdelivr.net/gh/bryllim/workout-guide@ba0b709cb20430361b2cb33aaadd20998164a916/packages/workout-guide/assets/bicep-curl/frame-1.svg","https://cdn.jsdelivr.net/gh/bryllim/workout-guide@ba0b709cb20430361b2cb33aaadd20998164a916/packages/workout-guide/assets/bicep-curl/frame-2.svg","https://cdn.jsdelivr.net/gh/bryllim/workout-guide@ba0b709cb20430361b2cb33aaadd20998164a916/packages/workout-guide/assets/bicep-curl/frame-3.svg","both"
"290","biceps/dumbbell-seated-neutral-wrist-curl","Dumbbell Seated Neutral Wrist Curl","dumbbell","biceps","strength","true","https://cdn.jsdelivr.net/gh/JahelCuadrado/ExerciseGymGifsDB@v1.1.0/biceps/dumbbell-seated-neutral-wrist-curl.gif","wrist-curl","fuzzy(0.50)","https://cdn.jsdelivr.net/gh/bryllim/workout-guide@ba0b709cb20430361b2cb33aaadd20998164a916/packages/workout-guide/assets/wrist-curl/frame-1.svg","https://cdn.jsdelivr.net/gh/bryllim/workout-guide@ba0b709cb20430361b2cb33aaadd20998164a916/packages/workout-guide/assets/wrist-curl/frame-2.svg","https://cdn.jsdelivr.net/gh/bryllim/workout-guide@ba0b709cb20430361b2cb33aaadd20998164a916/packages/workout-guide/assets/wrist-curl/frame-3.svg","both"
"291","biceps/dumbbell-seated-one-arm-bicep-curl-on-exercise-ball-with-leg-raised","Dumbbell Seated One Arm Bicep Curl On Exercise Ball With Leg Raised","dumbbell","biceps","strength","true","https://cdn.jsdelivr.net/gh/JahelCuadrado/ExerciseGymGifsDB@v1.1.0/biceps/dumbbell-seated-one-arm-bicep-curl-on-exercise-ball-with-leg-raised.gif","","","","","","gif_only"
"292","biceps/dumbbell-seated-preacher-curl","Dumbbell Seated Preacher Curl","dumbbell","biceps","strength","true","https://cdn.jsdelivr.net/gh/JahelCuadrado/ExerciseGymGifsDB@v1.1.0/biceps/dumbbell-seated-preacher-curl.gif","preacher-curl","fuzzy(0.67)","https://cdn.jsdelivr.net/gh/bryllim/workout-guide@ba0b709cb20430361b2cb33aaadd20998164a916/packages/workout-guide/assets/preacher-curl/frame-1.svg","https://cdn.jsdelivr.net/gh/bryllim/workout-guide@ba0b709cb20430361b2cb33aaadd20998164a916/packages/workout-guide/assets/preacher-curl/frame-2.svg","https://cdn.jsdelivr.net/gh/bryllim/workout-guide@ba0b709cb20430361b2cb33aaadd20998164a916/packages/workout-guide/assets/preacher-curl/frame-3.svg","both"
"293","biceps/dumbbell-seated-revers-grip-concentration-curl","Dumbbell Seated Revers Grip Concentration Curl","dumbbell","biceps","strength","true","https://cdn.jsdelivr.net/gh/JahelCuadrado/ExerciseGymGifsDB@v1.1.0/biceps/dumbbell-seated-revers-grip-concentration-curl.gif","","","","","","gif_only"
"294","biceps/dumbbell-standing-alternate-hammer-curl-and-press","Dumbbell Standing Alternate Hammer Curl And Press","dumbbell","biceps","strength","true","https://cdn.jsdelivr.net/gh/JahelCuadrado/ExerciseGymGifsDB@v1.1.0/biceps/dumbbell-standing-alternate-hammer-curl-and-press.gif","","","","","","gif_only"
"295","biceps/dumbbell-standing-biceps-curl","Dumbbell Standing Biceps Curl","dumbbell","biceps","strength","true","https://cdn.jsdelivr.net/gh/JahelCuadrado/ExerciseGymGifsDB@v1.1.0/biceps/dumbbell-standing-biceps-curl.gif","bicep-curl","fuzzy(0.67)","https://cdn.jsdelivr.net/gh/bryllim/workout-guide@ba0b709cb20430361b2cb33aaadd20998164a916/packages/workout-guide/assets/bicep-curl/frame-1.svg","https://cdn.jsdelivr.net/gh/bryllim/workout-guide@ba0b709cb20430361b2cb33aaadd20998164a916/packages/workout-guide/assets/bicep-curl/frame-2.svg","https://cdn.jsdelivr.net/gh/bryllim/workout-guide@ba0b709cb20430361b2cb33aaadd20998164a916/packages/workout-guide/assets/bicep-curl/frame-3.svg","both"
"296","biceps/dumbbell-standing-concentration-curl","Dumbbell Standing Concentration Curl","dumbbell","biceps","strength","true","https://cdn.jsdelivr.net/gh/JahelCuadrado/ExerciseGymGifsDB@v1.1.0/biceps/dumbbell-standing-concentration-curl.gif","concentration-curl","fuzzy(0.67)","https://cdn.jsdelivr.net/gh/bryllim/workout-guide@ba0b709cb20430361b2cb33aaadd20998164a916/packages/workout-guide/assets/concentration-curl/frame-1.svg","https://cdn.jsdelivr.net/gh/bryllim/workout-guide@ba0b709cb20430361b2cb33aaadd20998164a916/packages/workout-guide/assets/concentration-curl/frame-2.svg","https://cdn.jsdelivr.net/gh/bryllim/workout-guide@ba0b709cb20430361b2cb33aaadd20998164a916/packages/workout-guide/assets/concentration-curl/frame-3.svg","both"
"297","biceps/dumbbell-standing-inner-biceps-curl-v-2","Dumbbell Standing Inner Biceps Curl v2","dumbbell","biceps","strength","true","https://cdn.jsdelivr.net/gh/JahelCuadrado/ExerciseGymGifsDB@v1.1.0/biceps/dumbbell-standing-inner-biceps-curl-v-2.gif","","","","","","gif_only"
"298","biceps/dumbbell-standing-one-arm-concentration-curl","Dumbbell Standing One Arm Concentration Curl","dumbbell","biceps","strength","true","https://cdn.jsdelivr.net/gh/JahelCuadrado/ExerciseGymGifsDB@v1.1.0/biceps/dumbbell-standing-one-arm-concentration-curl.gif","","","","","","gif_only"
"299","biceps/dumbbell-standing-one-arm-curl-over-incline-bench-1680","Dumbbell Standing One Arm Curl Over Incline Bench 1680","dumbbell","biceps","strength","true","https://cdn.jsdelivr.net/gh/JahelCuadrado/ExerciseGymGifsDB@v1.1.0/biceps/dumbbell-standing-one-arm-curl-over-incline-bench-1680.gif","","","","","","gif_only"
"300","biceps/dumbbell-standing-one-arm-curl-over-incline-bench","Dumbbell Standing One Arm Curl Over Incline Bench","dumbbell","biceps","strength","true","https://cdn.jsdelivr.net/gh/JahelCuadrado/ExerciseGymGifsDB@v1.1.0/biceps/dumbbell-standing-one-arm-curl-over-incline-bench.gif","","","","","","gif_only"
"301","biceps/dumbbell-standing-one-arm-reverse-curl","Dumbbell Standing One Arm Reverse Curl","dumbbell","biceps","strength","true","https://cdn.jsdelivr.net/gh/JahelCuadrado/ExerciseGymGifsDB@v1.1.0/biceps/dumbbell-standing-one-arm-reverse-curl.gif","","","","","","gif_only"
"302","biceps/dumbbell-standing-preacher-curl","Dumbbell Standing Preacher Curl","dumbbell","biceps","strength","true","https://cdn.jsdelivr.net/gh/JahelCuadrado/ExerciseGymGifsDB@v1.1.0/biceps/dumbbell-standing-preacher-curl.gif","preacher-curl","fuzzy(0.67)","https://cdn.jsdelivr.net/gh/bryllim/workout-guide@ba0b709cb20430361b2cb33aaadd20998164a916/packages/workout-guide/assets/preacher-curl/frame-1.svg","https://cdn.jsdelivr.net/gh/bryllim/workout-guide@ba0b709cb20430361b2cb33aaadd20998164a916/packages/workout-guide/assets/preacher-curl/frame-2.svg","https://cdn.jsdelivr.net/gh/bryllim/workout-guide@ba0b709cb20430361b2cb33aaadd20998164a916/packages/workout-guide/assets/preacher-curl/frame-3.svg","both"
"303","biceps/dumbbell-standing-reverse-curl","Dumbbell Standing Reverse Curl","dumbbell","biceps","strength","true","https://cdn.jsdelivr.net/gh/JahelCuadrado/ExerciseGymGifsDB@v1.1.0/biceps/dumbbell-standing-reverse-curl.gif","reverse-curl","fuzzy(0.67)","https://cdn.jsdelivr.net/gh/bryllim/workout-guide@ba0b709cb20430361b2cb33aaadd20998164a916/packages/workout-guide/assets/reverse-curl/frame-1.svg","https://cdn.jsdelivr.net/gh/bryllim/workout-guide@ba0b709cb20430361b2cb33aaadd20998164a916/packages/workout-guide/assets/reverse-curl/frame-2.svg","https://cdn.jsdelivr.net/gh/bryllim/workout-guide@ba0b709cb20430361b2cb33aaadd20998164a916/packages/workout-guide/assets/reverse-curl/frame-3.svg","both"
"304","biceps/dumbbell-standing-zottman-preacher-curl","Dumbbell Standing Zottman Preacher Curl","dumbbell","biceps","strength","true","https://cdn.jsdelivr.net/gh/JahelCuadrado/ExerciseGymGifsDB@v1.1.0/biceps/dumbbell-standing-zottman-preacher-curl.gif","preacher-curl","fuzzy(0.50)","https://cdn.jsdelivr.net/gh/bryllim/workout-guide@ba0b709cb20430361b2cb33aaadd20998164a916/packages/workout-guide/assets/preacher-curl/frame-1.svg","https://cdn.jsdelivr.net/gh/bryllim/workout-guide@ba0b709cb20430361b2cb33aaadd20998164a916/packages/workout-guide/assets/preacher-curl/frame-2.svg","https://cdn.jsdelivr.net/gh/bryllim/workout-guide@ba0b709cb20430361b2cb33aaadd20998164a916/packages/workout-guide/assets/preacher-curl/frame-3.svg","both"
"305","biceps/dumbbell-step-up-single-leg-balance-with-bicep-curl","Dumbbell Step Up Single Leg Balance With Bicep Curl","dumbbell","biceps","strength","true","https://cdn.jsdelivr.net/gh/JahelCuadrado/ExerciseGymGifsDB@v1.1.0/biceps/dumbbell-step-up-single-leg-balance-with-bicep-curl.gif","","","","","","gif_only"
"306","biceps/dumbbell-waiter-biceps-curl","Dumbbell Waiter Biceps Curl","dumbbell","biceps","strength","true","https://cdn.jsdelivr.net/gh/JahelCuadrado/ExerciseGymGifsDB@v1.1.0/biceps/dumbbell-waiter-biceps-curl.gif","bicep-curl","fuzzy(0.67)","https://cdn.jsdelivr.net/gh/bryllim/workout-guide@ba0b709cb20430361b2cb33aaadd20998164a916/packages/workout-guide/assets/bicep-curl/frame-1.svg","https://cdn.jsdelivr.net/gh/bryllim/workout-guide@ba0b709cb20430361b2cb33aaadd20998164a916/packages/workout-guide/assets/bicep-curl/frame-2.svg","https://cdn.jsdelivr.net/gh/bryllim/workout-guide@ba0b709cb20430361b2cb33aaadd20998164a916/packages/workout-guide/assets/bicep-curl/frame-3.svg","both"
"307","biceps/dumbbell-zottman-curl","Dumbbell Zottman Curl","dumbbell","biceps","strength","true","https://cdn.jsdelivr.net/gh/JahelCuadrado/ExerciseGymGifsDB@v1.1.0/biceps/dumbbell-zottman-curl.gif","","","","","","gif_only"
"308","biceps/dumbbell-zottman-preacher-curl","Dumbbell Zottman Preacher Curl","dumbbell","biceps","strength","true","https://cdn.jsdelivr.net/gh/JahelCuadrado/ExerciseGymGifsDB@v1.1.0/biceps/dumbbell-zottman-preacher-curl.gif","preacher-curl","fuzzy(0.67)","https://cdn.jsdelivr.net/gh/bryllim/workout-guide@ba0b709cb20430361b2cb33aaadd20998164a916/packages/workout-guide/assets/preacher-curl/frame-1.svg","https://cdn.jsdelivr.net/gh/bryllim/workout-guide@ba0b709cb20430361b2cb33aaadd20998164a916/packages/workout-guide/assets/preacher-curl/frame-2.svg","https://cdn.jsdelivr.net/gh/bryllim/workout-guide@ba0b709cb20430361b2cb33aaadd20998164a916/packages/workout-guide/assets/preacher-curl/frame-3.svg","both"
"309","biceps/ez-bar-biceps-curl-with-arm-blaster","Ez Bar Biceps Curl With Arm Blaster","ez-bar","biceps","strength","true","https://cdn.jsdelivr.net/gh/JahelCuadrado/ExerciseGymGifsDB@v1.1.0/biceps/ez-bar-biceps-curl-with-arm-blaster.gif","","","","","","gif_only"
"310","biceps/ez-bar-seated-close-grip-concentration-curl","Ez Bar Seated Close Grip Concentration Curl","ez-bar","biceps","strength","true","https://cdn.jsdelivr.net/gh/JahelCuadrado/ExerciseGymGifsDB@v1.1.0/biceps/ez-bar-seated-close-grip-concentration-curl.gif","","","","","","gif_only"
"311","biceps/ez-barbell-close-grip-curl","Ez Barbell Close Grip Curl","ez-bar","biceps","strength","true","https://cdn.jsdelivr.net/gh/JahelCuadrado/ExerciseGymGifsDB@v1.1.0/biceps/ez-barbell-close-grip-curl.gif","","","","","","gif_only"
"312","biceps/ez-barbell-close-grip-preacher-curl","Ez Barbell Close Grip Preacher Curl","ez-bar","biceps","strength","true","https://cdn.jsdelivr.net/gh/JahelCuadrado/ExerciseGymGifsDB@v1.1.0/biceps/ez-barbell-close-grip-preacher-curl.gif","preacher-curl","fuzzy(0.50)","https://cdn.jsdelivr.net/gh/bryllim/workout-guide@ba0b709cb20430361b2cb33aaadd20998164a916/packages/workout-guide/assets/preacher-curl/frame-1.svg","https://cdn.jsdelivr.net/gh/bryllim/workout-guide@ba0b709cb20430361b2cb33aaadd20998164a916/packages/workout-guide/assets/preacher-curl/frame-2.svg","https://cdn.jsdelivr.net/gh/bryllim/workout-guide@ba0b709cb20430361b2cb33aaadd20998164a916/packages/workout-guide/assets/preacher-curl/frame-3.svg","both"
"313","biceps/ez-barbell-curl","Ez Barbell Curl","ez-bar","biceps","strength","true","https://cdn.jsdelivr.net/gh/JahelCuadrado/ExerciseGymGifsDB@v1.1.0/biceps/ez-barbell-curl.gif","leg-curl","fuzzy(0.50)","https://cdn.jsdelivr.net/gh/bryllim/workout-guide@ba0b709cb20430361b2cb33aaadd20998164a916/packages/workout-guide/assets/leg-curl/frame-1.svg","https://cdn.jsdelivr.net/gh/bryllim/workout-guide@ba0b709cb20430361b2cb33aaadd20998164a916/packages/workout-guide/assets/leg-curl/frame-2.svg","https://cdn.jsdelivr.net/gh/bryllim/workout-guide@ba0b709cb20430361b2cb33aaadd20998164a916/packages/workout-guide/assets/leg-curl/frame-3.svg","both"
"314","biceps/ez-barbell-reverse-grip-curl","Ez Barbell Reverse Grip Curl","ez-bar","biceps","strength","true","https://cdn.jsdelivr.net/gh/JahelCuadrado/ExerciseGymGifsDB@v1.1.0/biceps/ez-barbell-reverse-grip-curl.gif","reverse-curl","fuzzy(0.67)","https://cdn.jsdelivr.net/gh/bryllim/workout-guide@ba0b709cb20430361b2cb33aaadd20998164a916/packages/workout-guide/assets/reverse-curl/frame-1.svg","https://cdn.jsdelivr.net/gh/bryllim/workout-guide@ba0b709cb20430361b2cb33aaadd20998164a916/packages/workout-guide/assets/reverse-curl/frame-2.svg","https://cdn.jsdelivr.net/gh/bryllim/workout-guide@ba0b709cb20430361b2cb33aaadd20998164a916/packages/workout-guide/assets/reverse-curl/frame-3.svg","both"
"315","biceps/ez-barbell-reverse-grip-preacher-curl","Ez Barbell Reverse Grip Preacher Curl","ez-bar","biceps","strength","true","https://cdn.jsdelivr.net/gh/JahelCuadrado/ExerciseGymGifsDB@v1.1.0/biceps/ez-barbell-reverse-grip-preacher-curl.gif","preacher-curl","fuzzy(0.50)","https://cdn.jsdelivr.net/gh/bryllim/workout-guide@ba0b709cb20430361b2cb33aaadd20998164a916/packages/workout-guide/assets/preacher-curl/frame-1.svg","https://cdn.jsdelivr.net/gh/bryllim/workout-guide@ba0b709cb20430361b2cb33aaadd20998164a916/packages/workout-guide/assets/preacher-curl/frame-2.svg","https://cdn.jsdelivr.net/gh/bryllim/workout-guide@ba0b709cb20430361b2cb33aaadd20998164a916/packages/workout-guide/assets/preacher-curl/frame-3.svg","both"
"316","biceps/ez-barbell-seated-curls","Ez Barbell Seated Curls","ez-bar","biceps","strength","true","https://cdn.jsdelivr.net/gh/JahelCuadrado/ExerciseGymGifsDB@v1.1.0/biceps/ez-barbell-seated-curls.gif","seated-leg-curl","fuzzy(0.67)","https://cdn.jsdelivr.net/gh/bryllim/workout-guide@ba0b709cb20430361b2cb33aaadd20998164a916/packages/workout-guide/assets/seated-leg-curl/frame-1.svg","https://cdn.jsdelivr.net/gh/bryllim/workout-guide@ba0b709cb20430361b2cb33aaadd20998164a916/packages/workout-guide/assets/seated-leg-curl/frame-2.svg","https://cdn.jsdelivr.net/gh/bryllim/workout-guide@ba0b709cb20430361b2cb33aaadd20998164a916/packages/workout-guide/assets/seated-leg-curl/frame-3.svg","both"
"317","biceps/ez-barbell-spider-curl-1628","Ez Barbell Spider Curl 1628","ez-bar","biceps","strength","true","https://cdn.jsdelivr.net/gh/JahelCuadrado/ExerciseGymGifsDB@v1.1.0/biceps/ez-barbell-spider-curl-1628.gif","spider-curl","fuzzy(0.67)","https://cdn.jsdelivr.net/gh/bryllim/workout-guide@ba0b709cb20430361b2cb33aaadd20998164a916/packages/workout-guide/assets/spider-curl/frame-1.svg","https://cdn.jsdelivr.net/gh/bryllim/workout-guide@ba0b709cb20430361b2cb33aaadd20998164a916/packages/workout-guide/assets/spider-curl/frame-2.svg","https://cdn.jsdelivr.net/gh/bryllim/workout-guide@ba0b709cb20430361b2cb33aaadd20998164a916/packages/workout-guide/assets/spider-curl/frame-3.svg","both"
"318","biceps/ez-barbell-spider-curl","Ez Barbell Spider Curl","ez-bar","biceps","strength","true","https://cdn.jsdelivr.net/gh/JahelCuadrado/ExerciseGymGifsDB@v1.1.0/biceps/ez-barbell-spider-curl.gif","spider-curl","exact","https://cdn.jsdelivr.net/gh/bryllim/workout-guide@ba0b709cb20430361b2cb33aaadd20998164a916/packages/workout-guide/assets/spider-curl/frame-1.svg","https://cdn.jsdelivr.net/gh/bryllim/workout-guide@ba0b709cb20430361b2cb33aaadd20998164a916/packages/workout-guide/assets/spider-curl/frame-2.svg","https://cdn.jsdelivr.net/gh/bryllim/workout-guide@ba0b709cb20430361b2cb33aaadd20998164a916/packages/workout-guide/assets/spider-curl/frame-3.svg","both"
"319","biceps/ez-barbell-standing-wide-grip-biceps-curl","Ez Barbell Standing Wide Grip Biceps Curl","ez-bar","biceps","strength","true","https://cdn.jsdelivr.net/gh/JahelCuadrado/ExerciseGymGifsDB@v1.1.0/biceps/ez-barbell-standing-wide-grip-biceps-curl.gif","","","","","","gif_only"
"320","biceps/kettlebell-bottoms-up-clean-from-the-hang-position","Kettlebell Bottoms Up Clean From The Hang Position","kettlebell","biceps","strength","true","https://cdn.jsdelivr.net/gh/JahelCuadrado/ExerciseGymGifsDB@v1.1.0/biceps/kettlebell-bottoms-up-clean-from-the-hang-position.gif","","","","","","gif_only"
"321","biceps/kettlebell-double-alternating-hang-clean","Kettlebell Double Alternating Hang Clean","kettlebell","biceps","strength","true","https://cdn.jsdelivr.net/gh/JahelCuadrado/ExerciseGymGifsDB@v1.1.0/biceps/kettlebell-double-alternating-hang-clean.gif","","","","","","gif_only"
"322","biceps/lever-bicep-curl","Lever Bicep Curl","lever","biceps","strength","true","https://cdn.jsdelivr.net/gh/JahelCuadrado/ExerciseGymGifsDB@v1.1.0/biceps/lever-bicep-curl.gif","bicep-curl","exact","https://cdn.jsdelivr.net/gh/bryllim/workout-guide@ba0b709cb20430361b2cb33aaadd20998164a916/packages/workout-guide/assets/bicep-curl/frame-1.svg","https://cdn.jsdelivr.net/gh/bryllim/workout-guide@ba0b709cb20430361b2cb33aaadd20998164a916/packages/workout-guide/assets/bicep-curl/frame-2.svg","https://cdn.jsdelivr.net/gh/bryllim/workout-guide@ba0b709cb20430361b2cb33aaadd20998164a916/packages/workout-guide/assets/bicep-curl/frame-3.svg","both"
"323","biceps/lever-hammer-grip-preacher-curl","Lever Hammer Grip Preacher Curl","lever","biceps","strength","true","https://cdn.jsdelivr.net/gh/JahelCuadrado/ExerciseGymGifsDB@v1.1.0/biceps/lever-hammer-grip-preacher-curl.gif","hammer-curl","fuzzy(0.50)","https://cdn.jsdelivr.net/gh/bryllim/workout-guide@ba0b709cb20430361b2cb33aaadd20998164a916/packages/workout-guide/assets/hammer-curl/frame-1.svg","https://cdn.jsdelivr.net/gh/bryllim/workout-guide@ba0b709cb20430361b2cb33aaadd20998164a916/packages/workout-guide/assets/hammer-curl/frame-2.svg","https://cdn.jsdelivr.net/gh/bryllim/workout-guide@ba0b709cb20430361b2cb33aaadd20998164a916/packages/workout-guide/assets/hammer-curl/frame-3.svg","both"
"324","biceps/lever-preacher-curl-v-2","Lever Preacher Curl v2","lever","biceps","strength","true","https://cdn.jsdelivr.net/gh/JahelCuadrado/ExerciseGymGifsDB@v1.1.0/biceps/lever-preacher-curl-v-2.gif","preacher-curl","fuzzy(0.67)","https://cdn.jsdelivr.net/gh/bryllim/workout-guide@ba0b709cb20430361b2cb33aaadd20998164a916/packages/workout-guide/assets/preacher-curl/frame-1.svg","https://cdn.jsdelivr.net/gh/bryllim/workout-guide@ba0b709cb20430361b2cb33aaadd20998164a916/packages/workout-guide/assets/preacher-curl/frame-2.svg","https://cdn.jsdelivr.net/gh/bryllim/workout-guide@ba0b709cb20430361b2cb33aaadd20998164a916/packages/workout-guide/assets/preacher-curl/frame-3.svg","both"
"325","biceps/lever-preacher-curl","Lever Preacher Curl","lever","biceps","strength","true","https://cdn.jsdelivr.net/gh/JahelCuadrado/ExerciseGymGifsDB@v1.1.0/biceps/lever-preacher-curl.gif","preacher-curl","exact","https://cdn.jsdelivr.net/gh/bryllim/workout-guide@ba0b709cb20430361b2cb33aaadd20998164a916/packages/workout-guide/assets/preacher-curl/frame-1.svg","https://cdn.jsdelivr.net/gh/bryllim/workout-guide@ba0b709cb20430361b2cb33aaadd20998164a916/packages/workout-guide/assets/preacher-curl/frame-2.svg","https://cdn.jsdelivr.net/gh/bryllim/workout-guide@ba0b709cb20430361b2cb33aaadd20998164a916/packages/workout-guide/assets/preacher-curl/frame-3.svg","both"
"326","biceps/lever-reverse-grip-preacher-curl","Lever Reverse Grip Preacher Curl","lever","biceps","strength","true","https://cdn.jsdelivr.net/gh/JahelCuadrado/ExerciseGymGifsDB@v1.1.0/biceps/lever-reverse-grip-preacher-curl.gif","preacher-curl","fuzzy(0.50)","https://cdn.jsdelivr.net/gh/bryllim/workout-guide@ba0b709cb20430361b2cb33aaadd20998164a916/packages/workout-guide/assets/preacher-curl/frame-1.svg","https://cdn.jsdelivr.net/gh/bryllim/workout-guide@ba0b709cb20430361b2cb33aaadd20998164a916/packages/workout-guide/assets/preacher-curl/frame-2.svg","https://cdn.jsdelivr.net/gh/bryllim/workout-guide@ba0b709cb20430361b2cb33aaadd20998164a916/packages/workout-guide/assets/preacher-curl/frame-3.svg","both"
"327","biceps/olympic-barbell-hammer-curl","Olympic Barbell Hammer Curl","barbell","biceps","strength","true","https://cdn.jsdelivr.net/gh/JahelCuadrado/ExerciseGymGifsDB@v1.1.0/biceps/olympic-barbell-hammer-curl.gif","hammer-curl","fuzzy(0.67)","https://cdn.jsdelivr.net/gh/bryllim/workout-guide@ba0b709cb20430361b2cb33aaadd20998164a916/packages/workout-guide/assets/hammer-curl/frame-1.svg","https://cdn.jsdelivr.net/gh/bryllim/workout-guide@ba0b709cb20430361b2cb33aaadd20998164a916/packages/workout-guide/assets/hammer-curl/frame-2.svg","https://cdn.jsdelivr.net/gh/bryllim/workout-guide@ba0b709cb20430361b2cb33aaadd20998164a916/packages/workout-guide/assets/hammer-curl/frame-3.svg","both"
"328","biceps/resistance-band-seated-biceps-curl","Resistance Band Seated Biceps Curl","band","biceps","strength","true","https://cdn.jsdelivr.net/gh/JahelCuadrado/ExerciseGymGifsDB@v1.1.0/biceps/resistance-band-seated-biceps-curl.gif","bicep-curl","fuzzy(0.67)","https://cdn.jsdelivr.net/gh/bryllim/workout-guide@ba0b709cb20430361b2cb33aaadd20998164a916/packages/workout-guide/assets/bicep-curl/frame-1.svg","https://cdn.jsdelivr.net/gh/bryllim/workout-guide@ba0b709cb20430361b2cb33aaadd20998164a916/packages/workout-guide/assets/bicep-curl/frame-2.svg","https://cdn.jsdelivr.net/gh/bryllim/workout-guide@ba0b709cb20430361b2cb33aaadd20998164a916/packages/workout-guide/assets/bicep-curl/frame-3.svg","both"
"329","biceps/smith-machine-bicep-curl","Smith Machine Bicep Curl","smith","biceps","strength","true","https://cdn.jsdelivr.net/gh/JahelCuadrado/ExerciseGymGifsDB@v1.1.0/biceps/smith-machine-bicep-curl.gif","bicep-curl","exact","https://cdn.jsdelivr.net/gh/bryllim/workout-guide@ba0b709cb20430361b2cb33aaadd20998164a916/packages/workout-guide/assets/bicep-curl/frame-1.svg","https://cdn.jsdelivr.net/gh/bryllim/workout-guide@ba0b709cb20430361b2cb33aaadd20998164a916/packages/workout-guide/assets/bicep-curl/frame-2.svg","https://cdn.jsdelivr.net/gh/bryllim/workout-guide@ba0b709cb20430361b2cb33aaadd20998164a916/packages/workout-guide/assets/bicep-curl/frame-3.svg","both"
"330","biceps/weighted-seated-bicep-curl-on-stability-ball","Weighted Seated Bicep Curl On Stability Ball","bodyweight","biceps","strength","true","https://cdn.jsdelivr.net/gh/JahelCuadrado/ExerciseGymGifsDB@v1.1.0/biceps/weighted-seated-bicep-curl-on-stability-ball.gif","","","","","","gif_only"
"331","biceps/weighted-standing-curl","Weighted Standing Curl","bodyweight","biceps","strength","true","https://cdn.jsdelivr.net/gh/JahelCuadrado/ExerciseGymGifsDB@v1.1.0/biceps/weighted-standing-curl.gif","","","","","","gif_only"
"332","calves/ankle-circles","Ankle Circles","bodyweight","calves","strength","true","https://cdn.jsdelivr.net/gh/JahelCuadrado/ExerciseGymGifsDB@v1.1.0/calves/ankle-circles.gif","","","","","","gif_only"
"333","calves/assisted-lying-calves-stretch","Assisted Lying Calves Stretch","bodyweight","calves","stretching","true","https://cdn.jsdelivr.net/gh/JahelCuadrado/ExerciseGymGifsDB@v1.1.0/calves/assisted-lying-calves-stretch.gif","","","","","","gif_only"
"334","calves/band-single-leg-calf-raise","Band Single Leg Calf Raise","band","calves","strength","true","https://cdn.jsdelivr.net/gh/JahelCuadrado/ExerciseGymGifsDB@v1.1.0/calves/band-single-leg-calf-raise.gif","single-leg-calf-raise","exact","https://cdn.jsdelivr.net/gh/bryllim/workout-guide@ba0b709cb20430361b2cb33aaadd20998164a916/packages/workout-guide/assets/single-leg-calf-raise/frame-1.svg","https://cdn.jsdelivr.net/gh/bryllim/workout-guide@ba0b709cb20430361b2cb33aaadd20998164a916/packages/workout-guide/assets/single-leg-calf-raise/frame-2.svg","https://cdn.jsdelivr.net/gh/bryllim/workout-guide@ba0b709cb20430361b2cb33aaadd20998164a916/packages/workout-guide/assets/single-leg-calf-raise/frame-3.svg","both"
"335","calves/band-single-leg-reverse-calf-raise","Band Single Leg Reverse Calf Raise","band","calves","strength","true","https://cdn.jsdelivr.net/gh/JahelCuadrado/ExerciseGymGifsDB@v1.1.0/calves/band-single-leg-reverse-calf-raise.gif","single-leg-calf-raise","fuzzy(0.80)","https://cdn.jsdelivr.net/gh/bryllim/workout-guide@ba0b709cb20430361b2cb33aaadd20998164a916/packages/workout-guide/assets/single-leg-calf-raise/frame-1.svg","https://cdn.jsdelivr.net/gh/bryllim/workout-guide@ba0b709cb20430361b2cb33aaadd20998164a916/packages/workout-guide/assets/single-leg-calf-raise/frame-2.svg","https://cdn.jsdelivr.net/gh/bryllim/workout-guide@ba0b709cb20430361b2cb33aaadd20998164a916/packages/workout-guide/assets/single-leg-calf-raise/frame-3.svg","both"
"336","calves/band-two-legs-calf-raise-band-under-both-legs-v-2","Band Two Legs Calf Raise Band Under Both Legs v2","band","calves","strength","true","https://cdn.jsdelivr.net/gh/JahelCuadrado/ExerciseGymGifsDB@v1.1.0/calves/band-two-legs-calf-raise-band-under-both-legs-v-2.gif","","","","","","gif_only"
"337","calves/barbell-floor-calf-raise","Barbell Floor Calf Raise","barbell","calves","strength","true","https://cdn.jsdelivr.net/gh/JahelCuadrado/ExerciseGymGifsDB@v1.1.0/calves/barbell-floor-calf-raise.gif","calf-raise","fuzzy(0.67)","https://cdn.jsdelivr.net/gh/bryllim/workout-guide@ba0b709cb20430361b2cb33aaadd20998164a916/packages/workout-guide/assets/calf-raise/frame-1.svg","https://cdn.jsdelivr.net/gh/bryllim/workout-guide@ba0b709cb20430361b2cb33aaadd20998164a916/packages/workout-guide/assets/calf-raise/frame-2.svg","https://cdn.jsdelivr.net/gh/bryllim/workout-guide@ba0b709cb20430361b2cb33aaadd20998164a916/packages/workout-guide/assets/calf-raise/frame-3.svg","both"
"338","calves/barbell-seated-calf-raise-1371","Barbell Seated Calf Raise 1371","barbell","calves","strength","true","https://cdn.jsdelivr.net/gh/JahelCuadrado/ExerciseGymGifsDB@v1.1.0/calves/barbell-seated-calf-raise-1371.gif","seated-calf-raise","fuzzy(0.75)","https://cdn.jsdelivr.net/gh/bryllim/workout-guide@ba0b709cb20430361b2cb33aaadd20998164a916/packages/workout-guide/assets/seated-calf-raise/frame-1.svg","https://cdn.jsdelivr.net/gh/bryllim/workout-guide@ba0b709cb20430361b2cb33aaadd20998164a916/packages/workout-guide/assets/seated-calf-raise/frame-2.svg","https://cdn.jsdelivr.net/gh/bryllim/workout-guide@ba0b709cb20430361b2cb33aaadd20998164a916/packages/workout-guide/assets/seated-calf-raise/frame-3.svg","both"
"339","calves/barbell-seated-calf-raise","Barbell Seated Calf Raise","barbell","calves","strength","true","https://cdn.jsdelivr.net/gh/JahelCuadrado/ExerciseGymGifsDB@v1.1.0/calves/barbell-seated-calf-raise.gif","seated-calf-raise","exact","https://cdn.jsdelivr.net/gh/bryllim/workout-guide@ba0b709cb20430361b2cb33aaadd20998164a916/packages/workout-guide/assets/seated-calf-raise/frame-1.svg","https://cdn.jsdelivr.net/gh/bryllim/workout-guide@ba0b709cb20430361b2cb33aaadd20998164a916/packages/workout-guide/assets/seated-calf-raise/frame-2.svg","https://cdn.jsdelivr.net/gh/bryllim/workout-guide@ba0b709cb20430361b2cb33aaadd20998164a916/packages/workout-guide/assets/seated-calf-raise/frame-3.svg","both"
"340","calves/barbell-standing-calf-raise","Barbell Standing Calf Raise","barbell","calves","strength","true","https://cdn.jsdelivr.net/gh/JahelCuadrado/ExerciseGymGifsDB@v1.1.0/calves/barbell-standing-calf-raise.gif","standing-calf-raise","exact","https://cdn.jsdelivr.net/gh/bryllim/workout-guide@ba0b709cb20430361b2cb33aaadd20998164a916/packages/workout-guide/assets/standing-calf-raise/frame-1.svg","https://cdn.jsdelivr.net/gh/bryllim/workout-guide@ba0b709cb20430361b2cb33aaadd20998164a916/packages/workout-guide/assets/standing-calf-raise/frame-2.svg","https://cdn.jsdelivr.net/gh/bryllim/workout-guide@ba0b709cb20430361b2cb33aaadd20998164a916/packages/workout-guide/assets/standing-calf-raise/frame-3.svg","both"
"341","calves/barbell-standing-leg-calf-raise","Barbell Standing Leg Calf Raise","barbell","calves","strength","true","https://cdn.jsdelivr.net/gh/JahelCuadrado/ExerciseGymGifsDB@v1.1.0/calves/barbell-standing-leg-calf-raise.gif","standing-calf-raise","fuzzy(0.75)","https://cdn.jsdelivr.net/gh/bryllim/workout-guide@ba0b709cb20430361b2cb33aaadd20998164a916/packages/workout-guide/assets/standing-calf-raise/frame-1.svg","https://cdn.jsdelivr.net/gh/bryllim/workout-guide@ba0b709cb20430361b2cb33aaadd20998164a916/packages/workout-guide/assets/standing-calf-raise/frame-2.svg","https://cdn.jsdelivr.net/gh/bryllim/workout-guide@ba0b709cb20430361b2cb33aaadd20998164a916/packages/workout-guide/assets/standing-calf-raise/frame-3.svg","both"
"342","calves/barbell-standing-rocking-leg-calf-raise","Barbell Standing Rocking Leg Calf Raise","barbell","calves","strength","true","https://cdn.jsdelivr.net/gh/JahelCuadrado/ExerciseGymGifsDB@v1.1.0/calves/barbell-standing-rocking-leg-calf-raise.gif","standing-calf-raise","fuzzy(0.60)","https://cdn.jsdelivr.net/gh/bryllim/workout-guide@ba0b709cb20430361b2cb33aaadd20998164a916/packages/workout-guide/assets/standing-calf-raise/frame-1.svg","https://cdn.jsdelivr.net/gh/bryllim/workout-guide@ba0b709cb20430361b2cb33aaadd20998164a916/packages/workout-guide/assets/standing-calf-raise/frame-2.svg","https://cdn.jsdelivr.net/gh/bryllim/workout-guide@ba0b709cb20430361b2cb33aaadd20998164a916/packages/workout-guide/assets/standing-calf-raise/frame-3.svg","both"
"343","calves/bodyweight-standing-calf-raise","Bodyweight Standing Calf Raise","bodyweight","calves","strength","true","https://cdn.jsdelivr.net/gh/JahelCuadrado/ExerciseGymGifsDB@v1.1.0/calves/bodyweight-standing-calf-raise.gif","standing-calf-raise","exact","https://cdn.jsdelivr.net/gh/bryllim/workout-guide@ba0b709cb20430361b2cb33aaadd20998164a916/packages/workout-guide/assets/standing-calf-raise/frame-1.svg","https://cdn.jsdelivr.net/gh/bryllim/workout-guide@ba0b709cb20430361b2cb33aaadd20998164a916/packages/workout-guide/assets/standing-calf-raise/frame-2.svg","https://cdn.jsdelivr.net/gh/bryllim/workout-guide@ba0b709cb20430361b2cb33aaadd20998164a916/packages/workout-guide/assets/standing-calf-raise/frame-3.svg","both"
"344","calves/box-jump-down-with-one-leg-stabilization","Box Jump Down With One Leg Stabilization","bodyweight","calves","plyometrics","true","https://cdn.jsdelivr.net/gh/JahelCuadrado/ExerciseGymGifsDB@v1.1.0/calves/box-jump-down-with-one-leg-stabilization.gif","","","","","","gif_only"
"345","calves/cable-standing-calf-raise","Cable Standing Calf Raise","cable","calves","strength","true","https://cdn.jsdelivr.net/gh/JahelCuadrado/ExerciseGymGifsDB@v1.1.0/calves/cable-standing-calf-raise.gif","standing-calf-raise","exact","https://cdn.jsdelivr.net/gh/bryllim/workout-guide@ba0b709cb20430361b2cb33aaadd20998164a916/packages/workout-guide/assets/standing-calf-raise/frame-1.svg","https://cdn.jsdelivr.net/gh/bryllim/workout-guide@ba0b709cb20430361b2cb33aaadd20998164a916/packages/workout-guide/assets/standing-calf-raise/frame-2.svg","https://cdn.jsdelivr.net/gh/bryllim/workout-guide@ba0b709cb20430361b2cb33aaadd20998164a916/packages/workout-guide/assets/standing-calf-raise/frame-3.svg","both"
"346","calves/cable-standing-one-leg-calf-raise","Cable Standing One Leg Calf Raise","cable","calves","strength","true","https://cdn.jsdelivr.net/gh/JahelCuadrado/ExerciseGymGifsDB@v1.1.0/calves/cable-standing-one-leg-calf-raise.gif","standing-calf-raise","fuzzy(0.60)","https://cdn.jsdelivr.net/gh/bryllim/workout-guide@ba0b709cb20430361b2cb33aaadd20998164a916/packages/workout-guide/assets/standing-calf-raise/frame-1.svg","https://cdn.jsdelivr.net/gh/bryllim/workout-guide@ba0b709cb20430361b2cb33aaadd20998164a916/packages/workout-guide/assets/standing-calf-raise/frame-2.svg","https://cdn.jsdelivr.net/gh/bryllim/workout-guide@ba0b709cb20430361b2cb33aaadd20998164a916/packages/workout-guide/assets/standing-calf-raise/frame-3.svg","both"
"347","calves/calf-push-stretch-with-hands-against-wall","Calf Push Stretch With Hands Against Wall","bodyweight","calves","stretching","true","https://cdn.jsdelivr.net/gh/JahelCuadrado/ExerciseGymGifsDB@v1.1.0/calves/calf-push-stretch-with-hands-against-wall.gif","","","","","","gif_only"
"348","calves/calf-stretch-with-hands-against-wall","Calf Stretch With Hands Against Wall","bodyweight","calves","stretching","true","https://cdn.jsdelivr.net/gh/JahelCuadrado/ExerciseGymGifsDB@v1.1.0/calves/calf-stretch-with-hands-against-wall.gif","wall-calf-stretch","fuzzy(0.50)","https://cdn.jsdelivr.net/gh/bryllim/workout-guide@ba0b709cb20430361b2cb33aaadd20998164a916/packages/workout-guide/assets/wall-calf-stretch/frame-1.svg","https://cdn.jsdelivr.net/gh/bryllim/workout-guide@ba0b709cb20430361b2cb33aaadd20998164a916/packages/workout-guide/assets/wall-calf-stretch/frame-2.svg","https://cdn.jsdelivr.net/gh/bryllim/workout-guide@ba0b709cb20430361b2cb33aaadd20998164a916/packages/workout-guide/assets/wall-calf-stretch/frame-3.svg","both"
"349","calves/calf-stretch-with-rope","Calf Stretch With Rope","bodyweight","calves","stretching","true","https://cdn.jsdelivr.net/gh/JahelCuadrado/ExerciseGymGifsDB@v1.1.0/calves/calf-stretch-with-rope.gif","wall-calf-stretch","fuzzy(0.50)","https://cdn.jsdelivr.net/gh/bryllim/workout-guide@ba0b709cb20430361b2cb33aaadd20998164a916/packages/workout-guide/assets/wall-calf-stretch/frame-1.svg","https://cdn.jsdelivr.net/gh/bryllim/workout-guide@ba0b709cb20430361b2cb33aaadd20998164a916/packages/workout-guide/assets/wall-calf-stretch/frame-2.svg","https://cdn.jsdelivr.net/gh/bryllim/workout-guide@ba0b709cb20430361b2cb33aaadd20998164a916/packages/workout-guide/assets/wall-calf-stretch/frame-3.svg","both"
"350","calves/circles-knee-stretch","Circles Knee Stretch","bodyweight","calves","stretching","true","https://cdn.jsdelivr.net/gh/JahelCuadrado/ExerciseGymGifsDB@v1.1.0/calves/circles-knee-stretch.gif","","","","","","gif_only"
"351","calves/donkey-calf-raise","Donkey Calf Raise","bodyweight","calves","strength","true","https://cdn.jsdelivr.net/gh/JahelCuadrado/ExerciseGymGifsDB@v1.1.0/calves/donkey-calf-raise.gif","donkey-calf-raise","exact","https://cdn.jsdelivr.net/gh/bryllim/workout-guide@ba0b709cb20430361b2cb33aaadd20998164a916/packages/workout-guide/assets/donkey-calf-raise/frame-1.svg","https://cdn.jsdelivr.net/gh/bryllim/workout-guide@ba0b709cb20430361b2cb33aaadd20998164a916/packages/workout-guide/assets/donkey-calf-raise/frame-2.svg","https://cdn.jsdelivr.net/gh/bryllim/workout-guide@ba0b709cb20430361b2cb33aaadd20998164a916/packages/workout-guide/assets/donkey-calf-raise/frame-3.svg","both"
"352","calves/dumbbell-seated-calf-raise","Dumbbell Seated Calf Raise","dumbbell","calves","strength","true","https://cdn.jsdelivr.net/gh/JahelCuadrado/ExerciseGymGifsDB@v1.1.0/calves/dumbbell-seated-calf-raise.gif","seated-calf-raise","exact","https://cdn.jsdelivr.net/gh/bryllim/workout-guide@ba0b709cb20430361b2cb33aaadd20998164a916/packages/workout-guide/assets/seated-calf-raise/frame-1.svg","https://cdn.jsdelivr.net/gh/bryllim/workout-guide@ba0b709cb20430361b2cb33aaadd20998164a916/packages/workout-guide/assets/seated-calf-raise/frame-2.svg","https://cdn.jsdelivr.net/gh/bryllim/workout-guide@ba0b709cb20430361b2cb33aaadd20998164a916/packages/workout-guide/assets/seated-calf-raise/frame-3.svg","both"
"353","calves/dumbbell-seated-one-leg-calf-raise-hammer-grip","Dumbbell Seated One Leg Calf Raise Hammer Grip","dumbbell","calves","strength","true","https://cdn.jsdelivr.net/gh/JahelCuadrado/ExerciseGymGifsDB@v1.1.0/calves/dumbbell-seated-one-leg-calf-raise-hammer-grip.gif","","","","","","gif_only"
"354","calves/dumbbell-seated-one-leg-calf-raise-palm-up","Dumbbell Seated One Leg Calf Raise Palm Up","dumbbell","calves","strength","true","https://cdn.jsdelivr.net/gh/JahelCuadrado/ExerciseGymGifsDB@v1.1.0/calves/dumbbell-seated-one-leg-calf-raise-palm-up.gif","","","","","","gif_only"
"355","calves/dumbbell-seated-one-leg-calf-raise","Dumbbell Seated One Leg Calf Raise","dumbbell","calves","strength","true","https://cdn.jsdelivr.net/gh/JahelCuadrado/ExerciseGymGifsDB@v1.1.0/calves/dumbbell-seated-one-leg-calf-raise.gif","seated-calf-raise","fuzzy(0.60)","https://cdn.jsdelivr.net/gh/bryllim/workout-guide@ba0b709cb20430361b2cb33aaadd20998164a916/packages/workout-guide/assets/seated-calf-raise/frame-1.svg","https://cdn.jsdelivr.net/gh/bryllim/workout-guide@ba0b709cb20430361b2cb33aaadd20998164a916/packages/workout-guide/assets/seated-calf-raise/frame-2.svg","https://cdn.jsdelivr.net/gh/bryllim/workout-guide@ba0b709cb20430361b2cb33aaadd20998164a916/packages/workout-guide/assets/seated-calf-raise/frame-3.svg","both"
"356","calves/dumbbell-single-leg-calf-raise","Dumbbell Single Leg Calf Raise","dumbbell","calves","strength","true","https://cdn.jsdelivr.net/gh/JahelCuadrado/ExerciseGymGifsDB@v1.1.0/calves/dumbbell-single-leg-calf-raise.gif","single-leg-calf-raise","exact","https://cdn.jsdelivr.net/gh/bryllim/workout-guide@ba0b709cb20430361b2cb33aaadd20998164a916/packages/workout-guide/assets/single-leg-calf-raise/frame-1.svg","https://cdn.jsdelivr.net/gh/bryllim/workout-guide@ba0b709cb20430361b2cb33aaadd20998164a916/packages/workout-guide/assets/single-leg-calf-raise/frame-2.svg","https://cdn.jsdelivr.net/gh/bryllim/workout-guide@ba0b709cb20430361b2cb33aaadd20998164a916/packages/workout-guide/assets/single-leg-calf-raise/frame-3.svg","both"
"357","calves/dumbbell-standing-calf-raise","Dumbbell Standing Calf Raise","dumbbell","calves","strength","true","https://cdn.jsdelivr.net/gh/JahelCuadrado/ExerciseGymGifsDB@v1.1.0/calves/dumbbell-standing-calf-raise.gif","standing-calf-raise","exact","https://cdn.jsdelivr.net/gh/bryllim/workout-guide@ba0b709cb20430361b2cb33aaadd20998164a916/packages/workout-guide/assets/standing-calf-raise/frame-1.svg","https://cdn.jsdelivr.net/gh/bryllim/workout-guide@ba0b709cb20430361b2cb33aaadd20998164a916/packages/workout-guide/assets/standing-calf-raise/frame-2.svg","https://cdn.jsdelivr.net/gh/bryllim/workout-guide@ba0b709cb20430361b2cb33aaadd20998164a916/packages/workout-guide/assets/standing-calf-raise/frame-3.svg","both"
"358","calves/exercise-ball-on-the-wall-calf-raise-tennis-ball-between-ankles","Exercise Ball On The Wall Calf Raise Tennis Ball Between Ankles","bodyweight","calves","strength","true","https://cdn.jsdelivr.net/gh/JahelCuadrado/ExerciseGymGifsDB@v1.1.0/calves/exercise-ball-on-the-wall-calf-raise-tennis-ball-between-ankles.gif","","","","","","gif_only"
"359","calves/exercise-ball-on-the-wall-calf-raise-tennis-ball-between-knees","Exercise Ball On The Wall Calf Raise Tennis Ball Between Knees","bodyweight","calves","strength","true","https://cdn.jsdelivr.net/gh/JahelCuadrado/ExerciseGymGifsDB@v1.1.0/calves/exercise-ball-on-the-wall-calf-raise-tennis-ball-between-knees.gif","","","","","","gif_only"
"360","calves/exercise-ball-on-the-wall-calf-raise","Exercise Ball On The Wall Calf Raise","bodyweight","calves","strength","true","https://cdn.jsdelivr.net/gh/JahelCuadrado/ExerciseGymGifsDB@v1.1.0/calves/exercise-ball-on-the-wall-calf-raise.gif","","","","","","gif_only"
"361","calves/hack-calf-raise","Hack Calf Raise","lever","calves","strength","true","https://cdn.jsdelivr.net/gh/JahelCuadrado/ExerciseGymGifsDB@v1.1.0/calves/hack-calf-raise.gif","calf-raise","fuzzy(0.67)","https://cdn.jsdelivr.net/gh/bryllim/workout-guide@ba0b709cb20430361b2cb33aaadd20998164a916/packages/workout-guide/assets/calf-raise/frame-1.svg","https://cdn.jsdelivr.net/gh/bryllim/workout-guide@ba0b709cb20430361b2cb33aaadd20998164a916/packages/workout-guide/assets/calf-raise/frame-2.svg","https://cdn.jsdelivr.net/gh/bryllim/workout-guide@ba0b709cb20430361b2cb33aaadd20998164a916/packages/workout-guide/assets/calf-raise/frame-3.svg","both"
"362","calves/hack-one-leg-calf-raise","Hack One Leg Calf Raise","lever","calves","strength","true","https://cdn.jsdelivr.net/gh/JahelCuadrado/ExerciseGymGifsDB@v1.1.0/calves/hack-one-leg-calf-raise.gif","leg-press-calf-raise","fuzzy(0.50)","https://cdn.jsdelivr.net/gh/bryllim/workout-guide@ba0b709cb20430361b2cb33aaadd20998164a916/packages/workout-guide/assets/leg-press-calf-raise/frame-1.svg","https://cdn.jsdelivr.net/gh/bryllim/workout-guide@ba0b709cb20430361b2cb33aaadd20998164a916/packages/workout-guide/assets/leg-press-calf-raise/frame-2.svg","https://cdn.jsdelivr.net/gh/bryllim/workout-guide@ba0b709cb20430361b2cb33aaadd20998164a916/packages/workout-guide/assets/leg-press-calf-raise/frame-3.svg","both"
"363","calves/lever-calf-press","Lever Calf Press","lever","calves","strength","true","https://cdn.jsdelivr.net/gh/JahelCuadrado/ExerciseGymGifsDB@v1.1.0/calves/lever-calf-press.gif","leg-press-calf-raise","fuzzy(0.50)","https://cdn.jsdelivr.net/gh/bryllim/workout-guide@ba0b709cb20430361b2cb33aaadd20998164a916/packages/workout-guide/assets/leg-press-calf-raise/frame-1.svg","https://cdn.jsdelivr.net/gh/bryllim/workout-guide@ba0b709cb20430361b2cb33aaadd20998164a916/packages/workout-guide/assets/leg-press-calf-raise/frame-2.svg","https://cdn.jsdelivr.net/gh/bryllim/workout-guide@ba0b709cb20430361b2cb33aaadd20998164a916/packages/workout-guide/assets/leg-press-calf-raise/frame-3.svg","both"
"364","calves/lever-donkey-calf-raise","Lever Donkey Calf Raise","lever","calves","strength","true","https://cdn.jsdelivr.net/gh/JahelCuadrado/ExerciseGymGifsDB@v1.1.0/calves/lever-donkey-calf-raise.gif","donkey-calf-raise","exact","https://cdn.jsdelivr.net/gh/bryllim/workout-guide@ba0b709cb20430361b2cb33aaadd20998164a916/packages/workout-guide/assets/donkey-calf-raise/frame-1.svg","https://cdn.jsdelivr.net/gh/bryllim/workout-guide@ba0b709cb20430361b2cb33aaadd20998164a916/packages/workout-guide/assets/donkey-calf-raise/frame-2.svg","https://cdn.jsdelivr.net/gh/bryllim/workout-guide@ba0b709cb20430361b2cb33aaadd20998164a916/packages/workout-guide/assets/donkey-calf-raise/frame-3.svg","both"
"365","calves/lever-rotary-calf","Lever Rotary Calf","lever","calves","strength","true","https://cdn.jsdelivr.net/gh/JahelCuadrado/ExerciseGymGifsDB@v1.1.0/calves/lever-rotary-calf.gif","","","","","","gif_only"
"366","calves/lever-seated-calf-press","Lever Seated Calf Press","lever","calves","strength","true","https://cdn.jsdelivr.net/gh/JahelCuadrado/ExerciseGymGifsDB@v1.1.0/calves/lever-seated-calf-press.gif","seated-dumbbell-press","fuzzy(0.50)","https://cdn.jsdelivr.net/gh/bryllim/workout-guide@ba0b709cb20430361b2cb33aaadd20998164a916/packages/workout-guide/assets/seated-dumbbell-press/frame-1.svg","https://cdn.jsdelivr.net/gh/bryllim/workout-guide@ba0b709cb20430361b2cb33aaadd20998164a916/packages/workout-guide/assets/seated-dumbbell-press/frame-2.svg","https://cdn.jsdelivr.net/gh/bryllim/workout-guide@ba0b709cb20430361b2cb33aaadd20998164a916/packages/workout-guide/assets/seated-dumbbell-press/frame-3.svg","both"
"367","calves/lever-seated-calf-raise","Lever Seated Calf Raise","lever","calves","strength","true","https://cdn.jsdelivr.net/gh/JahelCuadrado/ExerciseGymGifsDB@v1.1.0/calves/lever-seated-calf-raise.gif","seated-calf-raise","exact","https://cdn.jsdelivr.net/gh/bryllim/workout-guide@ba0b709cb20430361b2cb33aaadd20998164a916/packages/workout-guide/assets/seated-calf-raise/frame-1.svg","https://cdn.jsdelivr.net/gh/bryllim/workout-guide@ba0b709cb20430361b2cb33aaadd20998164a916/packages/workout-guide/assets/seated-calf-raise/frame-2.svg","https://cdn.jsdelivr.net/gh/bryllim/workout-guide@ba0b709cb20430361b2cb33aaadd20998164a916/packages/workout-guide/assets/seated-calf-raise/frame-3.svg","both"
"368","calves/lever-seated-squat-calf-raise-on-leg-press-machine","Lever Seated Squat Calf Raise On Leg Press Machine","lever","calves","strength","true","https://cdn.jsdelivr.net/gh/JahelCuadrado/ExerciseGymGifsDB@v1.1.0/calves/lever-seated-squat-calf-raise-on-leg-press-machine.gif","leg-press-calf-raise","fuzzy(0.57)","https://cdn.jsdelivr.net/gh/bryllim/workout-guide@ba0b709cb20430361b2cb33aaadd20998164a916/packages/workout-guide/assets/leg-press-calf-raise/frame-1.svg","https://cdn.jsdelivr.net/gh/bryllim/workout-guide@ba0b709cb20430361b2cb33aaadd20998164a916/packages/workout-guide/assets/leg-press-calf-raise/frame-2.svg","https://cdn.jsdelivr.net/gh/bryllim/workout-guide@ba0b709cb20430361b2cb33aaadd20998164a916/packages/workout-guide/assets/leg-press-calf-raise/frame-3.svg","both"
"369","calves/lever-standing-calf-raise","Lever Standing Calf Raise","lever","calves","strength","true","https://cdn.jsdelivr.net/gh/JahelCuadrado/ExerciseGymGifsDB@v1.1.0/calves/lever-standing-calf-raise.gif","standing-calf-raise","exact","https://cdn.jsdelivr.net/gh/bryllim/workout-guide@ba0b709cb20430361b2cb33aaadd20998164a916/packages/workout-guide/assets/standing-calf-raise/frame-1.svg","https://cdn.jsdelivr.net/gh/bryllim/workout-guide@ba0b709cb20430361b2cb33aaadd20998164a916/packages/workout-guide/assets/standing-calf-raise/frame-2.svg","https://cdn.jsdelivr.net/gh/bryllim/workout-guide@ba0b709cb20430361b2cb33aaadd20998164a916/packages/workout-guide/assets/standing-calf-raise/frame-3.svg","both"
"370","calves/one-leg-donkey-calf-raise","One Leg Donkey Calf Raise","bodyweight","calves","strength","true","https://cdn.jsdelivr.net/gh/JahelCuadrado/ExerciseGymGifsDB@v1.1.0/calves/one-leg-donkey-calf-raise.gif","donkey-calf-raise","fuzzy(0.60)","https://cdn.jsdelivr.net/gh/bryllim/workout-guide@ba0b709cb20430361b2cb33aaadd20998164a916/packages/workout-guide/assets/donkey-calf-raise/frame-1.svg","https://cdn.jsdelivr.net/gh/bryllim/workout-guide@ba0b709cb20430361b2cb33aaadd20998164a916/packages/workout-guide/assets/donkey-calf-raise/frame-2.svg","https://cdn.jsdelivr.net/gh/bryllim/workout-guide@ba0b709cb20430361b2cb33aaadd20998164a916/packages/workout-guide/assets/donkey-calf-raise/frame-3.svg","both"
"371","calves/one-leg-floor-calf-raise","One Leg Floor Calf Raise","bodyweight","calves","strength","true","https://cdn.jsdelivr.net/gh/JahelCuadrado/ExerciseGymGifsDB@v1.1.0/calves/one-leg-floor-calf-raise.gif","leg-press-calf-raise","fuzzy(0.50)","https://cdn.jsdelivr.net/gh/bryllim/workout-guide@ba0b709cb20430361b2cb33aaadd20998164a916/packages/workout-guide/assets/leg-press-calf-raise/frame-1.svg","https://cdn.jsdelivr.net/gh/bryllim/workout-guide@ba0b709cb20430361b2cb33aaadd20998164a916/packages/workout-guide/assets/leg-press-calf-raise/frame-2.svg","https://cdn.jsdelivr.net/gh/bryllim/workout-guide@ba0b709cb20430361b2cb33aaadd20998164a916/packages/workout-guide/assets/leg-press-calf-raise/frame-3.svg","both"
"372","calves/peroneals-stretch","Peroneals Stretch","bodyweight","calves","stretching","true","https://cdn.jsdelivr.net/gh/JahelCuadrado/ExerciseGymGifsDB@v1.1.0/calves/peroneals-stretch.gif","","","","","","gif_only"
"373","calves/posterior-tibialis-stretch","Posterior Tibialis Stretch","bodyweight","calves","stretching","true","https://cdn.jsdelivr.net/gh/JahelCuadrado/ExerciseGymGifsDB@v1.1.0/calves/posterior-tibialis-stretch.gif","","","","","","gif_only"
"374","calves/seated-calf-stretch-male","Seated Calf Stretch Male","bodyweight","calves","stretching","true","https://cdn.jsdelivr.net/gh/JahelCuadrado/ExerciseGymGifsDB@v1.1.0/calves/seated-calf-stretch-male.gif","","","","","","gif_only"
"375","calves/single-leg-calf-raise-on-a-dumbbell","Single Leg Calf Raise On A Dumbbell","dumbbell","calves","strength","true","https://cdn.jsdelivr.net/gh/JahelCuadrado/ExerciseGymGifsDB@v1.1.0/calves/single-leg-calf-raise-on-a-dumbbell.gif","single-leg-calf-raise","fuzzy(0.67)","https://cdn.jsdelivr.net/gh/bryllim/workout-guide@ba0b709cb20430361b2cb33aaadd20998164a916/packages/workout-guide/assets/single-leg-calf-raise/frame-1.svg","https://cdn.jsdelivr.net/gh/bryllim/workout-guide@ba0b709cb20430361b2cb33aaadd20998164a916/packages/workout-guide/assets/single-leg-calf-raise/frame-2.svg","https://cdn.jsdelivr.net/gh/bryllim/workout-guide@ba0b709cb20430361b2cb33aaadd20998164a916/packages/workout-guide/assets/single-leg-calf-raise/frame-3.svg","both"
"376","calves/sled-45-calf-press","Sled 45 Calf Press","sled","calves","strength","true","https://cdn.jsdelivr.net/gh/JahelCuadrado/ExerciseGymGifsDB@v1.1.0/calves/sled-45-calf-press.gif","","","","","","gif_only"
"377","calves/sled-calf-press-on-leg-press","Sled Calf Press On Leg Press","sled","calves","strength","true","https://cdn.jsdelivr.net/gh/JahelCuadrado/ExerciseGymGifsDB@v1.1.0/calves/sled-calf-press-on-leg-press.gif","leg-press-calf-raise","fuzzy(0.50)","https://cdn.jsdelivr.net/gh/bryllim/workout-guide@ba0b709cb20430361b2cb33aaadd20998164a916/packages/workout-guide/assets/leg-press-calf-raise/frame-1.svg","https://cdn.jsdelivr.net/gh/bryllim/workout-guide@ba0b709cb20430361b2cb33aaadd20998164a916/packages/workout-guide/assets/leg-press-calf-raise/frame-2.svg","https://cdn.jsdelivr.net/gh/bryllim/workout-guide@ba0b709cb20430361b2cb33aaadd20998164a916/packages/workout-guide/assets/leg-press-calf-raise/frame-3.svg","both"
"378","calves/sled-forward-angled-calf-raise","Sled Forward Angled Calf Raise","sled","calves","strength","true","https://cdn.jsdelivr.net/gh/JahelCuadrado/ExerciseGymGifsDB@v1.1.0/calves/sled-forward-angled-calf-raise.gif","","","","","","gif_only"
"379","calves/sled-lying-calf-press","Sled Lying Calf Press","sled","calves","strength","true","https://cdn.jsdelivr.net/gh/JahelCuadrado/ExerciseGymGifsDB@v1.1.0/calves/sled-lying-calf-press.gif","","","","","","gif_only"
"380","calves/sled-one-leg-calf-press-on-leg-press","Sled One Leg Calf Press On Leg Press","sled","calves","strength","true","https://cdn.jsdelivr.net/gh/JahelCuadrado/ExerciseGymGifsDB@v1.1.0/calves/sled-one-leg-calf-press-on-leg-press.gif","","","","","","gif_only"
"381","calves/smith-one-leg-floor-calf-raise","Smith One Leg Floor Calf Raise","smith","calves","strength","true","https://cdn.jsdelivr.net/gh/JahelCuadrado/ExerciseGymGifsDB@v1.1.0/calves/smith-one-leg-floor-calf-raise.gif","leg-press-calf-raise","fuzzy(0.50)","https://cdn.jsdelivr.net/gh/bryllim/workout-guide@ba0b709cb20430361b2cb33aaadd20998164a916/packages/workout-guide/assets/leg-press-calf-raise/frame-1.svg","https://cdn.jsdelivr.net/gh/bryllim/workout-guide@ba0b709cb20430361b2cb33aaadd20998164a916/packages/workout-guide/assets/leg-press-calf-raise/frame-2.svg","https://cdn.jsdelivr.net/gh/bryllim/workout-guide@ba0b709cb20430361b2cb33aaadd20998164a916/packages/workout-guide/assets/leg-press-calf-raise/frame-3.svg","both"
"382","calves/smith-reverse-calf-raises-1394","Smith Reverse Calf Raises 1394","smith","calves","strength","true","https://cdn.jsdelivr.net/gh/JahelCuadrado/ExerciseGymGifsDB@v1.1.0/calves/smith-reverse-calf-raises-1394.gif","calf-raise","fuzzy(0.50)","https://cdn.jsdelivr.net/gh/bryllim/workout-guide@ba0b709cb20430361b2cb33aaadd20998164a916/packages/workout-guide/assets/calf-raise/frame-1.svg","https://cdn.jsdelivr.net/gh/bryllim/workout-guide@ba0b709cb20430361b2cb33aaadd20998164a916/packages/workout-guide/assets/calf-raise/frame-2.svg","https://cdn.jsdelivr.net/gh/bryllim/workout-guide@ba0b709cb20430361b2cb33aaadd20998164a916/packages/workout-guide/assets/calf-raise/frame-3.svg","both"
"383","calves/smith-reverse-calf-raises","Smith Reverse Calf Raises","smith","calves","strength","true","https://cdn.jsdelivr.net/gh/JahelCuadrado/ExerciseGymGifsDB@v1.1.0/calves/smith-reverse-calf-raises.gif","calf-raise","fuzzy(0.67)","https://cdn.jsdelivr.net/gh/bryllim/workout-guide@ba0b709cb20430361b2cb33aaadd20998164a916/packages/workout-guide/assets/calf-raise/frame-1.svg","https://cdn.jsdelivr.net/gh/bryllim/workout-guide@ba0b709cb20430361b2cb33aaadd20998164a916/packages/workout-guide/assets/calf-raise/frame-2.svg","https://cdn.jsdelivr.net/gh/bryllim/workout-guide@ba0b709cb20430361b2cb33aaadd20998164a916/packages/workout-guide/assets/calf-raise/frame-3.svg","both"
"384","calves/smith-seated-one-leg-calf-raise","Smith Seated One Leg Calf Raise","smith","calves","strength","true","https://cdn.jsdelivr.net/gh/JahelCuadrado/ExerciseGymGifsDB@v1.1.0/calves/smith-seated-one-leg-calf-raise.gif","seated-calf-raise","fuzzy(0.60)","https://cdn.jsdelivr.net/gh/bryllim/workout-guide@ba0b709cb20430361b2cb33aaadd20998164a916/packages/workout-guide/assets/seated-calf-raise/frame-1.svg","https://cdn.jsdelivr.net/gh/bryllim/workout-guide@ba0b709cb20430361b2cb33aaadd20998164a916/packages/workout-guide/assets/seated-calf-raise/frame-2.svg","https://cdn.jsdelivr.net/gh/bryllim/workout-guide@ba0b709cb20430361b2cb33aaadd20998164a916/packages/workout-guide/assets/seated-calf-raise/frame-3.svg","both"
"385","calves/smith-standing-leg-calf-raise","Smith Standing Leg Calf Raise","smith","calves","strength","true","https://cdn.jsdelivr.net/gh/JahelCuadrado/ExerciseGymGifsDB@v1.1.0/calves/smith-standing-leg-calf-raise.gif","standing-calf-raise","fuzzy(0.75)","https://cdn.jsdelivr.net/gh/bryllim/workout-guide@ba0b709cb20430361b2cb33aaadd20998164a916/packages/workout-guide/assets/standing-calf-raise/frame-1.svg","https://cdn.jsdelivr.net/gh/bryllim/workout-guide@ba0b709cb20430361b2cb33aaadd20998164a916/packages/workout-guide/assets/standing-calf-raise/frame-2.svg","https://cdn.jsdelivr.net/gh/bryllim/workout-guide@ba0b709cb20430361b2cb33aaadd20998164a916/packages/workout-guide/assets/standing-calf-raise/frame-3.svg","both"
"386","calves/smith-toe-raise","Smith Toe Raise","smith","calves","strength","true","https://cdn.jsdelivr.net/gh/JahelCuadrado/ExerciseGymGifsDB@v1.1.0/calves/smith-toe-raise.gif","","","","","","gif_only"
"387","calves/standing-calf-raise-on-a-staircase","Standing Calf Raise On A Staircase","bodyweight","calves","strength","true","https://cdn.jsdelivr.net/gh/JahelCuadrado/ExerciseGymGifsDB@v1.1.0/calves/standing-calf-raise-on-a-staircase.gif","standing-calf-raise","fuzzy(0.50)","https://cdn.jsdelivr.net/gh/bryllim/workout-guide@ba0b709cb20430361b2cb33aaadd20998164a916/packages/workout-guide/assets/standing-calf-raise/frame-1.svg","https://cdn.jsdelivr.net/gh/bryllim/workout-guide@ba0b709cb20430361b2cb33aaadd20998164a916/packages/workout-guide/assets/standing-calf-raise/frame-2.svg","https://cdn.jsdelivr.net/gh/bryllim/workout-guide@ba0b709cb20430361b2cb33aaadd20998164a916/packages/workout-guide/assets/standing-calf-raise/frame-3.svg","both"
"388","calves/standing-calves-calf-stretch","Standing Calves Calf Stretch","bodyweight","calves","stretching","true","https://cdn.jsdelivr.net/gh/JahelCuadrado/ExerciseGymGifsDB@v1.1.0/calves/standing-calves-calf-stretch.gif","","","","","","gif_only"
"389","calves/standing-calves","Standing Calves","bodyweight","calves","strength","true","https://cdn.jsdelivr.net/gh/JahelCuadrado/ExerciseGymGifsDB@v1.1.0/calves/standing-calves.gif","","","","","","gif_only"
"390","calves/weighted-donkey-calf-raise","Weighted Donkey Calf Raise","bodyweight","calves","strength","true","https://cdn.jsdelivr.net/gh/JahelCuadrado/ExerciseGymGifsDB@v1.1.0/calves/weighted-donkey-calf-raise.gif","donkey-calf-raise","exact","https://cdn.jsdelivr.net/gh/bryllim/workout-guide@ba0b709cb20430361b2cb33aaadd20998164a916/packages/workout-guide/assets/donkey-calf-raise/frame-1.svg","https://cdn.jsdelivr.net/gh/bryllim/workout-guide@ba0b709cb20430361b2cb33aaadd20998164a916/packages/workout-guide/assets/donkey-calf-raise/frame-2.svg","https://cdn.jsdelivr.net/gh/bryllim/workout-guide@ba0b709cb20430361b2cb33aaadd20998164a916/packages/workout-guide/assets/donkey-calf-raise/frame-3.svg","both"
"391","cardio/astride-jumps-male","Astride Jumps Male","bodyweight","cardio","cardio","true","https://cdn.jsdelivr.net/gh/JahelCuadrado/ExerciseGymGifsDB@v1.1.0/cardio/astride-jumps-male.gif","","","","","","gif_only"
"392","cardio/back-and-forth-step","Back And Forth Step","bodyweight","cardio","cardio","true","https://cdn.jsdelivr.net/gh/JahelCuadrado/ExerciseGymGifsDB@v1.1.0/cardio/back-and-forth-step.gif","","","","","","gif_only"
"393","cardio/bear-crawl","Bear Crawl","bodyweight","cardio","cardio","true","https://cdn.jsdelivr.net/gh/JahelCuadrado/ExerciseGymGifsDB@v1.1.0/cardio/bear-crawl.gif","bear-crawl","exact","https://cdn.jsdelivr.net/gh/bryllim/workout-guide@ba0b709cb20430361b2cb33aaadd20998164a916/packages/workout-guide/assets/bear-crawl/frame-1.svg","https://cdn.jsdelivr.net/gh/bryllim/workout-guide@ba0b709cb20430361b2cb33aaadd20998164a916/packages/workout-guide/assets/bear-crawl/frame-2.svg","https://cdn.jsdelivr.net/gh/bryllim/workout-guide@ba0b709cb20430361b2cb33aaadd20998164a916/packages/workout-guide/assets/bear-crawl/frame-3.svg","both"
"394","cardio/burpee","Burpee","bodyweight","cardio","cardio","true","https://cdn.jsdelivr.net/gh/JahelCuadrado/ExerciseGymGifsDB@v1.1.0/cardio/burpee.gif","burpee","exact","https://cdn.jsdelivr.net/gh/bryllim/workout-guide@ba0b709cb20430361b2cb33aaadd20998164a916/packages/workout-guide/assets/burpee/frame-1.svg","https://cdn.jsdelivr.net/gh/bryllim/workout-guide@ba0b709cb20430361b2cb33aaadd20998164a916/packages/workout-guide/assets/burpee/frame-2.svg","https://cdn.jsdelivr.net/gh/bryllim/workout-guide@ba0b709cb20430361b2cb33aaadd20998164a916/packages/workout-guide/assets/burpee/frame-3.svg","both"
"395","cardio/cycle-cross-trainer","Cycle Cross Trainer","machine","cardio","cardio","true","https://cdn.jsdelivr.net/gh/JahelCuadrado/ExerciseGymGifsDB@v1.1.0/cardio/cycle-cross-trainer.gif","","","","","","gif_only"
"396","cardio/dumbbell-burpee","Dumbbell Burpee","dumbbell","cardio","cardio","true","https://cdn.jsdelivr.net/gh/JahelCuadrado/ExerciseGymGifsDB@v1.1.0/cardio/dumbbell-burpee.gif","burpee","exact","https://cdn.jsdelivr.net/gh/bryllim/workout-guide@ba0b709cb20430361b2cb33aaadd20998164a916/packages/workout-guide/assets/burpee/frame-1.svg","https://cdn.jsdelivr.net/gh/bryllim/workout-guide@ba0b709cb20430361b2cb33aaadd20998164a916/packages/workout-guide/assets/burpee/frame-2.svg","https://cdn.jsdelivr.net/gh/bryllim/workout-guide@ba0b709cb20430361b2cb33aaadd20998164a916/packages/workout-guide/assets/burpee/frame-3.svg","both"
"397","cardio/half-knee-bends-male","Half Knee Bends Male","bodyweight","cardio","cardio","true","https://cdn.jsdelivr.net/gh/JahelCuadrado/ExerciseGymGifsDB@v1.1.0/cardio/half-knee-bends-male.gif","","","","","","gif_only"
"398","cardio/high-knee-against-wall","High Knee Against Wall","bodyweight","cardio","cardio","true","https://cdn.jsdelivr.net/gh/JahelCuadrado/ExerciseGymGifsDB@v1.1.0/cardio/high-knee-against-wall.gif","","","","","","gif_only"
"399","cardio/jack-burpee","Jack Burpee","bodyweight","cardio","cardio","true","https://cdn.jsdelivr.net/gh/JahelCuadrado/ExerciseGymGifsDB@v1.1.0/cardio/jack-burpee.gif","burpee","fuzzy(0.50)","https://cdn.jsdelivr.net/gh/bryllim/workout-guide@ba0b709cb20430361b2cb33aaadd20998164a916/packages/workout-guide/assets/burpee/frame-1.svg","https://cdn.jsdelivr.net/gh/bryllim/workout-guide@ba0b709cb20430361b2cb33aaadd20998164a916/packages/workout-guide/assets/burpee/frame-2.svg","https://cdn.jsdelivr.net/gh/bryllim/workout-guide@ba0b709cb20430361b2cb33aaadd20998164a916/packages/workout-guide/assets/burpee/frame-3.svg","both"
"400","cardio/jack-jump-male","Jack Jump Male","bodyweight","cardio","cardio","true","https://cdn.jsdelivr.net/gh/JahelCuadrado/ExerciseGymGifsDB@v1.1.0/cardio/jack-jump-male.gif","","","","","","gif_only"
"401","cardio/jump-rope","Jump Rope","bodyweight","cardio","cardio","true","https://cdn.jsdelivr.net/gh/JahelCuadrado/ExerciseGymGifsDB@v1.1.0/cardio/jump-rope.gif","jump-rope","exact","https://cdn.jsdelivr.net/gh/bryllim/workout-guide@ba0b709cb20430361b2cb33aaadd20998164a916/packages/workout-guide/assets/jump-rope/frame-1.svg","https://cdn.jsdelivr.net/gh/bryllim/workout-guide@ba0b709cb20430361b2cb33aaadd20998164a916/packages/workout-guide/assets/jump-rope/frame-2.svg","https://cdn.jsdelivr.net/gh/bryllim/workout-guide@ba0b709cb20430361b2cb33aaadd20998164a916/packages/workout-guide/assets/jump-rope/frame-3.svg","both"
"402","cardio/mountain-climber","Mountain Climber","bodyweight","cardio","cardio","true","https://cdn.jsdelivr.net/gh/JahelCuadrado/ExerciseGymGifsDB@v1.1.0/cardio/mountain-climber.gif","mountain-climber","exact","https://cdn.jsdelivr.net/gh/bryllim/workout-guide@ba0b709cb20430361b2cb33aaadd20998164a916/packages/workout-guide/assets/mountain-climber/frame-1.svg","https://cdn.jsdelivr.net/gh/bryllim/workout-guide@ba0b709cb20430361b2cb33aaadd20998164a916/packages/workout-guide/assets/mountain-climber/frame-2.svg","https://cdn.jsdelivr.net/gh/bryllim/workout-guide@ba0b709cb20430361b2cb33aaadd20998164a916/packages/workout-guide/assets/mountain-climber/frame-3.svg","both"
"403","cardio/push-to-run","Push To Run","bodyweight","cardio","cardio","true","https://cdn.jsdelivr.net/gh/JahelCuadrado/ExerciseGymGifsDB@v1.1.0/cardio/push-to-run.gif","","","","","","gif_only"
"404","cardio/run-equipment","Run Equipment","bodyweight","cardio","cardio","true","https://cdn.jsdelivr.net/gh/JahelCuadrado/ExerciseGymGifsDB@v1.1.0/cardio/run-equipment.gif","","","","","","gif_only"
"405","cardio/run","Run","bodyweight","cardio","cardio","true","https://cdn.jsdelivr.net/gh/JahelCuadrado/ExerciseGymGifsDB@v1.1.0/cardio/run.gif","","","","","","gif_only"
"406","cardio/scissor-jumps-male","Scissor Jumps Male","bodyweight","cardio","cardio","true","https://cdn.jsdelivr.net/gh/JahelCuadrado/ExerciseGymGifsDB@v1.1.0/cardio/scissor-jumps-male.gif","","","","","","gif_only"
"407","cardio/semi-squat-jump-male","Semi Squat Jump Male","bodyweight","cardio","cardio","true","https://cdn.jsdelivr.net/gh/JahelCuadrado/ExerciseGymGifsDB@v1.1.0/cardio/semi-squat-jump-male.gif","jump-squat","fuzzy(0.50)","https://cdn.jsdelivr.net/gh/bryllim/workout-guide@ba0b709cb20430361b2cb33aaadd20998164a916/packages/workout-guide/assets/jump-squat/frame-1.svg","https://cdn.jsdelivr.net/gh/bryllim/workout-guide@ba0b709cb20430361b2cb33aaadd20998164a916/packages/workout-guide/assets/jump-squat/frame-2.svg","https://cdn.jsdelivr.net/gh/bryllim/workout-guide@ba0b709cb20430361b2cb33aaadd20998164a916/packages/workout-guide/assets/jump-squat/frame-3.svg","both"
"408","cardio/short-stride-run","Short Stride Run","bodyweight","cardio","cardio","true","https://cdn.jsdelivr.net/gh/JahelCuadrado/ExerciseGymGifsDB@v1.1.0/cardio/short-stride-run.gif","","","","","","gif_only"
"409","cardio/skater-hops","Skater Hops","bodyweight","cardio","cardio","true","https://cdn.jsdelivr.net/gh/JahelCuadrado/ExerciseGymGifsDB@v1.1.0/cardio/skater-hops.gif","skater-hop","exact","https://cdn.jsdelivr.net/gh/bryllim/workout-guide@ba0b709cb20430361b2cb33aaadd20998164a916/packages/workout-guide/assets/skater-hop/frame-1.svg","https://cdn.jsdelivr.net/gh/bryllim/workout-guide@ba0b709cb20430361b2cb33aaadd20998164a916/packages/workout-guide/assets/skater-hop/frame-2.svg","https://cdn.jsdelivr.net/gh/bryllim/workout-guide@ba0b709cb20430361b2cb33aaadd20998164a916/packages/workout-guide/assets/skater-hop/frame-3.svg","both"
"410","cardio/ski-step","Ski Step","bodyweight","cardio","cardio","true","https://cdn.jsdelivr.net/gh/JahelCuadrado/ExerciseGymGifsDB@v1.1.0/cardio/ski-step.gif","","","","","","gif_only"
"411","cardio/star-jump-male","Star Jump Male","bodyweight","cardio","cardio","true","https://cdn.jsdelivr.net/gh/JahelCuadrado/ExerciseGymGifsDB@v1.1.0/cardio/star-jump-male.gif","","","","","","gif_only"
"412","cardio/stationary-bike-run-v-3","Stationary Bike Run v3","bodyweight","cardio","cardio","true","https://cdn.jsdelivr.net/gh/JahelCuadrado/ExerciseGymGifsDB@v1.1.0/cardio/stationary-bike-run-v-3.gif","","","","","","gif_only"
"413","cardio/stationary-bike-walk","Stationary Bike Walk","bodyweight","cardio","cardio","true","https://cdn.jsdelivr.net/gh/JahelCuadrado/ExerciseGymGifsDB@v1.1.0/cardio/stationary-bike-walk.gif","","","","","","gif_only"
"414","cardio/swing-360","Swing 360","bodyweight","cardio","cardio","true","https://cdn.jsdelivr.net/gh/JahelCuadrado/ExerciseGymGifsDB@v1.1.0/cardio/swing-360.gif","","","","","","gif_only"
"415","cardio/walk-elliptical-cross-trainer","Walk Elliptical Cross Trainer","machine","cardio","cardio","true","https://cdn.jsdelivr.net/gh/JahelCuadrado/ExerciseGymGifsDB@v1.1.0/cardio/walk-elliptical-cross-trainer.gif","","","","","","gif_only"
"416","cardio/walking-high-knees-lunge","Walking High Knees Lunge","bodyweight","cardio","cardio","true","https://cdn.jsdelivr.net/gh/JahelCuadrado/ExerciseGymGifsDB@v1.1.0/cardio/walking-high-knees-lunge.gif","walking-lunge","fuzzy(0.50)","https://cdn.jsdelivr.net/gh/bryllim/workout-guide@ba0b709cb20430361b2cb33aaadd20998164a916/packages/workout-guide/assets/walking-lunge/frame-1.svg","https://cdn.jsdelivr.net/gh/bryllim/workout-guide@ba0b709cb20430361b2cb33aaadd20998164a916/packages/workout-guide/assets/walking-lunge/frame-2.svg","https://cdn.jsdelivr.net/gh/bryllim/workout-guide@ba0b709cb20430361b2cb33aaadd20998164a916/packages/workout-guide/assets/walking-lunge/frame-3.svg","both"
"417","cardio/walking-on-incline-treadmill","Walking On Incline Treadmill","machine","cardio","cardio","true","https://cdn.jsdelivr.net/gh/JahelCuadrado/ExerciseGymGifsDB@v1.1.0/cardio/walking-on-incline-treadmill.gif","","","","","","gif_only"
"418","cardio/walking-on-stepmill","Walking On Stepmill","machine","cardio","cardio","true","https://cdn.jsdelivr.net/gh/JahelCuadrado/ExerciseGymGifsDB@v1.1.0/cardio/walking-on-stepmill.gif","","","","","","gif_only"
"419","cardio/wheel-run","Wheel Run","bodyweight","cardio","cardio","true","https://cdn.jsdelivr.net/gh/JahelCuadrado/ExerciseGymGifsDB@v1.1.0/cardio/wheel-run.gif","","","","","","gif_only"
"420","delts/band-front-lateral-raise","Band Front Lateral Raise","band","delts","strength","true","https://cdn.jsdelivr.net/gh/JahelCuadrado/ExerciseGymGifsDB@v1.1.0/delts/band-front-lateral-raise.gif","lateral-raise","fuzzy(0.67)","https://cdn.jsdelivr.net/gh/bryllim/workout-guide@ba0b709cb20430361b2cb33aaadd20998164a916/packages/workout-guide/assets/lateral-raise/frame-1.svg","https://cdn.jsdelivr.net/gh/bryllim/workout-guide@ba0b709cb20430361b2cb33aaadd20998164a916/packages/workout-guide/assets/lateral-raise/frame-2.svg","https://cdn.jsdelivr.net/gh/bryllim/workout-guide@ba0b709cb20430361b2cb33aaadd20998164a916/packages/workout-guide/assets/lateral-raise/frame-3.svg","both"
"421","delts/band-front-raise","Band Front Raise","band","delts","strength","true","https://cdn.jsdelivr.net/gh/JahelCuadrado/ExerciseGymGifsDB@v1.1.0/delts/band-front-raise.gif","front-raise","exact","https://cdn.jsdelivr.net/gh/bryllim/workout-guide@ba0b709cb20430361b2cb33aaadd20998164a916/packages/workout-guide/assets/front-raise/frame-1.svg","https://cdn.jsdelivr.net/gh/bryllim/workout-guide@ba0b709cb20430361b2cb33aaadd20998164a916/packages/workout-guide/assets/front-raise/frame-2.svg","https://cdn.jsdelivr.net/gh/bryllim/workout-guide@ba0b709cb20430361b2cb33aaadd20998164a916/packages/workout-guide/assets/front-raise/frame-3.svg","both"
"422","delts/band-reverse-fly","Band Reverse Fly","band","delts","strength","true","https://cdn.jsdelivr.net/gh/JahelCuadrado/ExerciseGymGifsDB@v1.1.0/delts/band-reverse-fly.gif","","","","","","gif_only"
"423","delts/band-shoulder-press","Band Shoulder Press","band","delts","strength","true","https://cdn.jsdelivr.net/gh/JahelCuadrado/ExerciseGymGifsDB@v1.1.0/delts/band-shoulder-press.gif","machine-shoulder-press","fuzzy(0.67)","https://cdn.jsdelivr.net/gh/bryllim/workout-guide@ba0b709cb20430361b2cb33aaadd20998164a916/packages/workout-guide/assets/machine-shoulder-press/frame-1.svg","https://cdn.jsdelivr.net/gh/bryllim/workout-guide@ba0b709cb20430361b2cb33aaadd20998164a916/packages/workout-guide/assets/machine-shoulder-press/frame-2.svg","https://cdn.jsdelivr.net/gh/bryllim/workout-guide@ba0b709cb20430361b2cb33aaadd20998164a916/packages/workout-guide/assets/machine-shoulder-press/frame-3.svg","both"
"424","delts/band-standing-rear-delt-row","Band Standing Rear Delt Row","band","delts","strength","true","https://cdn.jsdelivr.net/gh/JahelCuadrado/ExerciseGymGifsDB@v1.1.0/delts/band-standing-rear-delt-row.gif","","","","","","gif_only"
"425","delts/band-twisting-overhead-press","Band Twisting Overhead Press","band","delts","strength","true","https://cdn.jsdelivr.net/gh/JahelCuadrado/ExerciseGymGifsDB@v1.1.0/delts/band-twisting-overhead-press.gif","overhead-press","fuzzy(0.67)","https://cdn.jsdelivr.net/gh/bryllim/workout-guide@ba0b709cb20430361b2cb33aaadd20998164a916/packages/workout-guide/assets/overhead-press/frame-1.svg","https://cdn.jsdelivr.net/gh/bryllim/workout-guide@ba0b709cb20430361b2cb33aaadd20998164a916/packages/workout-guide/assets/overhead-press/frame-2.svg","https://cdn.jsdelivr.net/gh/bryllim/workout-guide@ba0b709cb20430361b2cb33aaadd20998164a916/packages/workout-guide/assets/overhead-press/frame-3.svg","both"
"426","delts/band-y-raise","Band Y Raise","band","delts","strength","true","https://cdn.jsdelivr.net/gh/JahelCuadrado/ExerciseGymGifsDB@v1.1.0/delts/band-y-raise.gif","prone-y-raise","fuzzy(0.67)","https://cdn.jsdelivr.net/gh/bryllim/workout-guide@ba0b709cb20430361b2cb33aaadd20998164a916/packages/workout-guide/assets/prone-y-raise/frame-1.svg","https://cdn.jsdelivr.net/gh/bryllim/workout-guide@ba0b709cb20430361b2cb33aaadd20998164a916/packages/workout-guide/assets/prone-y-raise/frame-2.svg","https://cdn.jsdelivr.net/gh/bryllim/workout-guide@ba0b709cb20430361b2cb33aaadd20998164a916/packages/workout-guide/assets/prone-y-raise/frame-3.svg","both"
"427","delts/barbell-front-raise","Barbell Front Raise","barbell","delts","strength","true","https://cdn.jsdelivr.net/gh/JahelCuadrado/ExerciseGymGifsDB@v1.1.0/delts/barbell-front-raise.gif","front-raise","exact","https://cdn.jsdelivr.net/gh/bryllim/workout-guide@ba0b709cb20430361b2cb33aaadd20998164a916/packages/workout-guide/assets/front-raise/frame-1.svg","https://cdn.jsdelivr.net/gh/bryllim/workout-guide@ba0b709cb20430361b2cb33aaadd20998164a916/packages/workout-guide/assets/front-raise/frame-2.svg","https://cdn.jsdelivr.net/gh/bryllim/workout-guide@ba0b709cb20430361b2cb33aaadd20998164a916/packages/workout-guide/assets/front-raise/frame-3.svg","both"
"428","delts/barbell-one-arm-snatch","Barbell One Arm Snatch","barbell","delts","strength","true","https://cdn.jsdelivr.net/gh/JahelCuadrado/ExerciseGymGifsDB@v1.1.0/delts/barbell-one-arm-snatch.gif","","","","","","gif_only"
"429","delts/barbell-rear-delt-raise","Barbell Rear Delt Raise","barbell","delts","strength","true","https://cdn.jsdelivr.net/gh/JahelCuadrado/ExerciseGymGifsDB@v1.1.0/delts/barbell-rear-delt-raise.gif","bent-over-rear-delt-raise","fuzzy(0.60)","https://cdn.jsdelivr.net/gh/bryllim/workout-guide@ba0b709cb20430361b2cb33aaadd20998164a916/packages/workout-guide/assets/bent-over-rear-delt-raise/frame-1.svg","https://cdn.jsdelivr.net/gh/bryllim/workout-guide@ba0b709cb20430361b2cb33aaadd20998164a916/packages/workout-guide/assets/bent-over-rear-delt-raise/frame-2.svg","https://cdn.jsdelivr.net/gh/bryllim/workout-guide@ba0b709cb20430361b2cb33aaadd20998164a916/packages/workout-guide/assets/bent-over-rear-delt-raise/frame-3.svg","both"
"430","delts/barbell-rear-delt-row","Barbell Rear Delt Row","barbell","delts","strength","true","https://cdn.jsdelivr.net/gh/JahelCuadrado/ExerciseGymGifsDB@v1.1.0/delts/barbell-rear-delt-row.gif","rear-delt-fly","fuzzy(0.50)","https://cdn.jsdelivr.net/gh/bryllim/workout-guide@ba0b709cb20430361b2cb33aaadd20998164a916/packages/workout-guide/assets/rear-delt-fly/frame-1.svg","https://cdn.jsdelivr.net/gh/bryllim/workout-guide@ba0b709cb20430361b2cb33aaadd20998164a916/packages/workout-guide/assets/rear-delt-fly/frame-2.svg","https://cdn.jsdelivr.net/gh/bryllim/workout-guide@ba0b709cb20430361b2cb33aaadd20998164a916/packages/workout-guide/assets/rear-delt-fly/frame-3.svg","both"
"431","delts/barbell-seated-behind-head-military-press","Barbell Seated Behind Head Military Press","barbell","delts","strength","true","https://cdn.jsdelivr.net/gh/JahelCuadrado/ExerciseGymGifsDB@v1.1.0/delts/barbell-seated-behind-head-military-press.gif","","","","","","gif_only"
"432","delts/barbell-seated-bradford-rocky-press","Barbell Seated Bradford Rocky Press","barbell","delts","strength","true","https://cdn.jsdelivr.net/gh/JahelCuadrado/ExerciseGymGifsDB@v1.1.0/delts/barbell-seated-bradford-rocky-press.gif","","","","","","gif_only"
"433","delts/barbell-seated-overhead-press","Barbell Seated Overhead Press","barbell","delts","strength","true","https://cdn.jsdelivr.net/gh/JahelCuadrado/ExerciseGymGifsDB@v1.1.0/delts/barbell-seated-overhead-press.gif","overhead-press","fuzzy(0.67)","https://cdn.jsdelivr.net/gh/bryllim/workout-guide@ba0b709cb20430361b2cb33aaadd20998164a916/packages/workout-guide/assets/overhead-press/frame-1.svg","https://cdn.jsdelivr.net/gh/bryllim/workout-guide@ba0b709cb20430361b2cb33aaadd20998164a916/packages/workout-guide/assets/overhead-press/frame-2.svg","https://cdn.jsdelivr.net/gh/bryllim/workout-guide@ba0b709cb20430361b2cb33aaadd20998164a916/packages/workout-guide/assets/overhead-press/frame-3.svg","both"
"434","delts/barbell-skier","Barbell Skier","barbell","delts","strength","true","https://cdn.jsdelivr.net/gh/JahelCuadrado/ExerciseGymGifsDB@v1.1.0/delts/barbell-skier.gif","","","","","","gif_only"
"435","delts/barbell-standing-bradford-press","Barbell Standing Bradford Press","barbell","delts","strength","true","https://cdn.jsdelivr.net/gh/JahelCuadrado/ExerciseGymGifsDB@v1.1.0/delts/barbell-standing-bradford-press.gif","standing-dumbbell-press","fuzzy(0.50)","https://cdn.jsdelivr.net/gh/bryllim/workout-guide@ba0b709cb20430361b2cb33aaadd20998164a916/packages/workout-guide/assets/standing-dumbbell-press/frame-1.svg","https://cdn.jsdelivr.net/gh/bryllim/workout-guide@ba0b709cb20430361b2cb33aaadd20998164a916/packages/workout-guide/assets/standing-dumbbell-press/frame-2.svg","https://cdn.jsdelivr.net/gh/bryllim/workout-guide@ba0b709cb20430361b2cb33aaadd20998164a916/packages/workout-guide/assets/standing-dumbbell-press/frame-3.svg","both"
"436","delts/barbell-standing-close-grip-military-press","Barbell Standing Close Grip Military Press","barbell","delts","strength","true","https://cdn.jsdelivr.net/gh/JahelCuadrado/ExerciseGymGifsDB@v1.1.0/delts/barbell-standing-close-grip-military-press.gif","close-grip-bench-press","fuzzy(0.50)","https://cdn.jsdelivr.net/gh/bryllim/workout-guide@ba0b709cb20430361b2cb33aaadd20998164a916/packages/workout-guide/assets/close-grip-bench-press/frame-1.svg","https://cdn.jsdelivr.net/gh/bryllim/workout-guide@ba0b709cb20430361b2cb33aaadd20998164a916/packages/workout-guide/assets/close-grip-bench-press/frame-2.svg","https://cdn.jsdelivr.net/gh/bryllim/workout-guide@ba0b709cb20430361b2cb33aaadd20998164a916/packages/workout-guide/assets/close-grip-bench-press/frame-3.svg","both"
"437","delts/barbell-standing-front-raise-over-head","Barbell Standing Front Raise Over Head","barbell","delts","strength","true","https://cdn.jsdelivr.net/gh/JahelCuadrado/ExerciseGymGifsDB@v1.1.0/delts/barbell-standing-front-raise-over-head.gif","","","","","","gif_only"
"438","delts/barbell-standing-wide-military-press","Barbell Standing Wide Military Press","barbell","delts","strength","true","https://cdn.jsdelivr.net/gh/JahelCuadrado/ExerciseGymGifsDB@v1.1.0/delts/barbell-standing-wide-military-press.gif","","","","","","gif_only"
"439","delts/barbell-thruster","Barbell Thruster","barbell","delts","strength","true","https://cdn.jsdelivr.net/gh/JahelCuadrado/ExerciseGymGifsDB@v1.1.0/delts/barbell-thruster.gif","","","","","","gif_only"
"440","delts/barbell-upright-row-v-2","Barbell Upright Row v2","barbell","delts","strength","true","https://cdn.jsdelivr.net/gh/JahelCuadrado/ExerciseGymGifsDB@v1.1.0/delts/barbell-upright-row-v-2.gif","upright-row","fuzzy(0.67)","https://cdn.jsdelivr.net/gh/bryllim/workout-guide@ba0b709cb20430361b2cb33aaadd20998164a916/packages/workout-guide/assets/upright-row/frame-1.svg","https://cdn.jsdelivr.net/gh/bryllim/workout-guide@ba0b709cb20430361b2cb33aaadd20998164a916/packages/workout-guide/assets/upright-row/frame-2.svg","https://cdn.jsdelivr.net/gh/bryllim/workout-guide@ba0b709cb20430361b2cb33aaadd20998164a916/packages/workout-guide/assets/upright-row/frame-3.svg","both"
"441","delts/barbell-upright-row-v-3","Barbell Upright Row v3","barbell","delts","strength","true","https://cdn.jsdelivr.net/gh/JahelCuadrado/ExerciseGymGifsDB@v1.1.0/delts/barbell-upright-row-v-3.gif","upright-row","fuzzy(0.67)","https://cdn.jsdelivr.net/gh/bryllim/workout-guide@ba0b709cb20430361b2cb33aaadd20998164a916/packages/workout-guide/assets/upright-row/frame-1.svg","https://cdn.jsdelivr.net/gh/bryllim/workout-guide@ba0b709cb20430361b2cb33aaadd20998164a916/packages/workout-guide/assets/upright-row/frame-2.svg","https://cdn.jsdelivr.net/gh/bryllim/workout-guide@ba0b709cb20430361b2cb33aaadd20998164a916/packages/workout-guide/assets/upright-row/frame-3.svg","both"
"442","delts/barbell-upright-row","Barbell Upright Row","barbell","delts","strength","true","https://cdn.jsdelivr.net/gh/JahelCuadrado/ExerciseGymGifsDB@v1.1.0/delts/barbell-upright-row.gif","upright-row","exact","https://cdn.jsdelivr.net/gh/bryllim/workout-guide@ba0b709cb20430361b2cb33aaadd20998164a916/packages/workout-guide/assets/upright-row/frame-1.svg","https://cdn.jsdelivr.net/gh/bryllim/workout-guide@ba0b709cb20430361b2cb33aaadd20998164a916/packages/workout-guide/assets/upright-row/frame-2.svg","https://cdn.jsdelivr.net/gh/bryllim/workout-guide@ba0b709cb20430361b2cb33aaadd20998164a916/packages/workout-guide/assets/upright-row/frame-3.svg","both"
"443","delts/barbell-wide-grip-upright-row","Barbell Wide Grip Upright Row","barbell","delts","strength","true","https://cdn.jsdelivr.net/gh/JahelCuadrado/ExerciseGymGifsDB@v1.1.0/delts/barbell-wide-grip-upright-row.gif","upright-row","fuzzy(0.50)","https://cdn.jsdelivr.net/gh/bryllim/workout-guide@ba0b709cb20430361b2cb33aaadd20998164a916/packages/workout-guide/assets/upright-row/frame-1.svg","https://cdn.jsdelivr.net/gh/bryllim/workout-guide@ba0b709cb20430361b2cb33aaadd20998164a916/packages/workout-guide/assets/upright-row/frame-2.svg","https://cdn.jsdelivr.net/gh/bryllim/workout-guide@ba0b709cb20430361b2cb33aaadd20998164a916/packages/workout-guide/assets/upright-row/frame-3.svg","both"
"444","delts/battling-ropes","Battling Ropes","band","delts","strength","true","https://cdn.jsdelivr.net/gh/JahelCuadrado/ExerciseGymGifsDB@v1.1.0/delts/battling-ropes.gif","","","","","","gif_only"
"445","delts/cable-alternate-shoulder-press","Cable Alternate Shoulder Press","cable","delts","strength","true","https://cdn.jsdelivr.net/gh/JahelCuadrado/ExerciseGymGifsDB@v1.1.0/delts/cable-alternate-shoulder-press.gif","machine-shoulder-press","fuzzy(0.50)","https://cdn.jsdelivr.net/gh/bryllim/workout-guide@ba0b709cb20430361b2cb33aaadd20998164a916/packages/workout-guide/assets/machine-shoulder-press/frame-1.svg","https://cdn.jsdelivr.net/gh/bryllim/workout-guide@ba0b709cb20430361b2cb33aaadd20998164a916/packages/workout-guide/assets/machine-shoulder-press/frame-2.svg","https://cdn.jsdelivr.net/gh/bryllim/workout-guide@ba0b709cb20430361b2cb33aaadd20998164a916/packages/workout-guide/assets/machine-shoulder-press/frame-3.svg","both"
"446","delts/cable-cross-over-revers-fly","Cable Cross Over Revers Fly","cable","delts","strength","true","https://cdn.jsdelivr.net/gh/JahelCuadrado/ExerciseGymGifsDB@v1.1.0/delts/cable-cross-over-revers-fly.gif","","","","","","gif_only"
"447","delts/cable-forward-raise","Cable Forward Raise","cable","delts","strength","true","https://cdn.jsdelivr.net/gh/JahelCuadrado/ExerciseGymGifsDB@v1.1.0/delts/cable-forward-raise.gif","","","","","","gif_only"
"448","delts/cable-front-raise","Cable Front Raise","cable","delts","strength","true","https://cdn.jsdelivr.net/gh/JahelCuadrado/ExerciseGymGifsDB@v1.1.0/delts/cable-front-raise.gif","cable-front-raise","exact","https://cdn.jsdelivr.net/gh/bryllim/workout-guide@ba0b709cb20430361b2cb33aaadd20998164a916/packages/workout-guide/assets/cable-front-raise/frame-1.svg","https://cdn.jsdelivr.net/gh/bryllim/workout-guide@ba0b709cb20430361b2cb33aaadd20998164a916/packages/workout-guide/assets/cable-front-raise/frame-2.svg","https://cdn.jsdelivr.net/gh/bryllim/workout-guide@ba0b709cb20430361b2cb33aaadd20998164a916/packages/workout-guide/assets/cable-front-raise/frame-3.svg","both"
"449","delts/cable-front-shoulder-raise","Cable Front Shoulder Raise","cable","delts","strength","true","https://cdn.jsdelivr.net/gh/JahelCuadrado/ExerciseGymGifsDB@v1.1.0/delts/cable-front-shoulder-raise.gif","front-raise","fuzzy(0.67)","https://cdn.jsdelivr.net/gh/bryllim/workout-guide@ba0b709cb20430361b2cb33aaadd20998164a916/packages/workout-guide/assets/front-raise/frame-1.svg","https://cdn.jsdelivr.net/gh/bryllim/workout-guide@ba0b709cb20430361b2cb33aaadd20998164a916/packages/workout-guide/assets/front-raise/frame-2.svg","https://cdn.jsdelivr.net/gh/bryllim/workout-guide@ba0b709cb20430361b2cb33aaadd20998164a916/packages/workout-guide/assets/front-raise/frame-3.svg","both"
"450","delts/cable-kneeling-rear-delt-row-with-rope-male","Cable Kneeling Rear Delt Row With Rope Male","cable","delts","strength","true","https://cdn.jsdelivr.net/gh/JahelCuadrado/ExerciseGymGifsDB@v1.1.0/delts/cable-kneeling-rear-delt-row-with-rope-male.gif","","","","","","gif_only"
"451","delts/cable-lateral-raise","Cable Lateral Raise","cable","delts","strength","true","https://cdn.jsdelivr.net/gh/JahelCuadrado/ExerciseGymGifsDB@v1.1.0/delts/cable-lateral-raise.gif","cable-lateral-raise","exact","https://cdn.jsdelivr.net/gh/bryllim/workout-guide@ba0b709cb20430361b2cb33aaadd20998164a916/packages/workout-guide/assets/cable-lateral-raise/frame-1.svg","https://cdn.jsdelivr.net/gh/bryllim/workout-guide@ba0b709cb20430361b2cb33aaadd20998164a916/packages/workout-guide/assets/cable-lateral-raise/frame-2.svg","https://cdn.jsdelivr.net/gh/bryllim/workout-guide@ba0b709cb20430361b2cb33aaadd20998164a916/packages/workout-guide/assets/cable-lateral-raise/frame-3.svg","both"
"452","delts/cable-one-arm-lateral-raise","Cable One Arm Lateral Raise","cable","delts","strength","true","https://cdn.jsdelivr.net/gh/JahelCuadrado/ExerciseGymGifsDB@v1.1.0/delts/cable-one-arm-lateral-raise.gif","lateral-raise","fuzzy(0.50)","https://cdn.jsdelivr.net/gh/bryllim/workout-guide@ba0b709cb20430361b2cb33aaadd20998164a916/packages/workout-guide/assets/lateral-raise/frame-1.svg","https://cdn.jsdelivr.net/gh/bryllim/workout-guide@ba0b709cb20430361b2cb33aaadd20998164a916/packages/workout-guide/assets/lateral-raise/frame-2.svg","https://cdn.jsdelivr.net/gh/bryllim/workout-guide@ba0b709cb20430361b2cb33aaadd20998164a916/packages/workout-guide/assets/lateral-raise/frame-3.svg","both"
"453","delts/cable-rear-delt-row-stirrups","Cable Rear Delt Row Stirrups","cable","delts","strength","true","https://cdn.jsdelivr.net/gh/JahelCuadrado/ExerciseGymGifsDB@v1.1.0/delts/cable-rear-delt-row-stirrups.gif","","","","","","gif_only"
"454","delts/cable-rear-delt-row-with-rope","Cable Rear Delt Row With Rope","cable","delts","strength","true","https://cdn.jsdelivr.net/gh/JahelCuadrado/ExerciseGymGifsDB@v1.1.0/delts/cable-rear-delt-row-with-rope.gif","","","","","","gif_only"
"455","delts/cable-seated-rear-lateral-raise","Cable Seated Rear Lateral Raise","cable","delts","strength","true","https://cdn.jsdelivr.net/gh/JahelCuadrado/ExerciseGymGifsDB@v1.1.0/delts/cable-seated-rear-lateral-raise.gif","lateral-raise","fuzzy(0.50)","https://cdn.jsdelivr.net/gh/bryllim/workout-guide@ba0b709cb20430361b2cb33aaadd20998164a916/packages/workout-guide/assets/lateral-raise/frame-1.svg","https://cdn.jsdelivr.net/gh/bryllim/workout-guide@ba0b709cb20430361b2cb33aaadd20998164a916/packages/workout-guide/assets/lateral-raise/frame-2.svg","https://cdn.jsdelivr.net/gh/bryllim/workout-guide@ba0b709cb20430361b2cb33aaadd20998164a916/packages/workout-guide/assets/lateral-raise/frame-3.svg","both"
"456","delts/cable-seated-shoulder-internal-rotation","Cable Seated Shoulder Internal Rotation","cable","delts","strength","true","https://cdn.jsdelivr.net/gh/JahelCuadrado/ExerciseGymGifsDB@v1.1.0/delts/cable-seated-shoulder-internal-rotation.gif","","","","","","gif_only"
"457","delts/cable-shoulder-press","Cable Shoulder Press","cable","delts","strength","true","https://cdn.jsdelivr.net/gh/JahelCuadrado/ExerciseGymGifsDB@v1.1.0/delts/cable-shoulder-press.gif","machine-shoulder-press","fuzzy(0.67)","https://cdn.jsdelivr.net/gh/bryllim/workout-guide@ba0b709cb20430361b2cb33aaadd20998164a916/packages/workout-guide/assets/machine-shoulder-press/frame-1.svg","https://cdn.jsdelivr.net/gh/bryllim/workout-guide@ba0b709cb20430361b2cb33aaadd20998164a916/packages/workout-guide/assets/machine-shoulder-press/frame-2.svg","https://cdn.jsdelivr.net/gh/bryllim/workout-guide@ba0b709cb20430361b2cb33aaadd20998164a916/packages/workout-guide/assets/machine-shoulder-press/frame-3.svg","both"
"458","delts/cable-standing-cross-over-high-reverse-fly","Cable Standing Cross Over High Reverse Fly","cable","delts","strength","true","https://cdn.jsdelivr.net/gh/JahelCuadrado/ExerciseGymGifsDB@v1.1.0/delts/cable-standing-cross-over-high-reverse-fly.gif","","","","","","gif_only"
"459","delts/cable-standing-rear-delt-row-with-rope","Cable Standing Rear Delt Row With Rope","cable","delts","strength","true","https://cdn.jsdelivr.net/gh/JahelCuadrado/ExerciseGymGifsDB@v1.1.0/delts/cable-standing-rear-delt-row-with-rope.gif","","","","","","gif_only"
"460","delts/cable-standing-shoulder-external-rotation","Cable Standing Shoulder External Rotation","cable","delts","strength","true","https://cdn.jsdelivr.net/gh/JahelCuadrado/ExerciseGymGifsDB@v1.1.0/delts/cable-standing-shoulder-external-rotation.gif","","","","","","gif_only"
"461","delts/cable-supine-reverse-fly","Cable Supine Reverse Fly","cable","delts","strength","true","https://cdn.jsdelivr.net/gh/JahelCuadrado/ExerciseGymGifsDB@v1.1.0/delts/cable-supine-reverse-fly.gif","","","","","","gif_only"
"462","delts/cable-upright-row","Cable Upright Row","cable","delts","strength","true","https://cdn.jsdelivr.net/gh/JahelCuadrado/ExerciseGymGifsDB@v1.1.0/delts/cable-upright-row.gif","upright-row","exact","https://cdn.jsdelivr.net/gh/bryllim/workout-guide@ba0b709cb20430361b2cb33aaadd20998164a916/packages/workout-guide/assets/upright-row/frame-1.svg","https://cdn.jsdelivr.net/gh/bryllim/workout-guide@ba0b709cb20430361b2cb33aaadd20998164a916/packages/workout-guide/assets/upright-row/frame-2.svg","https://cdn.jsdelivr.net/gh/bryllim/workout-guide@ba0b709cb20430361b2cb33aaadd20998164a916/packages/workout-guide/assets/upright-row/frame-3.svg","both"
"463","delts/dumbbell-alternate-side-press","Dumbbell Alternate Side Press","dumbbell","delts","strength","true","https://cdn.jsdelivr.net/gh/JahelCuadrado/ExerciseGymGifsDB@v1.1.0/delts/dumbbell-alternate-side-press.gif","","","","","","gif_only"
"464","delts/dumbbell-arnold-press-v-2","Dumbbell Arnold Press v2","dumbbell","delts","strength","true","https://cdn.jsdelivr.net/gh/JahelCuadrado/ExerciseGymGifsDB@v1.1.0/delts/dumbbell-arnold-press-v-2.gif","arnold-press","fuzzy(0.67)","https://cdn.jsdelivr.net/gh/bryllim/workout-guide@ba0b709cb20430361b2cb33aaadd20998164a916/packages/workout-guide/assets/arnold-press/frame-1.svg","https://cdn.jsdelivr.net/gh/bryllim/workout-guide@ba0b709cb20430361b2cb33aaadd20998164a916/packages/workout-guide/assets/arnold-press/frame-2.svg","https://cdn.jsdelivr.net/gh/bryllim/workout-guide@ba0b709cb20430361b2cb33aaadd20998164a916/packages/workout-guide/assets/arnold-press/frame-3.svg","both"
"465","delts/dumbbell-arnold-press","Dumbbell Arnold Press","dumbbell","delts","strength","true","https://cdn.jsdelivr.net/gh/JahelCuadrado/ExerciseGymGifsDB@v1.1.0/delts/dumbbell-arnold-press.gif","arnold-press","exact","https://cdn.jsdelivr.net/gh/bryllim/workout-guide@ba0b709cb20430361b2cb33aaadd20998164a916/packages/workout-guide/assets/arnold-press/frame-1.svg","https://cdn.jsdelivr.net/gh/bryllim/workout-guide@ba0b709cb20430361b2cb33aaadd20998164a916/packages/workout-guide/assets/arnold-press/frame-2.svg","https://cdn.jsdelivr.net/gh/bryllim/workout-guide@ba0b709cb20430361b2cb33aaadd20998164a916/packages/workout-guide/assets/arnold-press/frame-3.svg","both"
"466","delts/dumbbell-bench-seated-press","Dumbbell Bench Seated Press","dumbbell","delts","strength","true","https://cdn.jsdelivr.net/gh/JahelCuadrado/ExerciseGymGifsDB@v1.1.0/delts/dumbbell-bench-seated-press.gif","bench-press","fuzzy(0.67)","https://cdn.jsdelivr.net/gh/bryllim/workout-guide@ba0b709cb20430361b2cb33aaadd20998164a916/packages/workout-guide/assets/bench-press/frame-1.svg","https://cdn.jsdelivr.net/gh/bryllim/workout-guide@ba0b709cb20430361b2cb33aaadd20998164a916/packages/workout-guide/assets/bench-press/frame-2.svg","https://cdn.jsdelivr.net/gh/bryllim/workout-guide@ba0b709cb20430361b2cb33aaadd20998164a916/packages/workout-guide/assets/bench-press/frame-3.svg","both"
"467","delts/dumbbell-cuban-press-v-2","Dumbbell Cuban Press v2","dumbbell","delts","strength","true","https://cdn.jsdelivr.net/gh/JahelCuadrado/ExerciseGymGifsDB@v1.1.0/delts/dumbbell-cuban-press-v-2.gif","","","","","","gif_only"
"468","delts/dumbbell-cuban-press","Dumbbell Cuban Press","dumbbell","delts","strength","true","https://cdn.jsdelivr.net/gh/JahelCuadrado/ExerciseGymGifsDB@v1.1.0/delts/dumbbell-cuban-press.gif","","","","","","gif_only"
"469","delts/dumbbell-front-raise-v-2","Dumbbell Front Raise v2","dumbbell","delts","strength","true","https://cdn.jsdelivr.net/gh/JahelCuadrado/ExerciseGymGifsDB@v1.1.0/delts/dumbbell-front-raise-v-2.gif","front-raise","fuzzy(0.67)","https://cdn.jsdelivr.net/gh/bryllim/workout-guide@ba0b709cb20430361b2cb33aaadd20998164a916/packages/workout-guide/assets/front-raise/frame-1.svg","https://cdn.jsdelivr.net/gh/bryllim/workout-guide@ba0b709cb20430361b2cb33aaadd20998164a916/packages/workout-guide/assets/front-raise/frame-2.svg","https://cdn.jsdelivr.net/gh/bryllim/workout-guide@ba0b709cb20430361b2cb33aaadd20998164a916/packages/workout-guide/assets/front-raise/frame-3.svg","both"
"470","delts/dumbbell-front-raise","Dumbbell Front Raise","dumbbell","delts","strength","true","https://cdn.jsdelivr.net/gh/JahelCuadrado/ExerciseGymGifsDB@v1.1.0/delts/dumbbell-front-raise.gif","front-raise","exact","https://cdn.jsdelivr.net/gh/bryllim/workout-guide@ba0b709cb20430361b2cb33aaadd20998164a916/packages/workout-guide/assets/front-raise/frame-1.svg","https://cdn.jsdelivr.net/gh/bryllim/workout-guide@ba0b709cb20430361b2cb33aaadd20998164a916/packages/workout-guide/assets/front-raise/frame-2.svg","https://cdn.jsdelivr.net/gh/bryllim/workout-guide@ba0b709cb20430361b2cb33aaadd20998164a916/packages/workout-guide/assets/front-raise/frame-3.svg","both"
"471","delts/dumbbell-full-can-lateral-raise","Dumbbell Full Can Lateral Raise","dumbbell","delts","strength","true","https://cdn.jsdelivr.net/gh/JahelCuadrado/ExerciseGymGifsDB@v1.1.0/delts/dumbbell-full-can-lateral-raise.gif","lateral-raise","fuzzy(0.50)","https://cdn.jsdelivr.net/gh/bryllim/workout-guide@ba0b709cb20430361b2cb33aaadd20998164a916/packages/workout-guide/assets/lateral-raise/frame-1.svg","https://cdn.jsdelivr.net/gh/bryllim/workout-guide@ba0b709cb20430361b2cb33aaadd20998164a916/packages/workout-guide/assets/lateral-raise/frame-2.svg","https://cdn.jsdelivr.net/gh/bryllim/workout-guide@ba0b709cb20430361b2cb33aaadd20998164a916/packages/workout-guide/assets/lateral-raise/frame-3.svg","both"
"472","delts/dumbbell-incline-one-arm-lateral-raise","Dumbbell Incline One Arm Lateral Raise","dumbbell","delts","strength","true","https://cdn.jsdelivr.net/gh/JahelCuadrado/ExerciseGymGifsDB@v1.1.0/delts/dumbbell-incline-one-arm-lateral-raise.gif","","","","","","gif_only"
"473","delts/dumbbell-incline-raise","Dumbbell Incline Raise","dumbbell","delts","strength","true","https://cdn.jsdelivr.net/gh/JahelCuadrado/ExerciseGymGifsDB@v1.1.0/delts/dumbbell-incline-raise.gif","","","","","","gif_only"
"474","delts/dumbbell-incline-rear-lateral-raise","Dumbbell Incline Rear Lateral Raise","dumbbell","delts","strength","true","https://cdn.jsdelivr.net/gh/JahelCuadrado/ExerciseGymGifsDB@v1.1.0/delts/dumbbell-incline-rear-lateral-raise.gif","lateral-raise","fuzzy(0.50)","https://cdn.jsdelivr.net/gh/bryllim/workout-guide@ba0b709cb20430361b2cb33aaadd20998164a916/packages/workout-guide/assets/lateral-raise/frame-1.svg","https://cdn.jsdelivr.net/gh/bryllim/workout-guide@ba0b709cb20430361b2cb33aaadd20998164a916/packages/workout-guide/assets/lateral-raise/frame-2.svg","https://cdn.jsdelivr.net/gh/bryllim/workout-guide@ba0b709cb20430361b2cb33aaadd20998164a916/packages/workout-guide/assets/lateral-raise/frame-3.svg","both"
"475","delts/dumbbell-incline-t-raise","Dumbbell Incline T Raise","dumbbell","delts","strength","true","https://cdn.jsdelivr.net/gh/JahelCuadrado/ExerciseGymGifsDB@v1.1.0/delts/dumbbell-incline-t-raise.gif","prone-t-raise","fuzzy(0.50)","https://cdn.jsdelivr.net/gh/bryllim/workout-guide@ba0b709cb20430361b2cb33aaadd20998164a916/packages/workout-guide/assets/prone-t-raise/frame-1.svg","https://cdn.jsdelivr.net/gh/bryllim/workout-guide@ba0b709cb20430361b2cb33aaadd20998164a916/packages/workout-guide/assets/prone-t-raise/frame-2.svg","https://cdn.jsdelivr.net/gh/bryllim/workout-guide@ba0b709cb20430361b2cb33aaadd20998164a916/packages/workout-guide/assets/prone-t-raise/frame-3.svg","both"
"476","delts/dumbbell-iron-cross","Dumbbell Iron Cross","dumbbell","delts","strength","true","https://cdn.jsdelivr.net/gh/JahelCuadrado/ExerciseGymGifsDB@v1.1.0/delts/dumbbell-iron-cross.gif","","","","","","gif_only"
"477","delts/dumbbell-lateral-raise","Dumbbell Lateral Raise","dumbbell","delts","strength","true","https://cdn.jsdelivr.net/gh/JahelCuadrado/ExerciseGymGifsDB@v1.1.0/delts/dumbbell-lateral-raise.gif","lateral-raise","exact","https://cdn.jsdelivr.net/gh/bryllim/workout-guide@ba0b709cb20430361b2cb33aaadd20998164a916/packages/workout-guide/assets/lateral-raise/frame-1.svg","https://cdn.jsdelivr.net/gh/bryllim/workout-guide@ba0b709cb20430361b2cb33aaadd20998164a916/packages/workout-guide/assets/lateral-raise/frame-2.svg","https://cdn.jsdelivr.net/gh/bryllim/workout-guide@ba0b709cb20430361b2cb33aaadd20998164a916/packages/workout-guide/assets/lateral-raise/frame-3.svg","both"
"478","delts/dumbbell-lateral-to-front-raise","Dumbbell Lateral To Front Raise","dumbbell","delts","strength","true","https://cdn.jsdelivr.net/gh/JahelCuadrado/ExerciseGymGifsDB@v1.1.0/delts/dumbbell-lateral-to-front-raise.gif","lateral-raise","fuzzy(0.50)","https://cdn.jsdelivr.net/gh/bryllim/workout-guide@ba0b709cb20430361b2cb33aaadd20998164a916/packages/workout-guide/assets/lateral-raise/frame-1.svg","https://cdn.jsdelivr.net/gh/bryllim/workout-guide@ba0b709cb20430361b2cb33aaadd20998164a916/packages/workout-guide/assets/lateral-raise/frame-2.svg","https://cdn.jsdelivr.net/gh/bryllim/workout-guide@ba0b709cb20430361b2cb33aaadd20998164a916/packages/workout-guide/assets/lateral-raise/frame-3.svg","both"
"479","delts/dumbbell-lying-external-shoulder-rotation","Dumbbell Lying External Shoulder Rotation","dumbbell","delts","strength","true","https://cdn.jsdelivr.net/gh/JahelCuadrado/ExerciseGymGifsDB@v1.1.0/delts/dumbbell-lying-external-shoulder-rotation.gif","","","","","","gif_only"
"480","delts/dumbbell-lying-on-floor-rear-delt-raise","Dumbbell Lying On Floor Rear Delt Raise","dumbbell","delts","strength","true","https://cdn.jsdelivr.net/gh/JahelCuadrado/ExerciseGymGifsDB@v1.1.0/delts/dumbbell-lying-on-floor-rear-delt-raise.gif","","","","","","gif_only"
"481","delts/dumbbell-lying-one-arm-deltoid-rear","Dumbbell Lying One Arm Deltoid Rear","dumbbell","delts","strength","true","https://cdn.jsdelivr.net/gh/JahelCuadrado/ExerciseGymGifsDB@v1.1.0/delts/dumbbell-lying-one-arm-deltoid-rear.gif","","","","","","gif_only"
"482","delts/dumbbell-lying-one-arm-rear-lateral-raise","Dumbbell Lying One Arm Rear Lateral Raise","dumbbell","delts","strength","true","https://cdn.jsdelivr.net/gh/JahelCuadrado/ExerciseGymGifsDB@v1.1.0/delts/dumbbell-lying-one-arm-rear-lateral-raise.gif","","","","","","gif_only"
"483","delts/dumbbell-lying-rear-lateral-raise","Dumbbell Lying Rear Lateral Raise","dumbbell","delts","strength","true","https://cdn.jsdelivr.net/gh/JahelCuadrado/ExerciseGymGifsDB@v1.1.0/delts/dumbbell-lying-rear-lateral-raise.gif","lateral-raise","fuzzy(0.50)","https://cdn.jsdelivr.net/gh/bryllim/workout-guide@ba0b709cb20430361b2cb33aaadd20998164a916/packages/workout-guide/assets/lateral-raise/frame-1.svg","https://cdn.jsdelivr.net/gh/bryllim/workout-guide@ba0b709cb20430361b2cb33aaadd20998164a916/packages/workout-guide/assets/lateral-raise/frame-2.svg","https://cdn.jsdelivr.net/gh/bryllim/workout-guide@ba0b709cb20430361b2cb33aaadd20998164a916/packages/workout-guide/assets/lateral-raise/frame-3.svg","both"
"484","delts/dumbbell-one-arm-lateral-raise-with-support","Dumbbell One Arm Lateral Raise With Support","dumbbell","delts","strength","true","https://cdn.jsdelivr.net/gh/JahelCuadrado/ExerciseGymGifsDB@v1.1.0/delts/dumbbell-one-arm-lateral-raise-with-support.gif","","","","","","gif_only"
"485","delts/dumbbell-one-arm-lateral-raise","Dumbbell One Arm Lateral Raise","dumbbell","delts","strength","true","https://cdn.jsdelivr.net/gh/JahelCuadrado/ExerciseGymGifsDB@v1.1.0/delts/dumbbell-one-arm-lateral-raise.gif","lateral-raise","fuzzy(0.50)","https://cdn.jsdelivr.net/gh/bryllim/workout-guide@ba0b709cb20430361b2cb33aaadd20998164a916/packages/workout-guide/assets/lateral-raise/frame-1.svg","https://cdn.jsdelivr.net/gh/bryllim/workout-guide@ba0b709cb20430361b2cb33aaadd20998164a916/packages/workout-guide/assets/lateral-raise/frame-2.svg","https://cdn.jsdelivr.net/gh/bryllim/workout-guide@ba0b709cb20430361b2cb33aaadd20998164a916/packages/workout-guide/assets/lateral-raise/frame-3.svg","both"
"486","delts/dumbbell-one-arm-reverse-fly-with-support","Dumbbell One Arm Reverse Fly With Support","dumbbell","delts","strength","true","https://cdn.jsdelivr.net/gh/JahelCuadrado/ExerciseGymGifsDB@v1.1.0/delts/dumbbell-one-arm-reverse-fly-with-support.gif","","","","","","gif_only"
"487","delts/dumbbell-one-arm-shoulder-press-v-2","Dumbbell One Arm Shoulder Press v2","dumbbell","delts","strength","true","https://cdn.jsdelivr.net/gh/JahelCuadrado/ExerciseGymGifsDB@v1.1.0/delts/dumbbell-one-arm-shoulder-press-v-2.gif","","","","","","gif_only"
"488","delts/dumbbell-one-arm-shoulder-press","Dumbbell One Arm Shoulder Press","dumbbell","delts","strength","true","https://cdn.jsdelivr.net/gh/JahelCuadrado/ExerciseGymGifsDB@v1.1.0/delts/dumbbell-one-arm-shoulder-press.gif","","","","","","gif_only"
"489","delts/dumbbell-one-arm-upright-row","Dumbbell One Arm Upright Row","dumbbell","delts","strength","true","https://cdn.jsdelivr.net/gh/JahelCuadrado/ExerciseGymGifsDB@v1.1.0/delts/dumbbell-one-arm-upright-row.gif","one-arm-dumbbell-row","fuzzy(0.60)","https://cdn.jsdelivr.net/gh/bryllim/workout-guide@ba0b709cb20430361b2cb33aaadd20998164a916/packages/workout-guide/assets/one-arm-dumbbell-row/frame-1.svg","https://cdn.jsdelivr.net/gh/bryllim/workout-guide@ba0b709cb20430361b2cb33aaadd20998164a916/packages/workout-guide/assets/one-arm-dumbbell-row/frame-2.svg","https://cdn.jsdelivr.net/gh/bryllim/workout-guide@ba0b709cb20430361b2cb33aaadd20998164a916/packages/workout-guide/assets/one-arm-dumbbell-row/frame-3.svg","both"
"490","delts/dumbbell-push-press","Dumbbell Push Press","dumbbell","delts","strength","true","https://cdn.jsdelivr.net/gh/JahelCuadrado/ExerciseGymGifsDB@v1.1.0/delts/dumbbell-push-press.gif","push-press","exact","https://cdn.jsdelivr.net/gh/bryllim/workout-guide@ba0b709cb20430361b2cb33aaadd20998164a916/packages/workout-guide/assets/push-press/frame-1.svg","https://cdn.jsdelivr.net/gh/bryllim/workout-guide@ba0b709cb20430361b2cb33aaadd20998164a916/packages/workout-guide/assets/push-press/frame-2.svg","https://cdn.jsdelivr.net/gh/bryllim/workout-guide@ba0b709cb20430361b2cb33aaadd20998164a916/packages/workout-guide/assets/push-press/frame-3.svg","both"
"491","delts/dumbbell-raise","Dumbbell Raise","dumbbell","delts","strength","true","https://cdn.jsdelivr.net/gh/JahelCuadrado/ExerciseGymGifsDB@v1.1.0/delts/dumbbell-raise.gif","lateral-raise","fuzzy(0.50)","https://cdn.jsdelivr.net/gh/bryllim/workout-guide@ba0b709cb20430361b2cb33aaadd20998164a916/packages/workout-guide/assets/lateral-raise/frame-1.svg","https://cdn.jsdelivr.net/gh/bryllim/workout-guide@ba0b709cb20430361b2cb33aaadd20998164a916/packages/workout-guide/assets/lateral-raise/frame-2.svg","https://cdn.jsdelivr.net/gh/bryllim/workout-guide@ba0b709cb20430361b2cb33aaadd20998164a916/packages/workout-guide/assets/lateral-raise/frame-3.svg","both"
"492","delts/dumbbell-rear-delt-raise","Dumbbell Rear Delt Raise","dumbbell","delts","strength","true","https://cdn.jsdelivr.net/gh/JahelCuadrado/ExerciseGymGifsDB@v1.1.0/delts/dumbbell-rear-delt-raise.gif","bent-over-rear-delt-raise","fuzzy(0.60)","https://cdn.jsdelivr.net/gh/bryllim/workout-guide@ba0b709cb20430361b2cb33aaadd20998164a916/packages/workout-guide/assets/bent-over-rear-delt-raise/frame-1.svg","https://cdn.jsdelivr.net/gh/bryllim/workout-guide@ba0b709cb20430361b2cb33aaadd20998164a916/packages/workout-guide/assets/bent-over-rear-delt-raise/frame-2.svg","https://cdn.jsdelivr.net/gh/bryllim/workout-guide@ba0b709cb20430361b2cb33aaadd20998164a916/packages/workout-guide/assets/bent-over-rear-delt-raise/frame-3.svg","both"
"493","delts/dumbbell-rear-delt-row-shoulder","Dumbbell Rear Delt Row Shoulder","dumbbell","delts","strength","true","https://cdn.jsdelivr.net/gh/JahelCuadrado/ExerciseGymGifsDB@v1.1.0/delts/dumbbell-rear-delt-row-shoulder.gif","","","","","","gif_only"
"494","delts/dumbbell-rear-fly","Dumbbell Rear Fly","dumbbell","delts","strength","true","https://cdn.jsdelivr.net/gh/JahelCuadrado/ExerciseGymGifsDB@v1.1.0/delts/dumbbell-rear-fly.gif","rear-delt-fly","fuzzy(0.67)","https://cdn.jsdelivr.net/gh/bryllim/workout-guide@ba0b709cb20430361b2cb33aaadd20998164a916/packages/workout-guide/assets/rear-delt-fly/frame-1.svg","https://cdn.jsdelivr.net/gh/bryllim/workout-guide@ba0b709cb20430361b2cb33aaadd20998164a916/packages/workout-guide/assets/rear-delt-fly/frame-2.svg","https://cdn.jsdelivr.net/gh/bryllim/workout-guide@ba0b709cb20430361b2cb33aaadd20998164a916/packages/workout-guide/assets/rear-delt-fly/frame-3.svg","both"
"495","delts/dumbbell-rear-lateral-raise-support-head","Dumbbell Rear Lateral Raise Support Head","dumbbell","delts","strength","true","https://cdn.jsdelivr.net/gh/JahelCuadrado/ExerciseGymGifsDB@v1.1.0/delts/dumbbell-rear-lateral-raise-support-head.gif","","","","","","gif_only"
"496","delts/dumbbell-rear-lateral-raise","Dumbbell Rear Lateral Raise","dumbbell","delts","strength","true","https://cdn.jsdelivr.net/gh/JahelCuadrado/ExerciseGymGifsDB@v1.1.0/delts/dumbbell-rear-lateral-raise.gif","lateral-raise","fuzzy(0.67)","https://cdn.jsdelivr.net/gh/bryllim/workout-guide@ba0b709cb20430361b2cb33aaadd20998164a916/packages/workout-guide/assets/lateral-raise/frame-1.svg","https://cdn.jsdelivr.net/gh/bryllim/workout-guide@ba0b709cb20430361b2cb33aaadd20998164a916/packages/workout-guide/assets/lateral-raise/frame-2.svg","https://cdn.jsdelivr.net/gh/bryllim/workout-guide@ba0b709cb20430361b2cb33aaadd20998164a916/packages/workout-guide/assets/lateral-raise/frame-3.svg","both"
"497","delts/dumbbell-reverse-fly","Dumbbell Reverse Fly","dumbbell","delts","strength","true","https://cdn.jsdelivr.net/gh/JahelCuadrado/ExerciseGymGifsDB@v1.1.0/delts/dumbbell-reverse-fly.gif","","","","","","gif_only"
"498","delts/dumbbell-rotation-reverse-fly","Dumbbell Rotation Reverse Fly","dumbbell","delts","strength","true","https://cdn.jsdelivr.net/gh/JahelCuadrado/ExerciseGymGifsDB@v1.1.0/delts/dumbbell-rotation-reverse-fly.gif","","","","","","gif_only"
"499","delts/dumbbell-scott-press","Dumbbell Scott Press","dumbbell","delts","strength","true","https://cdn.jsdelivr.net/gh/JahelCuadrado/ExerciseGymGifsDB@v1.1.0/delts/dumbbell-scott-press.gif","","","","","","gif_only"
"500","delts/dumbbell-seated-alternate-front-raise","Dumbbell Seated Alternate Front Raise","dumbbell","delts","strength","true","https://cdn.jsdelivr.net/gh/JahelCuadrado/ExerciseGymGifsDB@v1.1.0/delts/dumbbell-seated-alternate-front-raise.gif","front-raise","fuzzy(0.50)","https://cdn.jsdelivr.net/gh/bryllim/workout-guide@ba0b709cb20430361b2cb33aaadd20998164a916/packages/workout-guide/assets/front-raise/frame-1.svg","https://cdn.jsdelivr.net/gh/bryllim/workout-guide@ba0b709cb20430361b2cb33aaadd20998164a916/packages/workout-guide/assets/front-raise/frame-2.svg","https://cdn.jsdelivr.net/gh/bryllim/workout-guide@ba0b709cb20430361b2cb33aaadd20998164a916/packages/workout-guide/assets/front-raise/frame-3.svg","both"
"501","delts/dumbbell-seated-alternate-press","Dumbbell Seated Alternate Press","dumbbell","delts","strength","true","https://cdn.jsdelivr.net/gh/JahelCuadrado/ExerciseGymGifsDB@v1.1.0/delts/dumbbell-seated-alternate-press.gif","seated-dumbbell-press","fuzzy(0.50)","https://cdn.jsdelivr.net/gh/bryllim/workout-guide@ba0b709cb20430361b2cb33aaadd20998164a916/packages/workout-guide/assets/seated-dumbbell-press/frame-1.svg","https://cdn.jsdelivr.net/gh/bryllim/workout-guide@ba0b709cb20430361b2cb33aaadd20998164a916/packages/workout-guide/assets/seated-dumbbell-press/frame-2.svg","https://cdn.jsdelivr.net/gh/bryllim/workout-guide@ba0b709cb20430361b2cb33aaadd20998164a916/packages/workout-guide/assets/seated-dumbbell-press/frame-3.svg","both"
"502","delts/dumbbell-seated-alternate-shoulder","Dumbbell Seated Alternate Shoulder","dumbbell","delts","strength","true","https://cdn.jsdelivr.net/gh/JahelCuadrado/ExerciseGymGifsDB@v1.1.0/delts/dumbbell-seated-alternate-shoulder.gif","","","","","","gif_only"
"503","delts/dumbbell-seated-bent-arm-lateral-raise","Dumbbell Seated Bent Arm Lateral Raise","dumbbell","delts","strength","true","https://cdn.jsdelivr.net/gh/JahelCuadrado/ExerciseGymGifsDB@v1.1.0/delts/dumbbell-seated-bent-arm-lateral-raise.gif","","","","","","gif_only"
"504","delts/dumbbell-seated-front-raise","Dumbbell Seated Front Raise","dumbbell","delts","strength","true","https://cdn.jsdelivr.net/gh/JahelCuadrado/ExerciseGymGifsDB@v1.1.0/delts/dumbbell-seated-front-raise.gif","front-raise","fuzzy(0.67)","https://cdn.jsdelivr.net/gh/bryllim/workout-guide@ba0b709cb20430361b2cb33aaadd20998164a916/packages/workout-guide/assets/front-raise/frame-1.svg","https://cdn.jsdelivr.net/gh/bryllim/workout-guide@ba0b709cb20430361b2cb33aaadd20998164a916/packages/workout-guide/assets/front-raise/frame-2.svg","https://cdn.jsdelivr.net/gh/bryllim/workout-guide@ba0b709cb20430361b2cb33aaadd20998164a916/packages/workout-guide/assets/front-raise/frame-3.svg","both"
"505","delts/dumbbell-seated-lateral-raise-v-2","Dumbbell Seated Lateral Raise v2","dumbbell","delts","strength","true","https://cdn.jsdelivr.net/gh/JahelCuadrado/ExerciseGymGifsDB@v1.1.0/delts/dumbbell-seated-lateral-raise-v-2.gif","lateral-raise","fuzzy(0.50)","https://cdn.jsdelivr.net/gh/bryllim/workout-guide@ba0b709cb20430361b2cb33aaadd20998164a916/packages/workout-guide/assets/lateral-raise/frame-1.svg","https://cdn.jsdelivr.net/gh/bryllim/workout-guide@ba0b709cb20430361b2cb33aaadd20998164a916/packages/workout-guide/assets/lateral-raise/frame-2.svg","https://cdn.jsdelivr.net/gh/bryllim/workout-guide@ba0b709cb20430361b2cb33aaadd20998164a916/packages/workout-guide/assets/lateral-raise/frame-3.svg","both"
"506","delts/dumbbell-seated-lateral-raise","Dumbbell Seated Lateral Raise","dumbbell","delts","strength","true","https://cdn.jsdelivr.net/gh/JahelCuadrado/ExerciseGymGifsDB@v1.1.0/delts/dumbbell-seated-lateral-raise.gif","lateral-raise","fuzzy(0.67)","https://cdn.jsdelivr.net/gh/bryllim/workout-guide@ba0b709cb20430361b2cb33aaadd20998164a916/packages/workout-guide/assets/lateral-raise/frame-1.svg","https://cdn.jsdelivr.net/gh/bryllim/workout-guide@ba0b709cb20430361b2cb33aaadd20998164a916/packages/workout-guide/assets/lateral-raise/frame-2.svg","https://cdn.jsdelivr.net/gh/bryllim/workout-guide@ba0b709cb20430361b2cb33aaadd20998164a916/packages/workout-guide/assets/lateral-raise/frame-3.svg","both"
"507","delts/dumbbell-seated-shoulder-press-parallel-grip","Dumbbell Seated Shoulder Press Parallel Grip","dumbbell","delts","strength","true","https://cdn.jsdelivr.net/gh/JahelCuadrado/ExerciseGymGifsDB@v1.1.0/delts/dumbbell-seated-shoulder-press-parallel-grip.gif","","","","","","gif_only"
"508","delts/dumbbell-seated-shoulder-press","Dumbbell Seated Shoulder Press","dumbbell","delts","strength","true","https://cdn.jsdelivr.net/gh/JahelCuadrado/ExerciseGymGifsDB@v1.1.0/delts/dumbbell-seated-shoulder-press.gif","seated-dumbbell-press","fuzzy(0.50)","https://cdn.jsdelivr.net/gh/bryllim/workout-guide@ba0b709cb20430361b2cb33aaadd20998164a916/packages/workout-guide/assets/seated-dumbbell-press/frame-1.svg","https://cdn.jsdelivr.net/gh/bryllim/workout-guide@ba0b709cb20430361b2cb33aaadd20998164a916/packages/workout-guide/assets/seated-dumbbell-press/frame-2.svg","https://cdn.jsdelivr.net/gh/bryllim/workout-guide@ba0b709cb20430361b2cb33aaadd20998164a916/packages/workout-guide/assets/seated-dumbbell-press/frame-3.svg","both"
"509","delts/dumbbell-side-lying-one-hand-raise","Dumbbell Side Lying One Hand Raise","dumbbell","delts","strength","true","https://cdn.jsdelivr.net/gh/JahelCuadrado/ExerciseGymGifsDB@v1.1.0/delts/dumbbell-side-lying-one-hand-raise.gif","side-lying-leg-raise","fuzzy(0.50)","https://cdn.jsdelivr.net/gh/bryllim/workout-guide@ba0b709cb20430361b2cb33aaadd20998164a916/packages/workout-guide/assets/side-lying-leg-raise/frame-1.svg","https://cdn.jsdelivr.net/gh/bryllim/workout-guide@ba0b709cb20430361b2cb33aaadd20998164a916/packages/workout-guide/assets/side-lying-leg-raise/frame-2.svg","https://cdn.jsdelivr.net/gh/bryllim/workout-guide@ba0b709cb20430361b2cb33aaadd20998164a916/packages/workout-guide/assets/side-lying-leg-raise/frame-3.svg","both"
"510","delts/dumbbell-single-arm-overhead-carry","Dumbbell Single Arm Overhead Carry","dumbbell","delts","strength","true","https://cdn.jsdelivr.net/gh/JahelCuadrado/ExerciseGymGifsDB@v1.1.0/delts/dumbbell-single-arm-overhead-carry.gif","","","","","","gif_only"
"511","delts/dumbbell-standing-alternate-overhead-press","Dumbbell Standing Alternate Overhead Press","dumbbell","delts","strength","true","https://cdn.jsdelivr.net/gh/JahelCuadrado/ExerciseGymGifsDB@v1.1.0/delts/dumbbell-standing-alternate-overhead-press.gif","overhead-press","fuzzy(0.50)","https://cdn.jsdelivr.net/gh/bryllim/workout-guide@ba0b709cb20430361b2cb33aaadd20998164a916/packages/workout-guide/assets/overhead-press/frame-1.svg","https://cdn.jsdelivr.net/gh/bryllim/workout-guide@ba0b709cb20430361b2cb33aaadd20998164a916/packages/workout-guide/assets/overhead-press/frame-2.svg","https://cdn.jsdelivr.net/gh/bryllim/workout-guide@ba0b709cb20430361b2cb33aaadd20998164a916/packages/workout-guide/assets/overhead-press/frame-3.svg","both"
"512","delts/dumbbell-standing-alternate-raise","Dumbbell Standing Alternate Raise","dumbbell","delts","strength","true","https://cdn.jsdelivr.net/gh/JahelCuadrado/ExerciseGymGifsDB@v1.1.0/delts/dumbbell-standing-alternate-raise.gif","standing-calf-raise","fuzzy(0.50)","https://cdn.jsdelivr.net/gh/bryllim/workout-guide@ba0b709cb20430361b2cb33aaadd20998164a916/packages/workout-guide/assets/standing-calf-raise/frame-1.svg","https://cdn.jsdelivr.net/gh/bryllim/workout-guide@ba0b709cb20430361b2cb33aaadd20998164a916/packages/workout-guide/assets/standing-calf-raise/frame-2.svg","https://cdn.jsdelivr.net/gh/bryllim/workout-guide@ba0b709cb20430361b2cb33aaadd20998164a916/packages/workout-guide/assets/standing-calf-raise/frame-3.svg","both"
"513","delts/dumbbell-standing-around-world","Dumbbell Standing Around World","dumbbell","delts","strength","true","https://cdn.jsdelivr.net/gh/JahelCuadrado/ExerciseGymGifsDB@v1.1.0/delts/dumbbell-standing-around-world.gif","","","","","","gif_only"
"514","delts/dumbbell-standing-front-raise-above-head","Dumbbell Standing Front Raise Above Head","dumbbell","delts","strength","true","https://cdn.jsdelivr.net/gh/JahelCuadrado/ExerciseGymGifsDB@v1.1.0/delts/dumbbell-standing-front-raise-above-head.gif","","","","","","gif_only"
"515","delts/dumbbell-standing-one-arm-palm-in-press","Dumbbell Standing One Arm Palm In Press","dumbbell","delts","strength","true","https://cdn.jsdelivr.net/gh/JahelCuadrado/ExerciseGymGifsDB@v1.1.0/delts/dumbbell-standing-one-arm-palm-in-press.gif","","","","","","gif_only"
"516","delts/dumbbell-standing-overhead-press","Dumbbell Standing Overhead Press","dumbbell","delts","strength","true","https://cdn.jsdelivr.net/gh/JahelCuadrado/ExerciseGymGifsDB@v1.1.0/delts/dumbbell-standing-overhead-press.gif","overhead-press","fuzzy(0.67)","https://cdn.jsdelivr.net/gh/bryllim/workout-guide@ba0b709cb20430361b2cb33aaadd20998164a916/packages/workout-guide/assets/overhead-press/frame-1.svg","https://cdn.jsdelivr.net/gh/bryllim/workout-guide@ba0b709cb20430361b2cb33aaadd20998164a916/packages/workout-guide/assets/overhead-press/frame-2.svg","https://cdn.jsdelivr.net/gh/bryllim/workout-guide@ba0b709cb20430361b2cb33aaadd20998164a916/packages/workout-guide/assets/overhead-press/frame-3.svg","both"
"517","delts/dumbbell-standing-palms-in-press","Dumbbell Standing Palms In Press","dumbbell","delts","strength","true","https://cdn.jsdelivr.net/gh/JahelCuadrado/ExerciseGymGifsDB@v1.1.0/delts/dumbbell-standing-palms-in-press.gif","","","","","","gif_only"
"518","delts/dumbbell-upright-row-back-pov","Dumbbell Upright Row Back Pov","dumbbell","delts","strength","true","https://cdn.jsdelivr.net/gh/JahelCuadrado/ExerciseGymGifsDB@v1.1.0/delts/dumbbell-upright-row-back-pov.gif","upright-row","fuzzy(0.50)","https://cdn.jsdelivr.net/gh/bryllim/workout-guide@ba0b709cb20430361b2cb33aaadd20998164a916/packages/workout-guide/assets/upright-row/frame-1.svg","https://cdn.jsdelivr.net/gh/bryllim/workout-guide@ba0b709cb20430361b2cb33aaadd20998164a916/packages/workout-guide/assets/upright-row/frame-2.svg","https://cdn.jsdelivr.net/gh/bryllim/workout-guide@ba0b709cb20430361b2cb33aaadd20998164a916/packages/workout-guide/assets/upright-row/frame-3.svg","both"
"519","delts/dumbbell-upright-row","Dumbbell Upright Row","dumbbell","delts","strength","true","https://cdn.jsdelivr.net/gh/JahelCuadrado/ExerciseGymGifsDB@v1.1.0/delts/dumbbell-upright-row.gif","upright-row","exact","https://cdn.jsdelivr.net/gh/bryllim/workout-guide@ba0b709cb20430361b2cb33aaadd20998164a916/packages/workout-guide/assets/upright-row/frame-1.svg","https://cdn.jsdelivr.net/gh/bryllim/workout-guide@ba0b709cb20430361b2cb33aaadd20998164a916/packages/workout-guide/assets/upright-row/frame-2.svg","https://cdn.jsdelivr.net/gh/bryllim/workout-guide@ba0b709cb20430361b2cb33aaadd20998164a916/packages/workout-guide/assets/upright-row/frame-3.svg","both"
"520","delts/dumbbell-upright-shoulder-external-rotation","Dumbbell Upright Shoulder External Rotation","dumbbell","delts","strength","true","https://cdn.jsdelivr.net/gh/JahelCuadrado/ExerciseGymGifsDB@v1.1.0/delts/dumbbell-upright-shoulder-external-rotation.gif","","","","","","gif_only"
"521","delts/dumbbell-w-press","Dumbbell W Press","dumbbell","delts","strength","true","https://cdn.jsdelivr.net/gh/JahelCuadrado/ExerciseGymGifsDB@v1.1.0/delts/dumbbell-w-press.gif","","","","","","gif_only"
"522","delts/ez-barbell-anti-gravity-press","Ez Barbell Anti Gravity Press","ez-bar","delts","strength","true","https://cdn.jsdelivr.net/gh/JahelCuadrado/ExerciseGymGifsDB@v1.1.0/delts/ez-barbell-anti-gravity-press.gif","","","","","","gif_only"
"523","delts/kettlebell-alternating-press","Kettlebell Alternating Press","kettlebell","delts","strength","true","https://cdn.jsdelivr.net/gh/JahelCuadrado/ExerciseGymGifsDB@v1.1.0/delts/kettlebell-alternating-press.gif","","","","","","gif_only"
"524","delts/kettlebell-arnold-press","Kettlebell Arnold Press","kettlebell","delts","strength","true","https://cdn.jsdelivr.net/gh/JahelCuadrado/ExerciseGymGifsDB@v1.1.0/delts/kettlebell-arnold-press.gif","arnold-press","exact","https://cdn.jsdelivr.net/gh/bryllim/workout-guide@ba0b709cb20430361b2cb33aaadd20998164a916/packages/workout-guide/assets/arnold-press/frame-1.svg","https://cdn.jsdelivr.net/gh/bryllim/workout-guide@ba0b709cb20430361b2cb33aaadd20998164a916/packages/workout-guide/assets/arnold-press/frame-2.svg","https://cdn.jsdelivr.net/gh/bryllim/workout-guide@ba0b709cb20430361b2cb33aaadd20998164a916/packages/workout-guide/assets/arnold-press/frame-3.svg","both"
"525","delts/kettlebell-double-jerk","Kettlebell Double Jerk","kettlebell","delts","strength","true","https://cdn.jsdelivr.net/gh/JahelCuadrado/ExerciseGymGifsDB@v1.1.0/delts/kettlebell-double-jerk.gif","","","","","","gif_only"
"526","delts/kettlebell-double-push-press","Kettlebell Double Push Press","kettlebell","delts","strength","true","https://cdn.jsdelivr.net/gh/JahelCuadrado/ExerciseGymGifsDB@v1.1.0/delts/kettlebell-double-push-press.gif","push-press","fuzzy(0.67)","https://cdn.jsdelivr.net/gh/bryllim/workout-guide@ba0b709cb20430361b2cb33aaadd20998164a916/packages/workout-guide/assets/push-press/frame-1.svg","https://cdn.jsdelivr.net/gh/bryllim/workout-guide@ba0b709cb20430361b2cb33aaadd20998164a916/packages/workout-guide/assets/push-press/frame-2.svg","https://cdn.jsdelivr.net/gh/bryllim/workout-guide@ba0b709cb20430361b2cb33aaadd20998164a916/packages/workout-guide/assets/push-press/frame-3.svg","both"
"527","delts/kettlebell-double-snatch","Kettlebell Double Snatch","kettlebell","delts","strength","true","https://cdn.jsdelivr.net/gh/JahelCuadrado/ExerciseGymGifsDB@v1.1.0/delts/kettlebell-double-snatch.gif","","","","","","gif_only"
"528","delts/kettlebell-one-arm-clean-and-jerk","Kettlebell One Arm Clean And Jerk","kettlebell","delts","strength","true","https://cdn.jsdelivr.net/gh/JahelCuadrado/ExerciseGymGifsDB@v1.1.0/delts/kettlebell-one-arm-clean-and-jerk.gif","","","","","","gif_only"
"529","delts/kettlebell-one-arm-jerk","Kettlebell One Arm Jerk","kettlebell","delts","strength","true","https://cdn.jsdelivr.net/gh/JahelCuadrado/ExerciseGymGifsDB@v1.1.0/delts/kettlebell-one-arm-jerk.gif","","","","","","gif_only"
"530","delts/kettlebell-one-arm-military-press-to-the-side","Kettlebell One Arm Military Press To The Side","kettlebell","delts","strength","true","https://cdn.jsdelivr.net/gh/JahelCuadrado/ExerciseGymGifsDB@v1.1.0/delts/kettlebell-one-arm-military-press-to-the-side.gif","","","","","","gif_only"
"531","delts/kettlebell-one-arm-push-press","Kettlebell One Arm Push Press","kettlebell","delts","strength","true","https://cdn.jsdelivr.net/gh/JahelCuadrado/ExerciseGymGifsDB@v1.1.0/delts/kettlebell-one-arm-push-press.gif","push-press","fuzzy(0.50)","https://cdn.jsdelivr.net/gh/bryllim/workout-guide@ba0b709cb20430361b2cb33aaadd20998164a916/packages/workout-guide/assets/push-press/frame-1.svg","https://cdn.jsdelivr.net/gh/bryllim/workout-guide@ba0b709cb20430361b2cb33aaadd20998164a916/packages/workout-guide/assets/push-press/frame-2.svg","https://cdn.jsdelivr.net/gh/bryllim/workout-guide@ba0b709cb20430361b2cb33aaadd20998164a916/packages/workout-guide/assets/push-press/frame-3.svg","both"
"532","delts/kettlebell-one-arm-snatch","Kettlebell One Arm Snatch","kettlebell","delts","strength","true","https://cdn.jsdelivr.net/gh/JahelCuadrado/ExerciseGymGifsDB@v1.1.0/delts/kettlebell-one-arm-snatch.gif","","","","","","gif_only"
"533","delts/kettlebell-pirate-supper-legs","Kettlebell Pirate Supper Legs","kettlebell","delts","strength","true","https://cdn.jsdelivr.net/gh/JahelCuadrado/ExerciseGymGifsDB@v1.1.0/delts/kettlebell-pirate-supper-legs.gif","","","","","","gif_only"
"534","delts/kettlebell-seated-press","Kettlebell Seated Press","kettlebell","delts","strength","true","https://cdn.jsdelivr.net/gh/JahelCuadrado/ExerciseGymGifsDB@v1.1.0/delts/kettlebell-seated-press.gif","seated-dumbbell-press","fuzzy(0.67)","https://cdn.jsdelivr.net/gh/bryllim/workout-guide@ba0b709cb20430361b2cb33aaadd20998164a916/packages/workout-guide/assets/seated-dumbbell-press/frame-1.svg","https://cdn.jsdelivr.net/gh/bryllim/workout-guide@ba0b709cb20430361b2cb33aaadd20998164a916/packages/workout-guide/assets/seated-dumbbell-press/frame-2.svg","https://cdn.jsdelivr.net/gh/bryllim/workout-guide@ba0b709cb20430361b2cb33aaadd20998164a916/packages/workout-guide/assets/seated-dumbbell-press/frame-3.svg","both"
"535","delts/kettlebell-seated-two-arm-military-press","Kettlebell Seated Two Arm Military Press","kettlebell","delts","strength","true","https://cdn.jsdelivr.net/gh/JahelCuadrado/ExerciseGymGifsDB@v1.1.0/delts/kettlebell-seated-two-arm-military-press.gif","","","","","","gif_only"
"536","delts/kettlebell-seesaw-press","Kettlebell Seesaw Press","kettlebell","delts","strength","true","https://cdn.jsdelivr.net/gh/JahelCuadrado/ExerciseGymGifsDB@v1.1.0/delts/kettlebell-seesaw-press.gif","","","","","","gif_only"
"537","delts/kettlebell-thruster","Kettlebell Thruster","kettlebell","delts","strength","true","https://cdn.jsdelivr.net/gh/JahelCuadrado/ExerciseGymGifsDB@v1.1.0/delts/kettlebell-thruster.gif","","","","","","gif_only"
"538","delts/kettlebell-two-arm-clean","Kettlebell Two Arm Clean","kettlebell","delts","strength","true","https://cdn.jsdelivr.net/gh/JahelCuadrado/ExerciseGymGifsDB@v1.1.0/delts/kettlebell-two-arm-clean.gif","","","","","","gif_only"
"539","delts/kettlebell-two-arm-military-press","Kettlebell Two Arm Military Press","kettlebell","delts","strength","true","https://cdn.jsdelivr.net/gh/JahelCuadrado/ExerciseGymGifsDB@v1.1.0/delts/kettlebell-two-arm-military-press.gif","","","","","","gif_only"
"540","delts/landmine-lateral-raise","Landmine Lateral Raise","barbell","delts","strength","true","https://cdn.jsdelivr.net/gh/JahelCuadrado/ExerciseGymGifsDB@v1.1.0/delts/landmine-lateral-raise.gif","lateral-raise","fuzzy(0.67)","https://cdn.jsdelivr.net/gh/bryllim/workout-guide@ba0b709cb20430361b2cb33aaadd20998164a916/packages/workout-guide/assets/lateral-raise/frame-1.svg","https://cdn.jsdelivr.net/gh/bryllim/workout-guide@ba0b709cb20430361b2cb33aaadd20998164a916/packages/workout-guide/assets/lateral-raise/frame-2.svg","https://cdn.jsdelivr.net/gh/bryllim/workout-guide@ba0b709cb20430361b2cb33aaadd20998164a916/packages/workout-guide/assets/lateral-raise/frame-3.svg","both"
"541","delts/left-hook-boxing","Left Hook Boxing","bodyweight","delts","strength","true","https://cdn.jsdelivr.net/gh/JahelCuadrado/ExerciseGymGifsDB@v1.1.0/delts/left-hook-boxing.gif","","","","","","gif_only"
"542","delts/lever-lateral-raise","Lever Lateral Raise","lever","delts","strength","true","https://cdn.jsdelivr.net/gh/JahelCuadrado/ExerciseGymGifsDB@v1.1.0/delts/lever-lateral-raise.gif","lateral-raise","exact","https://cdn.jsdelivr.net/gh/bryllim/workout-guide@ba0b709cb20430361b2cb33aaadd20998164a916/packages/workout-guide/assets/lateral-raise/frame-1.svg","https://cdn.jsdelivr.net/gh/bryllim/workout-guide@ba0b709cb20430361b2cb33aaadd20998164a916/packages/workout-guide/assets/lateral-raise/frame-2.svg","https://cdn.jsdelivr.net/gh/bryllim/workout-guide@ba0b709cb20430361b2cb33aaadd20998164a916/packages/workout-guide/assets/lateral-raise/frame-3.svg","both"
"543","delts/lever-military-press","Lever Military Press","lever","delts","strength","true","https://cdn.jsdelivr.net/gh/JahelCuadrado/ExerciseGymGifsDB@v1.1.0/delts/lever-military-press.gif","","","","","","gif_only"
"544","delts/lever-one-arm-shoulder-press","Lever One Arm Shoulder Press","lever","delts","strength","true","https://cdn.jsdelivr.net/gh/JahelCuadrado/ExerciseGymGifsDB@v1.1.0/delts/lever-one-arm-shoulder-press.gif","","","","","","gif_only"
"545","delts/lever-seated-reverse-fly-parallel-grip","Lever Seated Reverse Fly Parallel Grip","lever","delts","strength","true","https://cdn.jsdelivr.net/gh/JahelCuadrado/ExerciseGymGifsDB@v1.1.0/delts/lever-seated-reverse-fly-parallel-grip.gif","","","","","","gif_only"
"546","delts/lever-seated-reverse-fly","Lever Seated Reverse Fly","lever","delts","strength","true","https://cdn.jsdelivr.net/gh/JahelCuadrado/ExerciseGymGifsDB@v1.1.0/delts/lever-seated-reverse-fly.gif","","","","","","gif_only"
"547","delts/lever-shoulder-press-v-2","Lever Shoulder Press v2","lever","delts","strength","true","https://cdn.jsdelivr.net/gh/JahelCuadrado/ExerciseGymGifsDB@v1.1.0/delts/lever-shoulder-press-v-2.gif","machine-shoulder-press","fuzzy(0.50)","https://cdn.jsdelivr.net/gh/bryllim/workout-guide@ba0b709cb20430361b2cb33aaadd20998164a916/packages/workout-guide/assets/machine-shoulder-press/frame-1.svg","https://cdn.jsdelivr.net/gh/bryllim/workout-guide@ba0b709cb20430361b2cb33aaadd20998164a916/packages/workout-guide/assets/machine-shoulder-press/frame-2.svg","https://cdn.jsdelivr.net/gh/bryllim/workout-guide@ba0b709cb20430361b2cb33aaadd20998164a916/packages/workout-guide/assets/machine-shoulder-press/frame-3.svg","both"
"548","delts/lever-shoulder-press-v-3","Lever Shoulder Press v3","lever","delts","strength","true","https://cdn.jsdelivr.net/gh/JahelCuadrado/ExerciseGymGifsDB@v1.1.0/delts/lever-shoulder-press-v-3.gif","machine-shoulder-press","fuzzy(0.50)","https://cdn.jsdelivr.net/gh/bryllim/workout-guide@ba0b709cb20430361b2cb33aaadd20998164a916/packages/workout-guide/assets/machine-shoulder-press/frame-1.svg","https://cdn.jsdelivr.net/gh/bryllim/workout-guide@ba0b709cb20430361b2cb33aaadd20998164a916/packages/workout-guide/assets/machine-shoulder-press/frame-2.svg","https://cdn.jsdelivr.net/gh/bryllim/workout-guide@ba0b709cb20430361b2cb33aaadd20998164a916/packages/workout-guide/assets/machine-shoulder-press/frame-3.svg","both"
"549","delts/lever-shoulder-press","Lever Shoulder Press","lever","delts","strength","true","https://cdn.jsdelivr.net/gh/JahelCuadrado/ExerciseGymGifsDB@v1.1.0/delts/lever-shoulder-press.gif","machine-shoulder-press","fuzzy(0.67)","https://cdn.jsdelivr.net/gh/bryllim/workout-guide@ba0b709cb20430361b2cb33aaadd20998164a916/packages/workout-guide/assets/machine-shoulder-press/frame-1.svg","https://cdn.jsdelivr.net/gh/bryllim/workout-guide@ba0b709cb20430361b2cb33aaadd20998164a916/packages/workout-guide/assets/machine-shoulder-press/frame-2.svg","https://cdn.jsdelivr.net/gh/bryllim/workout-guide@ba0b709cb20430361b2cb33aaadd20998164a916/packages/workout-guide/assets/machine-shoulder-press/frame-3.svg","both"
"550","delts/rear-deltoid-stretch","Rear Deltoid Stretch","bodyweight","delts","stretching","true","https://cdn.jsdelivr.net/gh/JahelCuadrado/ExerciseGymGifsDB@v1.1.0/delts/rear-deltoid-stretch.gif","","","","","","gif_only"
"551","delts/resistance-band-seated-shoulder-press","Resistance Band Seated Shoulder Press","band","delts","strength","true","https://cdn.jsdelivr.net/gh/JahelCuadrado/ExerciseGymGifsDB@v1.1.0/delts/resistance-band-seated-shoulder-press.gif","seated-dumbbell-press","fuzzy(0.50)","https://cdn.jsdelivr.net/gh/bryllim/workout-guide@ba0b709cb20430361b2cb33aaadd20998164a916/packages/workout-guide/assets/seated-dumbbell-press/frame-1.svg","https://cdn.jsdelivr.net/gh/bryllim/workout-guide@ba0b709cb20430361b2cb33aaadd20998164a916/packages/workout-guide/assets/seated-dumbbell-press/frame-2.svg","https://cdn.jsdelivr.net/gh/bryllim/workout-guide@ba0b709cb20430361b2cb33aaadd20998164a916/packages/workout-guide/assets/seated-dumbbell-press/frame-3.svg","both"
"552","delts/smith-behind-neck-press","Smith Behind Neck Press","smith","delts","strength","true","https://cdn.jsdelivr.net/gh/JahelCuadrado/ExerciseGymGifsDB@v1.1.0/delts/smith-behind-neck-press.gif","","","","","","gif_only"
"553","delts/smith-rear-delt-row","Smith Rear Delt Row","smith","delts","strength","true","https://cdn.jsdelivr.net/gh/JahelCuadrado/ExerciseGymGifsDB@v1.1.0/delts/smith-rear-delt-row.gif","rear-delt-fly","fuzzy(0.50)","https://cdn.jsdelivr.net/gh/bryllim/workout-guide@ba0b709cb20430361b2cb33aaadd20998164a916/packages/workout-guide/assets/rear-delt-fly/frame-1.svg","https://cdn.jsdelivr.net/gh/bryllim/workout-guide@ba0b709cb20430361b2cb33aaadd20998164a916/packages/workout-guide/assets/rear-delt-fly/frame-2.svg","https://cdn.jsdelivr.net/gh/bryllim/workout-guide@ba0b709cb20430361b2cb33aaadd20998164a916/packages/workout-guide/assets/rear-delt-fly/frame-3.svg","both"
"554","delts/smith-seated-shoulder-press","Smith Seated Shoulder Press","smith","delts","strength","true","https://cdn.jsdelivr.net/gh/JahelCuadrado/ExerciseGymGifsDB@v1.1.0/delts/smith-seated-shoulder-press.gif","seated-dumbbell-press","fuzzy(0.50)","https://cdn.jsdelivr.net/gh/bryllim/workout-guide@ba0b709cb20430361b2cb33aaadd20998164a916/packages/workout-guide/assets/seated-dumbbell-press/frame-1.svg","https://cdn.jsdelivr.net/gh/bryllim/workout-guide@ba0b709cb20430361b2cb33aaadd20998164a916/packages/workout-guide/assets/seated-dumbbell-press/frame-2.svg","https://cdn.jsdelivr.net/gh/bryllim/workout-guide@ba0b709cb20430361b2cb33aaadd20998164a916/packages/workout-guide/assets/seated-dumbbell-press/frame-3.svg","both"
"555","delts/smith-shoulder-press","Smith Shoulder Press","smith","delts","strength","true","https://cdn.jsdelivr.net/gh/JahelCuadrado/ExerciseGymGifsDB@v1.1.0/delts/smith-shoulder-press.gif","machine-shoulder-press","fuzzy(0.67)","https://cdn.jsdelivr.net/gh/bryllim/workout-guide@ba0b709cb20430361b2cb33aaadd20998164a916/packages/workout-guide/assets/machine-shoulder-press/frame-1.svg","https://cdn.jsdelivr.net/gh/bryllim/workout-guide@ba0b709cb20430361b2cb33aaadd20998164a916/packages/workout-guide/assets/machine-shoulder-press/frame-2.svg","https://cdn.jsdelivr.net/gh/bryllim/workout-guide@ba0b709cb20430361b2cb33aaadd20998164a916/packages/workout-guide/assets/machine-shoulder-press/frame-3.svg","both"
"556","delts/smith-standing-behind-head-military-press","Smith Standing Behind Head Military Press","smith","delts","strength","true","https://cdn.jsdelivr.net/gh/JahelCuadrado/ExerciseGymGifsDB@v1.1.0/delts/smith-standing-behind-head-military-press.gif","","","","","","gif_only"
"557","delts/smith-standing-military-press","Smith Standing Military Press","smith","delts","strength","true","https://cdn.jsdelivr.net/gh/JahelCuadrado/ExerciseGymGifsDB@v1.1.0/delts/smith-standing-military-press.gif","standing-dumbbell-press","fuzzy(0.50)","https://cdn.jsdelivr.net/gh/bryllim/workout-guide@ba0b709cb20430361b2cb33aaadd20998164a916/packages/workout-guide/assets/standing-dumbbell-press/frame-1.svg","https://cdn.jsdelivr.net/gh/bryllim/workout-guide@ba0b709cb20430361b2cb33aaadd20998164a916/packages/workout-guide/assets/standing-dumbbell-press/frame-2.svg","https://cdn.jsdelivr.net/gh/bryllim/workout-guide@ba0b709cb20430361b2cb33aaadd20998164a916/packages/workout-guide/assets/standing-dumbbell-press/frame-3.svg","both"
"558","delts/smith-upright-row","Smith Upright Row","smith","delts","strength","true","https://cdn.jsdelivr.net/gh/JahelCuadrado/ExerciseGymGifsDB@v1.1.0/delts/smith-upright-row.gif","upright-row","exact","https://cdn.jsdelivr.net/gh/bryllim/workout-guide@ba0b709cb20430361b2cb33aaadd20998164a916/packages/workout-guide/assets/upright-row/frame-1.svg","https://cdn.jsdelivr.net/gh/bryllim/workout-guide@ba0b709cb20430361b2cb33aaadd20998164a916/packages/workout-guide/assets/upright-row/frame-2.svg","https://cdn.jsdelivr.net/gh/bryllim/workout-guide@ba0b709cb20430361b2cb33aaadd20998164a916/packages/workout-guide/assets/upright-row/frame-3.svg","both"
"559","delts/standing-behind-neck-press","Standing Behind Neck Press","bodyweight","delts","strength","true","https://cdn.jsdelivr.net/gh/JahelCuadrado/ExerciseGymGifsDB@v1.1.0/delts/standing-behind-neck-press.gif","","","","","","gif_only"
"560","delts/weighted-front-raise","Weighted Front Raise","bodyweight","delts","strength","true","https://cdn.jsdelivr.net/gh/JahelCuadrado/ExerciseGymGifsDB@v1.1.0/delts/weighted-front-raise.gif","front-raise","exact","https://cdn.jsdelivr.net/gh/bryllim/workout-guide@ba0b709cb20430361b2cb33aaadd20998164a916/packages/workout-guide/assets/front-raise/frame-1.svg","https://cdn.jsdelivr.net/gh/bryllim/workout-guide@ba0b709cb20430361b2cb33aaadd20998164a916/packages/workout-guide/assets/front-raise/frame-2.svg","https://cdn.jsdelivr.net/gh/bryllim/workout-guide@ba0b709cb20430361b2cb33aaadd20998164a916/packages/workout-guide/assets/front-raise/frame-3.svg","both"
"561","delts/weighted-kneeling-step-with-swing","Weighted Kneeling Step With Swing","bodyweight","delts","strength","true","https://cdn.jsdelivr.net/gh/JahelCuadrado/ExerciseGymGifsDB@v1.1.0/delts/weighted-kneeling-step-with-swing.gif","","","","","","gif_only"
"562","delts/weighted-round-arm","Weighted Round Arm","bodyweight","delts","strength","true","https://cdn.jsdelivr.net/gh/JahelCuadrado/ExerciseGymGifsDB@v1.1.0/delts/weighted-round-arm.gif","","","","","","gif_only"
"563","forearms/band-reverse-wrist-curl","Band Reverse Wrist Curl","band","forearms","strength","true","https://cdn.jsdelivr.net/gh/JahelCuadrado/ExerciseGymGifsDB@v1.1.0/forearms/band-reverse-wrist-curl.gif","reverse-curl","fuzzy(0.67)","https://cdn.jsdelivr.net/gh/bryllim/workout-guide@ba0b709cb20430361b2cb33aaadd20998164a916/packages/workout-guide/assets/reverse-curl/frame-1.svg","https://cdn.jsdelivr.net/gh/bryllim/workout-guide@ba0b709cb20430361b2cb33aaadd20998164a916/packages/workout-guide/assets/reverse-curl/frame-2.svg","https://cdn.jsdelivr.net/gh/bryllim/workout-guide@ba0b709cb20430361b2cb33aaadd20998164a916/packages/workout-guide/assets/reverse-curl/frame-3.svg","both"
"564","forearms/band-wrist-curl","Band Wrist Curl","band","forearms","strength","true","https://cdn.jsdelivr.net/gh/JahelCuadrado/ExerciseGymGifsDB@v1.1.0/forearms/band-wrist-curl.gif","wrist-curl","exact","https://cdn.jsdelivr.net/gh/bryllim/workout-guide@ba0b709cb20430361b2cb33aaadd20998164a916/packages/workout-guide/assets/wrist-curl/frame-1.svg","https://cdn.jsdelivr.net/gh/bryllim/workout-guide@ba0b709cb20430361b2cb33aaadd20998164a916/packages/workout-guide/assets/wrist-curl/frame-2.svg","https://cdn.jsdelivr.net/gh/bryllim/workout-guide@ba0b709cb20430361b2cb33aaadd20998164a916/packages/workout-guide/assets/wrist-curl/frame-3.svg","both"
"565","forearms/barbell-palms-down-wrist-curl-over-a-bench","Barbell Palms Down Wrist Curl Over A Bench","barbell","forearms","strength","true","https://cdn.jsdelivr.net/gh/JahelCuadrado/ExerciseGymGifsDB@v1.1.0/forearms/barbell-palms-down-wrist-curl-over-a-bench.gif","","","","","","gif_only"
"566","forearms/barbell-palms-up-wrist-curl-over-a-bench","Barbell Palms Up Wrist Curl Over A Bench","barbell","forearms","strength","true","https://cdn.jsdelivr.net/gh/JahelCuadrado/ExerciseGymGifsDB@v1.1.0/forearms/barbell-palms-up-wrist-curl-over-a-bench.gif","","","","","","gif_only"
"567","forearms/barbell-revers-wrist-curl-v-2","Barbell Revers Wrist Curl v2","barbell","forearms","strength","true","https://cdn.jsdelivr.net/gh/JahelCuadrado/ExerciseGymGifsDB@v1.1.0/forearms/barbell-revers-wrist-curl-v-2.gif","wrist-curl","fuzzy(0.50)","https://cdn.jsdelivr.net/gh/bryllim/workout-guide@ba0b709cb20430361b2cb33aaadd20998164a916/packages/workout-guide/assets/wrist-curl/frame-1.svg","https://cdn.jsdelivr.net/gh/bryllim/workout-guide@ba0b709cb20430361b2cb33aaadd20998164a916/packages/workout-guide/assets/wrist-curl/frame-2.svg","https://cdn.jsdelivr.net/gh/bryllim/workout-guide@ba0b709cb20430361b2cb33aaadd20998164a916/packages/workout-guide/assets/wrist-curl/frame-3.svg","both"
"568","forearms/barbell-reverse-wrist-curl","Barbell Reverse Wrist Curl","barbell","forearms","strength","true","https://cdn.jsdelivr.net/gh/JahelCuadrado/ExerciseGymGifsDB@v1.1.0/forearms/barbell-reverse-wrist-curl.gif","reverse-curl","fuzzy(0.67)","https://cdn.jsdelivr.net/gh/bryllim/workout-guide@ba0b709cb20430361b2cb33aaadd20998164a916/packages/workout-guide/assets/reverse-curl/frame-1.svg","https://cdn.jsdelivr.net/gh/bryllim/workout-guide@ba0b709cb20430361b2cb33aaadd20998164a916/packages/workout-guide/assets/reverse-curl/frame-2.svg","https://cdn.jsdelivr.net/gh/bryllim/workout-guide@ba0b709cb20430361b2cb33aaadd20998164a916/packages/workout-guide/assets/reverse-curl/frame-3.svg","both"
"569","forearms/barbell-standing-back-wrist-curl","Barbell Standing Back Wrist Curl","barbell","forearms","strength","true","https://cdn.jsdelivr.net/gh/JahelCuadrado/ExerciseGymGifsDB@v1.1.0/forearms/barbell-standing-back-wrist-curl.gif","wrist-curl","fuzzy(0.50)","https://cdn.jsdelivr.net/gh/bryllim/workout-guide@ba0b709cb20430361b2cb33aaadd20998164a916/packages/workout-guide/assets/wrist-curl/frame-1.svg","https://cdn.jsdelivr.net/gh/bryllim/workout-guide@ba0b709cb20430361b2cb33aaadd20998164a916/packages/workout-guide/assets/wrist-curl/frame-2.svg","https://cdn.jsdelivr.net/gh/bryllim/workout-guide@ba0b709cb20430361b2cb33aaadd20998164a916/packages/workout-guide/assets/wrist-curl/frame-3.svg","both"
"570","forearms/barbell-wrist-curl-v-2","Barbell Wrist Curl v2","barbell","forearms","strength","true","https://cdn.jsdelivr.net/gh/JahelCuadrado/ExerciseGymGifsDB@v1.1.0/forearms/barbell-wrist-curl-v-2.gif","wrist-curl","fuzzy(0.67)","https://cdn.jsdelivr.net/gh/bryllim/workout-guide@ba0b709cb20430361b2cb33aaadd20998164a916/packages/workout-guide/assets/wrist-curl/frame-1.svg","https://cdn.jsdelivr.net/gh/bryllim/workout-guide@ba0b709cb20430361b2cb33aaadd20998164a916/packages/workout-guide/assets/wrist-curl/frame-2.svg","https://cdn.jsdelivr.net/gh/bryllim/workout-guide@ba0b709cb20430361b2cb33aaadd20998164a916/packages/workout-guide/assets/wrist-curl/frame-3.svg","both"
"571","forearms/barbell-wrist-curl","Barbell Wrist Curl","barbell","forearms","strength","true","https://cdn.jsdelivr.net/gh/JahelCuadrado/ExerciseGymGifsDB@v1.1.0/forearms/barbell-wrist-curl.gif","wrist-curl","exact","https://cdn.jsdelivr.net/gh/bryllim/workout-guide@ba0b709cb20430361b2cb33aaadd20998164a916/packages/workout-guide/assets/wrist-curl/frame-1.svg","https://cdn.jsdelivr.net/gh/bryllim/workout-guide@ba0b709cb20430361b2cb33aaadd20998164a916/packages/workout-guide/assets/wrist-curl/frame-2.svg","https://cdn.jsdelivr.net/gh/bryllim/workout-guide@ba0b709cb20430361b2cb33aaadd20998164a916/packages/workout-guide/assets/wrist-curl/frame-3.svg","both"
"572","forearms/cable-reverse-wrist-curl","Cable Reverse Wrist Curl","cable","forearms","strength","true","https://cdn.jsdelivr.net/gh/JahelCuadrado/ExerciseGymGifsDB@v1.1.0/forearms/cable-reverse-wrist-curl.gif","reverse-curl","fuzzy(0.67)","https://cdn.jsdelivr.net/gh/bryllim/workout-guide@ba0b709cb20430361b2cb33aaadd20998164a916/packages/workout-guide/assets/reverse-curl/frame-1.svg","https://cdn.jsdelivr.net/gh/bryllim/workout-guide@ba0b709cb20430361b2cb33aaadd20998164a916/packages/workout-guide/assets/reverse-curl/frame-2.svg","https://cdn.jsdelivr.net/gh/bryllim/workout-guide@ba0b709cb20430361b2cb33aaadd20998164a916/packages/workout-guide/assets/reverse-curl/frame-3.svg","both"
"573","forearms/cable-standing-back-wrist-curl","Cable Standing Back Wrist Curl","cable","forearms","strength","true","https://cdn.jsdelivr.net/gh/JahelCuadrado/ExerciseGymGifsDB@v1.1.0/forearms/cable-standing-back-wrist-curl.gif","wrist-curl","fuzzy(0.50)","https://cdn.jsdelivr.net/gh/bryllim/workout-guide@ba0b709cb20430361b2cb33aaadd20998164a916/packages/workout-guide/assets/wrist-curl/frame-1.svg","https://cdn.jsdelivr.net/gh/bryllim/workout-guide@ba0b709cb20430361b2cb33aaadd20998164a916/packages/workout-guide/assets/wrist-curl/frame-2.svg","https://cdn.jsdelivr.net/gh/bryllim/workout-guide@ba0b709cb20430361b2cb33aaadd20998164a916/packages/workout-guide/assets/wrist-curl/frame-3.svg","both"
"574","forearms/cable-wrist-curl","Cable Wrist Curl","cable","forearms","strength","true","https://cdn.jsdelivr.net/gh/JahelCuadrado/ExerciseGymGifsDB@v1.1.0/forearms/cable-wrist-curl.gif","wrist-curl","exact","https://cdn.jsdelivr.net/gh/bryllim/workout-guide@ba0b709cb20430361b2cb33aaadd20998164a916/packages/workout-guide/assets/wrist-curl/frame-1.svg","https://cdn.jsdelivr.net/gh/bryllim/workout-guide@ba0b709cb20430361b2cb33aaadd20998164a916/packages/workout-guide/assets/wrist-curl/frame-2.svg","https://cdn.jsdelivr.net/gh/bryllim/workout-guide@ba0b709cb20430361b2cb33aaadd20998164a916/packages/workout-guide/assets/wrist-curl/frame-3.svg","both"
"575","forearms/dumbbell-finger-curls","Dumbbell Finger Curls","dumbbell","forearms","strength","true","https://cdn.jsdelivr.net/gh/JahelCuadrado/ExerciseGymGifsDB@v1.1.0/forearms/dumbbell-finger-curls.gif","","","","","","gif_only"
"576","forearms/dumbbell-lying-pronation-on-floor","Dumbbell Lying Pronation On Floor","dumbbell","forearms","strength","true","https://cdn.jsdelivr.net/gh/JahelCuadrado/ExerciseGymGifsDB@v1.1.0/forearms/dumbbell-lying-pronation-on-floor.gif","","","","","","gif_only"
"577","forearms/dumbbell-lying-pronation","Dumbbell Lying Pronation","dumbbell","forearms","strength","true","https://cdn.jsdelivr.net/gh/JahelCuadrado/ExerciseGymGifsDB@v1.1.0/forearms/dumbbell-lying-pronation.gif","","","","","","gif_only"
"578","forearms/dumbbell-lying-supination-on-floor","Dumbbell Lying Supination On Floor","dumbbell","forearms","strength","true","https://cdn.jsdelivr.net/gh/JahelCuadrado/ExerciseGymGifsDB@v1.1.0/forearms/dumbbell-lying-supination-on-floor.gif","","","","","","gif_only"
"579","forearms/dumbbell-lying-supination","Dumbbell Lying Supination","dumbbell","forearms","strength","true","https://cdn.jsdelivr.net/gh/JahelCuadrado/ExerciseGymGifsDB@v1.1.0/forearms/dumbbell-lying-supination.gif","","","","","","gif_only"
"580","forearms/dumbbell-one-arm-reverse-wrist-curl","Dumbbell One Arm Reverse Wrist Curl","dumbbell","forearms","strength","true","https://cdn.jsdelivr.net/gh/JahelCuadrado/ExerciseGymGifsDB@v1.1.0/forearms/dumbbell-one-arm-reverse-wrist-curl.gif","","","","","","gif_only"
"581","forearms/dumbbell-one-arm-seated-neutral-wrist-curl","Dumbbell One Arm Seated Neutral Wrist Curl","dumbbell","forearms","strength","true","https://cdn.jsdelivr.net/gh/JahelCuadrado/ExerciseGymGifsDB@v1.1.0/forearms/dumbbell-one-arm-seated-neutral-wrist-curl.gif","","","","","","gif_only"
"582","forearms/dumbbell-one-arm-wrist-curl","Dumbbell One Arm Wrist Curl","dumbbell","forearms","strength","true","https://cdn.jsdelivr.net/gh/JahelCuadrado/ExerciseGymGifsDB@v1.1.0/forearms/dumbbell-one-arm-wrist-curl.gif","wrist-curl","fuzzy(0.50)","https://cdn.jsdelivr.net/gh/bryllim/workout-guide@ba0b709cb20430361b2cb33aaadd20998164a916/packages/workout-guide/assets/wrist-curl/frame-1.svg","https://cdn.jsdelivr.net/gh/bryllim/workout-guide@ba0b709cb20430361b2cb33aaadd20998164a916/packages/workout-guide/assets/wrist-curl/frame-2.svg","https://cdn.jsdelivr.net/gh/bryllim/workout-guide@ba0b709cb20430361b2cb33aaadd20998164a916/packages/workout-guide/assets/wrist-curl/frame-3.svg","both"
"583","forearms/dumbbell-over-bench-one-arm-reverse-wrist-curl","Dumbbell Over Bench One Arm Reverse Wrist Curl","dumbbell","forearms","strength","true","https://cdn.jsdelivr.net/gh/JahelCuadrado/ExerciseGymGifsDB@v1.1.0/forearms/dumbbell-over-bench-one-arm-reverse-wrist-curl.gif","","","","","","gif_only"
"584","forearms/dumbbell-over-bench-one-arm-wrist-curl","Dumbbell Over Bench One Arm Wrist Curl","dumbbell","forearms","strength","true","https://cdn.jsdelivr.net/gh/JahelCuadrado/ExerciseGymGifsDB@v1.1.0/forearms/dumbbell-over-bench-one-arm-wrist-curl.gif","","","","","","gif_only"
"585","forearms/dumbbell-over-bench-revers-wrist-curl","Dumbbell Over Bench Revers Wrist Curl","dumbbell","forearms","strength","true","https://cdn.jsdelivr.net/gh/JahelCuadrado/ExerciseGymGifsDB@v1.1.0/forearms/dumbbell-over-bench-revers-wrist-curl.gif","","","","","","gif_only"
"586","forearms/dumbbell-over-bench-wrist-curl","Dumbbell Over Bench Wrist Curl","dumbbell","forearms","strength","true","https://cdn.jsdelivr.net/gh/JahelCuadrado/ExerciseGymGifsDB@v1.1.0/forearms/dumbbell-over-bench-wrist-curl.gif","wrist-curl","fuzzy(0.50)","https://cdn.jsdelivr.net/gh/bryllim/workout-guide@ba0b709cb20430361b2cb33aaadd20998164a916/packages/workout-guide/assets/wrist-curl/frame-1.svg","https://cdn.jsdelivr.net/gh/bryllim/workout-guide@ba0b709cb20430361b2cb33aaadd20998164a916/packages/workout-guide/assets/wrist-curl/frame-2.svg","https://cdn.jsdelivr.net/gh/bryllim/workout-guide@ba0b709cb20430361b2cb33aaadd20998164a916/packages/workout-guide/assets/wrist-curl/frame-3.svg","both"
"587","forearms/dumbbell-reverse-wrist-curl","Dumbbell Reverse Wrist Curl","dumbbell","forearms","strength","true","https://cdn.jsdelivr.net/gh/JahelCuadrado/ExerciseGymGifsDB@v1.1.0/forearms/dumbbell-reverse-wrist-curl.gif","reverse-curl","fuzzy(0.67)","https://cdn.jsdelivr.net/gh/bryllim/workout-guide@ba0b709cb20430361b2cb33aaadd20998164a916/packages/workout-guide/assets/reverse-curl/frame-1.svg","https://cdn.jsdelivr.net/gh/bryllim/workout-guide@ba0b709cb20430361b2cb33aaadd20998164a916/packages/workout-guide/assets/reverse-curl/frame-2.svg","https://cdn.jsdelivr.net/gh/bryllim/workout-guide@ba0b709cb20430361b2cb33aaadd20998164a916/packages/workout-guide/assets/reverse-curl/frame-3.svg","both"
"588","forearms/dumbbell-seated-one-arm-rotate","Dumbbell Seated One Arm Rotate","dumbbell","forearms","strength","true","https://cdn.jsdelivr.net/gh/JahelCuadrado/ExerciseGymGifsDB@v1.1.0/forearms/dumbbell-seated-one-arm-rotate.gif","","","","","","gif_only"
"589","forearms/dumbbell-seated-palms-up-wrist-curl","Dumbbell Seated Palms Up Wrist Curl","dumbbell","forearms","strength","true","https://cdn.jsdelivr.net/gh/JahelCuadrado/ExerciseGymGifsDB@v1.1.0/forearms/dumbbell-seated-palms-up-wrist-curl.gif","","","","","","gif_only"
"590","forearms/finger-curls","Finger Curls","bodyweight","forearms","strength","true","https://cdn.jsdelivr.net/gh/JahelCuadrado/ExerciseGymGifsDB@v1.1.0/forearms/finger-curls.gif","","","","","","gif_only"
"591","forearms/kettlebell-alternating-hang-clean","Kettlebell Alternating Hang Clean","kettlebell","forearms","strength","true","https://cdn.jsdelivr.net/gh/JahelCuadrado/ExerciseGymGifsDB@v1.1.0/forearms/kettlebell-alternating-hang-clean.gif","","","","","","gif_only"
"592","forearms/lever-gripper-hands","Lever Gripper Hands","lever","forearms","strength","true","https://cdn.jsdelivr.net/gh/JahelCuadrado/ExerciseGymGifsDB@v1.1.0/forearms/lever-gripper-hands.gif","","","","","","gif_only"
"593","forearms/modified-push-up-to-lower-arms","Modified Push Up To Lower Arms","bodyweight","forearms","strength","true","https://cdn.jsdelivr.net/gh/JahelCuadrado/ExerciseGymGifsDB@v1.1.0/forearms/modified-push-up-to-lower-arms.gif","","","","","","gif_only"
"594","forearms/side-wrist-pull-stretch","Side Wrist Pull Stretch","bodyweight","forearms","stretching","true","https://cdn.jsdelivr.net/gh/JahelCuadrado/ExerciseGymGifsDB@v1.1.0/forearms/side-wrist-pull-stretch.gif","","","","","","gif_only"
"595","forearms/smith-seated-wrist-curl","Smith Seated Wrist Curl","smith","forearms","strength","true","https://cdn.jsdelivr.net/gh/JahelCuadrado/ExerciseGymGifsDB@v1.1.0/forearms/smith-seated-wrist-curl.gif","wrist-curl","fuzzy(0.67)","https://cdn.jsdelivr.net/gh/bryllim/workout-guide@ba0b709cb20430361b2cb33aaadd20998164a916/packages/workout-guide/assets/wrist-curl/frame-1.svg","https://cdn.jsdelivr.net/gh/bryllim/workout-guide@ba0b709cb20430361b2cb33aaadd20998164a916/packages/workout-guide/assets/wrist-curl/frame-2.svg","https://cdn.jsdelivr.net/gh/bryllim/workout-guide@ba0b709cb20430361b2cb33aaadd20998164a916/packages/workout-guide/assets/wrist-curl/frame-3.svg","both"
"596","forearms/smith-standing-back-wrist-curl","Smith Standing Back Wrist Curl","smith","forearms","strength","true","https://cdn.jsdelivr.net/gh/JahelCuadrado/ExerciseGymGifsDB@v1.1.0/forearms/smith-standing-back-wrist-curl.gif","wrist-curl","fuzzy(0.50)","https://cdn.jsdelivr.net/gh/bryllim/workout-guide@ba0b709cb20430361b2cb33aaadd20998164a916/packages/workout-guide/assets/wrist-curl/frame-1.svg","https://cdn.jsdelivr.net/gh/bryllim/workout-guide@ba0b709cb20430361b2cb33aaadd20998164a916/packages/workout-guide/assets/wrist-curl/frame-2.svg","https://cdn.jsdelivr.net/gh/bryllim/workout-guide@ba0b709cb20430361b2cb33aaadd20998164a916/packages/workout-guide/assets/wrist-curl/frame-3.svg","both"
"597","forearms/weighted-standing-hand-squeeze","Weighted Standing Hand Squeeze","bodyweight","forearms","strength","true","https://cdn.jsdelivr.net/gh/JahelCuadrado/ExerciseGymGifsDB@v1.1.0/forearms/weighted-standing-hand-squeeze.gif","","","","","","gif_only"
"598","forearms/wrist-circles","Wrist Circles","bodyweight","forearms","strength","true","https://cdn.jsdelivr.net/gh/JahelCuadrado/ExerciseGymGifsDB@v1.1.0/forearms/wrist-circles.gif","","","","","","gif_only"
"599","forearms/wrist-rollerer","Wrist Rollerer","bodyweight","forearms","strength","true","https://cdn.jsdelivr.net/gh/JahelCuadrado/ExerciseGymGifsDB@v1.1.0/forearms/wrist-rollerer.gif","","","","","","gif_only"
"600","glutes/arms-apart-circular-toe-touch-male","Arms Apart Circular Toe Touch Male","bodyweight","glutes","strength","true","https://cdn.jsdelivr.net/gh/JahelCuadrado/ExerciseGymGifsDB@v1.1.0/glutes/arms-apart-circular-toe-touch-male.gif","","","","","","gif_only"
"601","glutes/assisted-lying-glutes-stretch","Assisted Lying Glutes Stretch","bodyweight","glutes","stretching","true","https://cdn.jsdelivr.net/gh/JahelCuadrado/ExerciseGymGifsDB@v1.1.0/glutes/assisted-lying-glutes-stretch.gif","","","","","","gif_only"
"602","glutes/assisted-lying-gluteus-and-piriformis-stretch","Assisted Lying Gluteus And Piriformis Stretch","bodyweight","glutes","stretching","true","https://cdn.jsdelivr.net/gh/JahelCuadrado/ExerciseGymGifsDB@v1.1.0/glutes/assisted-lying-gluteus-and-piriformis-stretch.gif","","","","","","gif_only"
"603","glutes/band-bent-over-hip-extension","Band Bent Over Hip Extension","band","glutes","strength","true","https://cdn.jsdelivr.net/gh/JahelCuadrado/ExerciseGymGifsDB@v1.1.0/glutes/band-bent-over-hip-extension.gif","","","","","","gif_only"
"604","glutes/band-hip-lift","Band Hip Lift","band","glutes","strength","true","https://cdn.jsdelivr.net/gh/JahelCuadrado/ExerciseGymGifsDB@v1.1.0/glutes/band-hip-lift.gif","","","","","","gif_only"
"605","glutes/band-lying-hip-internal-rotation","Band Lying Hip Internal Rotation","band","glutes","strength","true","https://cdn.jsdelivr.net/gh/JahelCuadrado/ExerciseGymGifsDB@v1.1.0/glutes/band-lying-hip-internal-rotation.gif","","","","","","gif_only"
"606","glutes/band-pull-through","Band Pull Through","band","glutes","strength","true","https://cdn.jsdelivr.net/gh/JahelCuadrado/ExerciseGymGifsDB@v1.1.0/glutes/band-pull-through.gif","cable-pull-through","fuzzy(0.67)","https://cdn.jsdelivr.net/gh/bryllim/workout-guide@ba0b709cb20430361b2cb33aaadd20998164a916/packages/workout-guide/assets/cable-pull-through/frame-1.svg","https://cdn.jsdelivr.net/gh/bryllim/workout-guide@ba0b709cb20430361b2cb33aaadd20998164a916/packages/workout-guide/assets/cable-pull-through/frame-2.svg","https://cdn.jsdelivr.net/gh/bryllim/workout-guide@ba0b709cb20430361b2cb33aaadd20998164a916/packages/workout-guide/assets/cable-pull-through/frame-3.svg","both"
"607","glutes/band-seated-hip-internal-rotation","Band Seated Hip Internal Rotation","band","glutes","strength","true","https://cdn.jsdelivr.net/gh/JahelCuadrado/ExerciseGymGifsDB@v1.1.0/glutes/band-seated-hip-internal-rotation.gif","","","","","","gif_only"
"608","glutes/band-squat-row","Band Squat Row","band","glutes","strength","true","https://cdn.jsdelivr.net/gh/JahelCuadrado/ExerciseGymGifsDB@v1.1.0/glutes/band-squat-row.gif","squat","fuzzy(0.50)","https://cdn.jsdelivr.net/gh/bryllim/workout-guide@ba0b709cb20430361b2cb33aaadd20998164a916/packages/workout-guide/assets/squat/frame-1.svg","https://cdn.jsdelivr.net/gh/bryllim/workout-guide@ba0b709cb20430361b2cb33aaadd20998164a916/packages/workout-guide/assets/squat/frame-2.svg","https://cdn.jsdelivr.net/gh/bryllim/workout-guide@ba0b709cb20430361b2cb33aaadd20998164a916/packages/workout-guide/assets/squat/frame-3.svg","both"
"609","glutes/band-squat","Band Squat","band","glutes","strength","true","https://cdn.jsdelivr.net/gh/JahelCuadrado/ExerciseGymGifsDB@v1.1.0/glutes/band-squat.gif","squat","exact","https://cdn.jsdelivr.net/gh/bryllim/workout-guide@ba0b709cb20430361b2cb33aaadd20998164a916/packages/workout-guide/assets/squat/frame-1.svg","https://cdn.jsdelivr.net/gh/bryllim/workout-guide@ba0b709cb20430361b2cb33aaadd20998164a916/packages/workout-guide/assets/squat/frame-2.svg","https://cdn.jsdelivr.net/gh/bryllim/workout-guide@ba0b709cb20430361b2cb33aaadd20998164a916/packages/workout-guide/assets/squat/frame-3.svg","both"
"610","glutes/band-step-up","Band Step Up","band","glutes","strength","true","https://cdn.jsdelivr.net/gh/JahelCuadrado/ExerciseGymGifsDB@v1.1.0/glutes/band-step-up.gif","step-up","exact","https://cdn.jsdelivr.net/gh/bryllim/workout-guide@ba0b709cb20430361b2cb33aaadd20998164a916/packages/workout-guide/assets/step-up/frame-1.svg","https://cdn.jsdelivr.net/gh/bryllim/workout-guide@ba0b709cb20430361b2cb33aaadd20998164a916/packages/workout-guide/assets/step-up/frame-2.svg","https://cdn.jsdelivr.net/gh/bryllim/workout-guide@ba0b709cb20430361b2cb33aaadd20998164a916/packages/workout-guide/assets/step-up/frame-3.svg","both"
"611","glutes/band-stiff-leg-deadlift","Band Stiff Leg Deadlift","band","glutes","strength","true","https://cdn.jsdelivr.net/gh/JahelCuadrado/ExerciseGymGifsDB@v1.1.0/glutes/band-stiff-leg-deadlift.gif","","","","","","gif_only"
"612","glutes/band-straight-back-stiff-leg-deadlift","Band Straight Back Stiff Leg Deadlift","band","glutes","strength","true","https://cdn.jsdelivr.net/gh/JahelCuadrado/ExerciseGymGifsDB@v1.1.0/glutes/band-straight-back-stiff-leg-deadlift.gif","","","","","","gif_only"
"613","glutes/barbell-clean-grip-front-squat","Barbell Clean Grip Front Squat","barbell","glutes","strength","true","https://cdn.jsdelivr.net/gh/JahelCuadrado/ExerciseGymGifsDB@v1.1.0/glutes/barbell-clean-grip-front-squat.gif","front-squat","fuzzy(0.50)","https://cdn.jsdelivr.net/gh/bryllim/workout-guide@ba0b709cb20430361b2cb33aaadd20998164a916/packages/workout-guide/assets/front-squat/frame-1.svg","https://cdn.jsdelivr.net/gh/bryllim/workout-guide@ba0b709cb20430361b2cb33aaadd20998164a916/packages/workout-guide/assets/front-squat/frame-2.svg","https://cdn.jsdelivr.net/gh/bryllim/workout-guide@ba0b709cb20430361b2cb33aaadd20998164a916/packages/workout-guide/assets/front-squat/frame-3.svg","both"
"614","glutes/barbell-deadlift","Barbell Deadlift","barbell","glutes","strength","true","https://cdn.jsdelivr.net/gh/JahelCuadrado/ExerciseGymGifsDB@v1.1.0/glutes/barbell-deadlift.gif","deadlift","exact","https://cdn.jsdelivr.net/gh/bryllim/workout-guide@ba0b709cb20430361b2cb33aaadd20998164a916/packages/workout-guide/assets/deadlift/frame-1.svg","https://cdn.jsdelivr.net/gh/bryllim/workout-guide@ba0b709cb20430361b2cb33aaadd20998164a916/packages/workout-guide/assets/deadlift/frame-2.svg","https://cdn.jsdelivr.net/gh/bryllim/workout-guide@ba0b709cb20430361b2cb33aaadd20998164a916/packages/workout-guide/assets/deadlift/frame-3.svg","both"
"615","glutes/barbell-front-chest-squat","Barbell Front Chest Squat","barbell","glutes","strength","true","https://cdn.jsdelivr.net/gh/JahelCuadrado/ExerciseGymGifsDB@v1.1.0/glutes/barbell-front-chest-squat.gif","front-squat","fuzzy(0.67)","https://cdn.jsdelivr.net/gh/bryllim/workout-guide@ba0b709cb20430361b2cb33aaadd20998164a916/packages/workout-guide/assets/front-squat/frame-1.svg","https://cdn.jsdelivr.net/gh/bryllim/workout-guide@ba0b709cb20430361b2cb33aaadd20998164a916/packages/workout-guide/assets/front-squat/frame-2.svg","https://cdn.jsdelivr.net/gh/bryllim/workout-guide@ba0b709cb20430361b2cb33aaadd20998164a916/packages/workout-guide/assets/front-squat/frame-3.svg","both"
"616","glutes/barbell-front-squat","Barbell Front Squat","barbell","glutes","strength","true","https://cdn.jsdelivr.net/gh/JahelCuadrado/ExerciseGymGifsDB@v1.1.0/glutes/barbell-front-squat.gif","front-squat","exact","https://cdn.jsdelivr.net/gh/bryllim/workout-guide@ba0b709cb20430361b2cb33aaadd20998164a916/packages/workout-guide/assets/front-squat/frame-1.svg","https://cdn.jsdelivr.net/gh/bryllim/workout-guide@ba0b709cb20430361b2cb33aaadd20998164a916/packages/workout-guide/assets/front-squat/frame-2.svg","https://cdn.jsdelivr.net/gh/bryllim/workout-guide@ba0b709cb20430361b2cb33aaadd20998164a916/packages/workout-guide/assets/front-squat/frame-3.svg","both"
"617","glutes/barbell-full-squat-back-pov","Barbell Full Squat Back Pov","barbell","glutes","strength","true","https://cdn.jsdelivr.net/gh/JahelCuadrado/ExerciseGymGifsDB@v1.1.0/glutes/barbell-full-squat-back-pov.gif","","","","","","gif_only"
"618","glutes/barbell-full-squat-side-pov","Barbell Full Squat Side Pov","barbell","glutes","strength","true","https://cdn.jsdelivr.net/gh/JahelCuadrado/ExerciseGymGifsDB@v1.1.0/glutes/barbell-full-squat-side-pov.gif","","","","","","gif_only"
"619","glutes/barbell-full-squat","Barbell Full Squat","barbell","glutes","strength","true","https://cdn.jsdelivr.net/gh/JahelCuadrado/ExerciseGymGifsDB@v1.1.0/glutes/barbell-full-squat.gif","squat","fuzzy(0.50)","https://cdn.jsdelivr.net/gh/bryllim/workout-guide@ba0b709cb20430361b2cb33aaadd20998164a916/packages/workout-guide/assets/squat/frame-1.svg","https://cdn.jsdelivr.net/gh/bryllim/workout-guide@ba0b709cb20430361b2cb33aaadd20998164a916/packages/workout-guide/assets/squat/frame-2.svg","https://cdn.jsdelivr.net/gh/bryllim/workout-guide@ba0b709cb20430361b2cb33aaadd20998164a916/packages/workout-guide/assets/squat/frame-3.svg","both"
"620","glutes/barbell-full-zercher-squat","Barbell Full Zercher Squat","barbell","glutes","strength","true","https://cdn.jsdelivr.net/gh/JahelCuadrado/ExerciseGymGifsDB@v1.1.0/glutes/barbell-full-zercher-squat.gif","","","","","","gif_only"
"621","glutes/barbell-glute-bridge-two-legs-on-bench-male","Barbell Glute Bridge Two Legs On Bench Male","barbell","glutes","strength","true","https://cdn.jsdelivr.net/gh/JahelCuadrado/ExerciseGymGifsDB@v1.1.0/glutes/barbell-glute-bridge-two-legs-on-bench-male.gif","","","","","","gif_only"
"622","glutes/barbell-glute-bridge","Barbell Glute Bridge","barbell","glutes","strength","true","https://cdn.jsdelivr.net/gh/JahelCuadrado/ExerciseGymGifsDB@v1.1.0/glutes/barbell-glute-bridge.gif","barbell-glute-bridge","exact","https://cdn.jsdelivr.net/gh/bryllim/workout-guide@ba0b709cb20430361b2cb33aaadd20998164a916/packages/workout-guide/assets/barbell-glute-bridge/frame-1.svg","https://cdn.jsdelivr.net/gh/bryllim/workout-guide@ba0b709cb20430361b2cb33aaadd20998164a916/packages/workout-guide/assets/barbell-glute-bridge/frame-2.svg","https://cdn.jsdelivr.net/gh/bryllim/workout-guide@ba0b709cb20430361b2cb33aaadd20998164a916/packages/workout-guide/assets/barbell-glute-bridge/frame-3.svg","both"
"623","glutes/barbell-hack-squat","Barbell Hack Squat","barbell","glutes","strength","true","https://cdn.jsdelivr.net/gh/JahelCuadrado/ExerciseGymGifsDB@v1.1.0/glutes/barbell-hack-squat.gif","hack-squat","exact","https://cdn.jsdelivr.net/gh/bryllim/workout-guide@ba0b709cb20430361b2cb33aaadd20998164a916/packages/workout-guide/assets/hack-squat/frame-1.svg","https://cdn.jsdelivr.net/gh/bryllim/workout-guide@ba0b709cb20430361b2cb33aaadd20998164a916/packages/workout-guide/assets/hack-squat/frame-2.svg","https://cdn.jsdelivr.net/gh/bryllim/workout-guide@ba0b709cb20430361b2cb33aaadd20998164a916/packages/workout-guide/assets/hack-squat/frame-3.svg","both"
"624","glutes/barbell-high-bar-squat","Barbell High Bar Squat","barbell","glutes","strength","true","https://cdn.jsdelivr.net/gh/JahelCuadrado/ExerciseGymGifsDB@v1.1.0/glutes/barbell-high-bar-squat.gif","squat","fuzzy(0.50)","https://cdn.jsdelivr.net/gh/bryllim/workout-guide@ba0b709cb20430361b2cb33aaadd20998164a916/packages/workout-guide/assets/squat/frame-1.svg","https://cdn.jsdelivr.net/gh/bryllim/workout-guide@ba0b709cb20430361b2cb33aaadd20998164a916/packages/workout-guide/assets/squat/frame-2.svg","https://cdn.jsdelivr.net/gh/bryllim/workout-guide@ba0b709cb20430361b2cb33aaadd20998164a916/packages/workout-guide/assets/squat/frame-3.svg","both"
"625","glutes/barbell-jefferson-squat","Barbell Jefferson Squat","barbell","glutes","strength","true","https://cdn.jsdelivr.net/gh/JahelCuadrado/ExerciseGymGifsDB@v1.1.0/glutes/barbell-jefferson-squat.gif","squat","fuzzy(0.50)","https://cdn.jsdelivr.net/gh/bryllim/workout-guide@ba0b709cb20430361b2cb33aaadd20998164a916/packages/workout-guide/assets/squat/frame-1.svg","https://cdn.jsdelivr.net/gh/bryllim/workout-guide@ba0b709cb20430361b2cb33aaadd20998164a916/packages/workout-guide/assets/squat/frame-2.svg","https://cdn.jsdelivr.net/gh/bryllim/workout-guide@ba0b709cb20430361b2cb33aaadd20998164a916/packages/workout-guide/assets/squat/frame-3.svg","both"
"626","glutes/barbell-jump-squat","Barbell Jump Squat","barbell","glutes","plyometrics","true","https://cdn.jsdelivr.net/gh/JahelCuadrado/ExerciseGymGifsDB@v1.1.0/glutes/barbell-jump-squat.gif","jump-squat","exact","https://cdn.jsdelivr.net/gh/bryllim/workout-guide@ba0b709cb20430361b2cb33aaadd20998164a916/packages/workout-guide/assets/jump-squat/frame-1.svg","https://cdn.jsdelivr.net/gh/bryllim/workout-guide@ba0b709cb20430361b2cb33aaadd20998164a916/packages/workout-guide/assets/jump-squat/frame-2.svg","https://cdn.jsdelivr.net/gh/bryllim/workout-guide@ba0b709cb20430361b2cb33aaadd20998164a916/packages/workout-guide/assets/jump-squat/frame-3.svg","both"
"627","glutes/barbell-lateral-lunge","Barbell Lateral Lunge","barbell","glutes","strength","true","https://cdn.jsdelivr.net/gh/JahelCuadrado/ExerciseGymGifsDB@v1.1.0/glutes/barbell-lateral-lunge.gif","lateral-lunge","exact","https://cdn.jsdelivr.net/gh/bryllim/workout-guide@ba0b709cb20430361b2cb33aaadd20998164a916/packages/workout-guide/assets/lateral-lunge/frame-1.svg","https://cdn.jsdelivr.net/gh/bryllim/workout-guide@ba0b709cb20430361b2cb33aaadd20998164a916/packages/workout-guide/assets/lateral-lunge/frame-2.svg","https://cdn.jsdelivr.net/gh/bryllim/workout-guide@ba0b709cb20430361b2cb33aaadd20998164a916/packages/workout-guide/assets/lateral-lunge/frame-3.svg","both"
"628","glutes/barbell-low-bar-squat","Barbell Low Bar Squat","barbell","glutes","strength","true","https://cdn.jsdelivr.net/gh/JahelCuadrado/ExerciseGymGifsDB@v1.1.0/glutes/barbell-low-bar-squat.gif","squat","fuzzy(0.50)","https://cdn.jsdelivr.net/gh/bryllim/workout-guide@ba0b709cb20430361b2cb33aaadd20998164a916/packages/workout-guide/assets/squat/frame-1.svg","https://cdn.jsdelivr.net/gh/bryllim/workout-guide@ba0b709cb20430361b2cb33aaadd20998164a916/packages/workout-guide/assets/squat/frame-2.svg","https://cdn.jsdelivr.net/gh/bryllim/workout-guide@ba0b709cb20430361b2cb33aaadd20998164a916/packages/workout-guide/assets/squat/frame-3.svg","both"
"629","glutes/barbell-lunge","Barbell Lunge","barbell","glutes","strength","true","https://cdn.jsdelivr.net/gh/JahelCuadrado/ExerciseGymGifsDB@v1.1.0/glutes/barbell-lunge.gif","walking-lunge","fuzzy(0.50)","https://cdn.jsdelivr.net/gh/bryllim/workout-guide@ba0b709cb20430361b2cb33aaadd20998164a916/packages/workout-guide/assets/walking-lunge/frame-1.svg","https://cdn.jsdelivr.net/gh/bryllim/workout-guide@ba0b709cb20430361b2cb33aaadd20998164a916/packages/workout-guide/assets/walking-lunge/frame-2.svg","https://cdn.jsdelivr.net/gh/bryllim/workout-guide@ba0b709cb20430361b2cb33aaadd20998164a916/packages/workout-guide/assets/walking-lunge/frame-3.svg","both"
"630","glutes/barbell-lying-lifting-on-hip","Barbell Lying Lifting On Hip","barbell","glutes","strength","true","https://cdn.jsdelivr.net/gh/JahelCuadrado/ExerciseGymGifsDB@v1.1.0/glutes/barbell-lying-lifting-on-hip.gif","","","","","","gif_only"
"631","glutes/barbell-narrow-stance-squat","Barbell Narrow Stance Squat","barbell","glutes","strength","true","https://cdn.jsdelivr.net/gh/JahelCuadrado/ExerciseGymGifsDB@v1.1.0/glutes/barbell-narrow-stance-squat.gif","","","","","","gif_only"
"632","glutes/barbell-one-arm-side-deadlift","Barbell One Arm Side Deadlift","barbell","glutes","strength","true","https://cdn.jsdelivr.net/gh/JahelCuadrado/ExerciseGymGifsDB@v1.1.0/glutes/barbell-one-arm-side-deadlift.gif","","","","","","gif_only"
"633","glutes/barbell-rack-pull","Barbell Rack Pull","barbell","glutes","strength","true","https://cdn.jsdelivr.net/gh/JahelCuadrado/ExerciseGymGifsDB@v1.1.0/glutes/barbell-rack-pull.gif","rack-pull","exact","https://cdn.jsdelivr.net/gh/bryllim/workout-guide@ba0b709cb20430361b2cb33aaadd20998164a916/packages/workout-guide/assets/rack-pull/frame-1.svg","https://cdn.jsdelivr.net/gh/bryllim/workout-guide@ba0b709cb20430361b2cb33aaadd20998164a916/packages/workout-guide/assets/rack-pull/frame-2.svg","https://cdn.jsdelivr.net/gh/bryllim/workout-guide@ba0b709cb20430361b2cb33aaadd20998164a916/packages/workout-guide/assets/rack-pull/frame-3.svg","both"
"634","glutes/barbell-rear-lunge-v-2","Barbell Rear Lunge v2","barbell","glutes","strength","true","https://cdn.jsdelivr.net/gh/JahelCuadrado/ExerciseGymGifsDB@v1.1.0/glutes/barbell-rear-lunge-v-2.gif","","","","","","gif_only"
"635","glutes/barbell-rear-lunge","Barbell Rear Lunge","barbell","glutes","strength","true","https://cdn.jsdelivr.net/gh/JahelCuadrado/ExerciseGymGifsDB@v1.1.0/glutes/barbell-rear-lunge.gif","","","","","","gif_only"
"636","glutes/barbell-romanian-deadlift","Barbell Romanian Deadlift","barbell","glutes","strength","true","https://cdn.jsdelivr.net/gh/JahelCuadrado/ExerciseGymGifsDB@v1.1.0/glutes/barbell-romanian-deadlift.gif","romanian-deadlift","exact","https://cdn.jsdelivr.net/gh/bryllim/workout-guide@ba0b709cb20430361b2cb33aaadd20998164a916/packages/workout-guide/assets/romanian-deadlift/frame-1.svg","https://cdn.jsdelivr.net/gh/bryllim/workout-guide@ba0b709cb20430361b2cb33aaadd20998164a916/packages/workout-guide/assets/romanian-deadlift/frame-2.svg","https://cdn.jsdelivr.net/gh/bryllim/workout-guide@ba0b709cb20430361b2cb33aaadd20998164a916/packages/workout-guide/assets/romanian-deadlift/frame-3.svg","both"
"637","glutes/barbell-seated-good-morning","Barbell Seated Good Morning","barbell","glutes","strength","true","https://cdn.jsdelivr.net/gh/JahelCuadrado/ExerciseGymGifsDB@v1.1.0/glutes/barbell-seated-good-morning.gif","good-morning","fuzzy(0.67)","https://cdn.jsdelivr.net/gh/bryllim/workout-guide@ba0b709cb20430361b2cb33aaadd20998164a916/packages/workout-guide/assets/good-morning/frame-1.svg","https://cdn.jsdelivr.net/gh/bryllim/workout-guide@ba0b709cb20430361b2cb33aaadd20998164a916/packages/workout-guide/assets/good-morning/frame-2.svg","https://cdn.jsdelivr.net/gh/bryllim/workout-guide@ba0b709cb20430361b2cb33aaadd20998164a916/packages/workout-guide/assets/good-morning/frame-3.svg","both"
"638","glutes/barbell-single-leg-deadlift","Barbell Single Leg Deadlift","barbell","glutes","strength","true","https://cdn.jsdelivr.net/gh/JahelCuadrado/ExerciseGymGifsDB@v1.1.0/glutes/barbell-single-leg-deadlift.gif","single-leg-romanian-deadlift","fuzzy(0.75)","https://cdn.jsdelivr.net/gh/bryllim/workout-guide@ba0b709cb20430361b2cb33aaadd20998164a916/packages/workout-guide/assets/single-leg-romanian-deadlift/frame-1.svg","https://cdn.jsdelivr.net/gh/bryllim/workout-guide@ba0b709cb20430361b2cb33aaadd20998164a916/packages/workout-guide/assets/single-leg-romanian-deadlift/frame-2.svg","https://cdn.jsdelivr.net/gh/bryllim/workout-guide@ba0b709cb20430361b2cb33aaadd20998164a916/packages/workout-guide/assets/single-leg-romanian-deadlift/frame-3.svg","both"
"639","glutes/barbell-speed-squat","Barbell Speed Squat","barbell","glutes","strength","true","https://cdn.jsdelivr.net/gh/JahelCuadrado/ExerciseGymGifsDB@v1.1.0/glutes/barbell-speed-squat.gif","squat","fuzzy(0.50)","https://cdn.jsdelivr.net/gh/bryllim/workout-guide@ba0b709cb20430361b2cb33aaadd20998164a916/packages/workout-guide/assets/squat/frame-1.svg","https://cdn.jsdelivr.net/gh/bryllim/workout-guide@ba0b709cb20430361b2cb33aaadd20998164a916/packages/workout-guide/assets/squat/frame-2.svg","https://cdn.jsdelivr.net/gh/bryllim/workout-guide@ba0b709cb20430361b2cb33aaadd20998164a916/packages/workout-guide/assets/squat/frame-3.svg","both"
"640","glutes/barbell-step-up","Barbell Step Up","barbell","glutes","strength","true","https://cdn.jsdelivr.net/gh/JahelCuadrado/ExerciseGymGifsDB@v1.1.0/glutes/barbell-step-up.gif","step-up","exact","https://cdn.jsdelivr.net/gh/bryllim/workout-guide@ba0b709cb20430361b2cb33aaadd20998164a916/packages/workout-guide/assets/step-up/frame-1.svg","https://cdn.jsdelivr.net/gh/bryllim/workout-guide@ba0b709cb20430361b2cb33aaadd20998164a916/packages/workout-guide/assets/step-up/frame-2.svg","https://cdn.jsdelivr.net/gh/bryllim/workout-guide@ba0b709cb20430361b2cb33aaadd20998164a916/packages/workout-guide/assets/step-up/frame-3.svg","both"
"641","glutes/barbell-stiff-leg-good-morning","Barbell Stiff Leg Good Morning","barbell","glutes","strength","true","https://cdn.jsdelivr.net/gh/JahelCuadrado/ExerciseGymGifsDB@v1.1.0/glutes/barbell-stiff-leg-good-morning.gif","good-morning","fuzzy(0.50)","https://cdn.jsdelivr.net/gh/bryllim/workout-guide@ba0b709cb20430361b2cb33aaadd20998164a916/packages/workout-guide/assets/good-morning/frame-1.svg","https://cdn.jsdelivr.net/gh/bryllim/workout-guide@ba0b709cb20430361b2cb33aaadd20998164a916/packages/workout-guide/assets/good-morning/frame-2.svg","https://cdn.jsdelivr.net/gh/bryllim/workout-guide@ba0b709cb20430361b2cb33aaadd20998164a916/packages/workout-guide/assets/good-morning/frame-3.svg","both"
"642","glutes/barbell-sumo-deadlift","Barbell Sumo Deadlift","barbell","glutes","strength","true","https://cdn.jsdelivr.net/gh/JahelCuadrado/ExerciseGymGifsDB@v1.1.0/glutes/barbell-sumo-deadlift.gif","sumo-deadlift","exact","https://cdn.jsdelivr.net/gh/bryllim/workout-guide@ba0b709cb20430361b2cb33aaadd20998164a916/packages/workout-guide/assets/sumo-deadlift/frame-1.svg","https://cdn.jsdelivr.net/gh/bryllim/workout-guide@ba0b709cb20430361b2cb33aaadd20998164a916/packages/workout-guide/assets/sumo-deadlift/frame-2.svg","https://cdn.jsdelivr.net/gh/bryllim/workout-guide@ba0b709cb20430361b2cb33aaadd20998164a916/packages/workout-guide/assets/sumo-deadlift/frame-3.svg","both"
"643","glutes/barbell-zercher-squat","Barbell Zercher Squat","barbell","glutes","strength","true","https://cdn.jsdelivr.net/gh/JahelCuadrado/ExerciseGymGifsDB@v1.1.0/glutes/barbell-zercher-squat.gif","squat","fuzzy(0.50)","https://cdn.jsdelivr.net/gh/bryllim/workout-guide@ba0b709cb20430361b2cb33aaadd20998164a916/packages/workout-guide/assets/squat/frame-1.svg","https://cdn.jsdelivr.net/gh/bryllim/workout-guide@ba0b709cb20430361b2cb33aaadd20998164a916/packages/workout-guide/assets/squat/frame-2.svg","https://cdn.jsdelivr.net/gh/bryllim/workout-guide@ba0b709cb20430361b2cb33aaadd20998164a916/packages/workout-guide/assets/squat/frame-3.svg","both"
"644","glutes/basic-toe-touch-male","Basic Toe Touch Male","bodyweight","glutes","strength","true","https://cdn.jsdelivr.net/gh/JahelCuadrado/ExerciseGymGifsDB@v1.1.0/glutes/basic-toe-touch-male.gif","toe-touch","fuzzy(0.50)","https://cdn.jsdelivr.net/gh/bryllim/workout-guide@ba0b709cb20430361b2cb33aaadd20998164a916/packages/workout-guide/assets/toe-touch/frame-1.svg","https://cdn.jsdelivr.net/gh/bryllim/workout-guide@ba0b709cb20430361b2cb33aaadd20998164a916/packages/workout-guide/assets/toe-touch/frame-2.svg","https://cdn.jsdelivr.net/gh/bryllim/workout-guide@ba0b709cb20430361b2cb33aaadd20998164a916/packages/workout-guide/assets/toe-touch/frame-3.svg","both"
"645","glutes/bench-hip-extension","Bench Hip Extension","bodyweight","glutes","strength","true","https://cdn.jsdelivr.net/gh/JahelCuadrado/ExerciseGymGifsDB@v1.1.0/glutes/bench-hip-extension.gif","","","","","","gif_only"
"646","glutes/bent-knee-lying-twist-male","Bent Knee Lying Twist Male","bodyweight","glutes","strength","true","https://cdn.jsdelivr.net/gh/JahelCuadrado/ExerciseGymGifsDB@v1.1.0/glutes/bent-knee-lying-twist-male.gif","","","","","","gif_only"
"647","glutes/bodyweight-drop-jump-squat","Bodyweight Drop Jump Squat","bodyweight","glutes","plyometrics","true","https://cdn.jsdelivr.net/gh/JahelCuadrado/ExerciseGymGifsDB@v1.1.0/glutes/bodyweight-drop-jump-squat.gif","jump-squat","fuzzy(0.67)","https://cdn.jsdelivr.net/gh/bryllim/workout-guide@ba0b709cb20430361b2cb33aaadd20998164a916/packages/workout-guide/assets/jump-squat/frame-1.svg","https://cdn.jsdelivr.net/gh/bryllim/workout-guide@ba0b709cb20430361b2cb33aaadd20998164a916/packages/workout-guide/assets/jump-squat/frame-2.svg","https://cdn.jsdelivr.net/gh/bryllim/workout-guide@ba0b709cb20430361b2cb33aaadd20998164a916/packages/workout-guide/assets/jump-squat/frame-3.svg","both"
"648","glutes/cable-deadlift","Cable Deadlift","cable","glutes","strength","true","https://cdn.jsdelivr.net/gh/JahelCuadrado/ExerciseGymGifsDB@v1.1.0/glutes/cable-deadlift.gif","deadlift","exact","https://cdn.jsdelivr.net/gh/bryllim/workout-guide@ba0b709cb20430361b2cb33aaadd20998164a916/packages/workout-guide/assets/deadlift/frame-1.svg","https://cdn.jsdelivr.net/gh/bryllim/workout-guide@ba0b709cb20430361b2cb33aaadd20998164a916/packages/workout-guide/assets/deadlift/frame-2.svg","https://cdn.jsdelivr.net/gh/bryllim/workout-guide@ba0b709cb20430361b2cb33aaadd20998164a916/packages/workout-guide/assets/deadlift/frame-3.svg","both"
"649","glutes/cable-pull-through-with-rope","Cable Pull Through With Rope","cable","glutes","strength","true","https://cdn.jsdelivr.net/gh/JahelCuadrado/ExerciseGymGifsDB@v1.1.0/glutes/cable-pull-through-with-rope.gif","cable-pull-through","fuzzy(0.50)","https://cdn.jsdelivr.net/gh/bryllim/workout-guide@ba0b709cb20430361b2cb33aaadd20998164a916/packages/workout-guide/assets/cable-pull-through/frame-1.svg","https://cdn.jsdelivr.net/gh/bryllim/workout-guide@ba0b709cb20430361b2cb33aaadd20998164a916/packages/workout-guide/assets/cable-pull-through/frame-2.svg","https://cdn.jsdelivr.net/gh/bryllim/workout-guide@ba0b709cb20430361b2cb33aaadd20998164a916/packages/workout-guide/assets/cable-pull-through/frame-3.svg","both"
"650","glutes/cable-standing-hip-extension","Cable Standing Hip Extension","cable","glutes","strength","true","https://cdn.jsdelivr.net/gh/JahelCuadrado/ExerciseGymGifsDB@v1.1.0/glutes/cable-standing-hip-extension.gif","","","","","","gif_only"
"651","glutes/curtsey-squat","Curtsey Squat","bodyweight","glutes","strength","true","https://cdn.jsdelivr.net/gh/JahelCuadrado/ExerciseGymGifsDB@v1.1.0/glutes/curtsey-squat.gif","squat","fuzzy(0.50)","https://cdn.jsdelivr.net/gh/bryllim/workout-guide@ba0b709cb20430361b2cb33aaadd20998164a916/packages/workout-guide/assets/squat/frame-1.svg","https://cdn.jsdelivr.net/gh/bryllim/workout-guide@ba0b709cb20430361b2cb33aaadd20998164a916/packages/workout-guide/assets/squat/frame-2.svg","https://cdn.jsdelivr.net/gh/bryllim/workout-guide@ba0b709cb20430361b2cb33aaadd20998164a916/packages/workout-guide/assets/squat/frame-3.svg","both"
"652","glutes/dumbbell-bench-squat","Dumbbell Bench Squat","dumbbell","glutes","strength","true","https://cdn.jsdelivr.net/gh/JahelCuadrado/ExerciseGymGifsDB@v1.1.0/glutes/dumbbell-bench-squat.gif","squat","fuzzy(0.50)","https://cdn.jsdelivr.net/gh/bryllim/workout-guide@ba0b709cb20430361b2cb33aaadd20998164a916/packages/workout-guide/assets/squat/frame-1.svg","https://cdn.jsdelivr.net/gh/bryllim/workout-guide@ba0b709cb20430361b2cb33aaadd20998164a916/packages/workout-guide/assets/squat/frame-2.svg","https://cdn.jsdelivr.net/gh/bryllim/workout-guide@ba0b709cb20430361b2cb33aaadd20998164a916/packages/workout-guide/assets/squat/frame-3.svg","both"
"653","glutes/dumbbell-clean","Dumbbell Clean","dumbbell","glutes","strength","true","https://cdn.jsdelivr.net/gh/JahelCuadrado/ExerciseGymGifsDB@v1.1.0/glutes/dumbbell-clean.gif","","","","","","gif_only"
"654","glutes/dumbbell-contralateral-forward-lunge","Dumbbell Contralateral Forward Lunge","dumbbell","glutes","strength","true","https://cdn.jsdelivr.net/gh/JahelCuadrado/ExerciseGymGifsDB@v1.1.0/glutes/dumbbell-contralateral-forward-lunge.gif","forward-lunge","fuzzy(0.67)","https://cdn.jsdelivr.net/gh/bryllim/workout-guide@ba0b709cb20430361b2cb33aaadd20998164a916/packages/workout-guide/assets/forward-lunge/frame-1.svg","https://cdn.jsdelivr.net/gh/bryllim/workout-guide@ba0b709cb20430361b2cb33aaadd20998164a916/packages/workout-guide/assets/forward-lunge/frame-2.svg","https://cdn.jsdelivr.net/gh/bryllim/workout-guide@ba0b709cb20430361b2cb33aaadd20998164a916/packages/workout-guide/assets/forward-lunge/frame-3.svg","both"
"655","glutes/dumbbell-deadlift","Dumbbell Deadlift","dumbbell","glutes","strength","true","https://cdn.jsdelivr.net/gh/JahelCuadrado/ExerciseGymGifsDB@v1.1.0/glutes/dumbbell-deadlift.gif","deadlift","exact","https://cdn.jsdelivr.net/gh/bryllim/workout-guide@ba0b709cb20430361b2cb33aaadd20998164a916/packages/workout-guide/assets/deadlift/frame-1.svg","https://cdn.jsdelivr.net/gh/bryllim/workout-guide@ba0b709cb20430361b2cb33aaadd20998164a916/packages/workout-guide/assets/deadlift/frame-2.svg","https://cdn.jsdelivr.net/gh/bryllim/workout-guide@ba0b709cb20430361b2cb33aaadd20998164a916/packages/workout-guide/assets/deadlift/frame-3.svg","both"
"656","glutes/dumbbell-lunge","Dumbbell Lunge","dumbbell","glutes","strength","true","https://cdn.jsdelivr.net/gh/JahelCuadrado/ExerciseGymGifsDB@v1.1.0/glutes/dumbbell-lunge.gif","walking-lunge","fuzzy(0.50)","https://cdn.jsdelivr.net/gh/bryllim/workout-guide@ba0b709cb20430361b2cb33aaadd20998164a916/packages/workout-guide/assets/walking-lunge/frame-1.svg","https://cdn.jsdelivr.net/gh/bryllim/workout-guide@ba0b709cb20430361b2cb33aaadd20998164a916/packages/workout-guide/assets/walking-lunge/frame-2.svg","https://cdn.jsdelivr.net/gh/bryllim/workout-guide@ba0b709cb20430361b2cb33aaadd20998164a916/packages/workout-guide/assets/walking-lunge/frame-3.svg","both"
"657","glutes/dumbbell-one-arm-snatch","Dumbbell One Arm Snatch","dumbbell","glutes","strength","true","https://cdn.jsdelivr.net/gh/JahelCuadrado/ExerciseGymGifsDB@v1.1.0/glutes/dumbbell-one-arm-snatch.gif","","","","","","gif_only"
"658","glutes/dumbbell-plyo-squat","Dumbbell Plyo Squat","dumbbell","glutes","plyometrics","true","https://cdn.jsdelivr.net/gh/JahelCuadrado/ExerciseGymGifsDB@v1.1.0/glutes/dumbbell-plyo-squat.gif","squat","fuzzy(0.50)","https://cdn.jsdelivr.net/gh/bryllim/workout-guide@ba0b709cb20430361b2cb33aaadd20998164a916/packages/workout-guide/assets/squat/frame-1.svg","https://cdn.jsdelivr.net/gh/bryllim/workout-guide@ba0b709cb20430361b2cb33aaadd20998164a916/packages/workout-guide/assets/squat/frame-2.svg","https://cdn.jsdelivr.net/gh/bryllim/workout-guide@ba0b709cb20430361b2cb33aaadd20998164a916/packages/workout-guide/assets/squat/frame-3.svg","both"
"659","glutes/dumbbell-rear-lunge","Dumbbell Rear Lunge","dumbbell","glutes","strength","true","https://cdn.jsdelivr.net/gh/JahelCuadrado/ExerciseGymGifsDB@v1.1.0/glutes/dumbbell-rear-lunge.gif","","","","","","gif_only"
"660","glutes/dumbbell-romanian-deadlift","Dumbbell Romanian Deadlift","dumbbell","glutes","strength","true","https://cdn.jsdelivr.net/gh/JahelCuadrado/ExerciseGymGifsDB@v1.1.0/glutes/dumbbell-romanian-deadlift.gif","dumbbell-romanian-deadlift","exact","https://cdn.jsdelivr.net/gh/bryllim/workout-guide@ba0b709cb20430361b2cb33aaadd20998164a916/packages/workout-guide/assets/dumbbell-romanian-deadlift/frame-1.svg","https://cdn.jsdelivr.net/gh/bryllim/workout-guide@ba0b709cb20430361b2cb33aaadd20998164a916/packages/workout-guide/assets/dumbbell-romanian-deadlift/frame-2.svg","https://cdn.jsdelivr.net/gh/bryllim/workout-guide@ba0b709cb20430361b2cb33aaadd20998164a916/packages/workout-guide/assets/dumbbell-romanian-deadlift/frame-3.svg","both"
"661","glutes/dumbbell-single-leg-deadlift-with-stepbox-support","Dumbbell Single Leg Deadlift With Stepbox Support","dumbbell","glutes","strength","true","https://cdn.jsdelivr.net/gh/JahelCuadrado/ExerciseGymGifsDB@v1.1.0/glutes/dumbbell-single-leg-deadlift-with-stepbox-support.gif","","","","","","gif_only"
"662","glutes/dumbbell-single-leg-deadlift","Dumbbell Single Leg Deadlift","dumbbell","glutes","strength","true","https://cdn.jsdelivr.net/gh/JahelCuadrado/ExerciseGymGifsDB@v1.1.0/glutes/dumbbell-single-leg-deadlift.gif","single-leg-romanian-deadlift","fuzzy(0.75)","https://cdn.jsdelivr.net/gh/bryllim/workout-guide@ba0b709cb20430361b2cb33aaadd20998164a916/packages/workout-guide/assets/single-leg-romanian-deadlift/frame-1.svg","https://cdn.jsdelivr.net/gh/bryllim/workout-guide@ba0b709cb20430361b2cb33aaadd20998164a916/packages/workout-guide/assets/single-leg-romanian-deadlift/frame-2.svg","https://cdn.jsdelivr.net/gh/bryllim/workout-guide@ba0b709cb20430361b2cb33aaadd20998164a916/packages/workout-guide/assets/single-leg-romanian-deadlift/frame-3.svg","both"
"663","glutes/dumbbell-single-leg-squat","Dumbbell Single Leg Squat","dumbbell","glutes","strength","true","https://cdn.jsdelivr.net/gh/JahelCuadrado/ExerciseGymGifsDB@v1.1.0/glutes/dumbbell-single-leg-squat.gif","single-leg-box-squat","fuzzy(0.75)","https://cdn.jsdelivr.net/gh/bryllim/workout-guide@ba0b709cb20430361b2cb33aaadd20998164a916/packages/workout-guide/assets/single-leg-box-squat/frame-1.svg","https://cdn.jsdelivr.net/gh/bryllim/workout-guide@ba0b709cb20430361b2cb33aaadd20998164a916/packages/workout-guide/assets/single-leg-box-squat/frame-2.svg","https://cdn.jsdelivr.net/gh/bryllim/workout-guide@ba0b709cb20430361b2cb33aaadd20998164a916/packages/workout-guide/assets/single-leg-box-squat/frame-3.svg","both"
"664","glutes/dumbbell-squat","Dumbbell Squat","dumbbell","glutes","strength","true","https://cdn.jsdelivr.net/gh/JahelCuadrado/ExerciseGymGifsDB@v1.1.0/glutes/dumbbell-squat.gif","squat","exact","https://cdn.jsdelivr.net/gh/bryllim/workout-guide@ba0b709cb20430361b2cb33aaadd20998164a916/packages/workout-guide/assets/squat/frame-1.svg","https://cdn.jsdelivr.net/gh/bryllim/workout-guide@ba0b709cb20430361b2cb33aaadd20998164a916/packages/workout-guide/assets/squat/frame-2.svg","https://cdn.jsdelivr.net/gh/bryllim/workout-guide@ba0b709cb20430361b2cb33aaadd20998164a916/packages/workout-guide/assets/squat/frame-3.svg","both"
"665","glutes/dumbbell-step-up","Dumbbell Step Up","dumbbell","glutes","strength","true","https://cdn.jsdelivr.net/gh/JahelCuadrado/ExerciseGymGifsDB@v1.1.0/glutes/dumbbell-step-up.gif","step-up","exact","https://cdn.jsdelivr.net/gh/bryllim/workout-guide@ba0b709cb20430361b2cb33aaadd20998164a916/packages/workout-guide/assets/step-up/frame-1.svg","https://cdn.jsdelivr.net/gh/bryllim/workout-guide@ba0b709cb20430361b2cb33aaadd20998164a916/packages/workout-guide/assets/step-up/frame-2.svg","https://cdn.jsdelivr.net/gh/bryllim/workout-guide@ba0b709cb20430361b2cb33aaadd20998164a916/packages/workout-guide/assets/step-up/frame-3.svg","both"
"666","glutes/dumbbell-stiff-leg-deadlift","Dumbbell Stiff Leg Deadlift","dumbbell","glutes","strength","true","https://cdn.jsdelivr.net/gh/JahelCuadrado/ExerciseGymGifsDB@v1.1.0/glutes/dumbbell-stiff-leg-deadlift.gif","","","","","","gif_only"
"667","glutes/dumbbell-straight-leg-deadlift","Dumbbell Straight Leg Deadlift","dumbbell","glutes","strength","true","https://cdn.jsdelivr.net/gh/JahelCuadrado/ExerciseGymGifsDB@v1.1.0/glutes/dumbbell-straight-leg-deadlift.gif","","","","","","gif_only"
"668","glutes/dumbbell-sumo-pull-through","Dumbbell Sumo Pull Through","dumbbell","glutes","strength","true","https://cdn.jsdelivr.net/gh/JahelCuadrado/ExerciseGymGifsDB@v1.1.0/glutes/dumbbell-sumo-pull-through.gif","cable-pull-through","fuzzy(0.50)","https://cdn.jsdelivr.net/gh/bryllim/workout-guide@ba0b709cb20430361b2cb33aaadd20998164a916/packages/workout-guide/assets/cable-pull-through/frame-1.svg","https://cdn.jsdelivr.net/gh/bryllim/workout-guide@ba0b709cb20430361b2cb33aaadd20998164a916/packages/workout-guide/assets/cable-pull-through/frame-2.svg","https://cdn.jsdelivr.net/gh/bryllim/workout-guide@ba0b709cb20430361b2cb33aaadd20998164a916/packages/workout-guide/assets/cable-pull-through/frame-3.svg","both"
"669","glutes/exercise-ball-hip-flexor-stretch","Exercise Ball Hip Flexor Stretch","bodyweight","glutes","stretching","true","https://cdn.jsdelivr.net/gh/JahelCuadrado/ExerciseGymGifsDB@v1.1.0/glutes/exercise-ball-hip-flexor-stretch.gif","kneeling-hip-flexor-stretch","fuzzy(0.50)","https://cdn.jsdelivr.net/gh/bryllim/workout-guide@ba0b709cb20430361b2cb33aaadd20998164a916/packages/workout-guide/assets/kneeling-hip-flexor-stretch/frame-1.svg","https://cdn.jsdelivr.net/gh/bryllim/workout-guide@ba0b709cb20430361b2cb33aaadd20998164a916/packages/workout-guide/assets/kneeling-hip-flexor-stretch/frame-2.svg","https://cdn.jsdelivr.net/gh/bryllim/workout-guide@ba0b709cb20430361b2cb33aaadd20998164a916/packages/workout-guide/assets/kneeling-hip-flexor-stretch/frame-3.svg","both"
"670","glutes/exercise-ball-one-leg-prone-lower-body-rotation","Exercise Ball One Leg Prone Lower Body Rotation","bodyweight","glutes","strength","true","https://cdn.jsdelivr.net/gh/JahelCuadrado/ExerciseGymGifsDB@v1.1.0/glutes/exercise-ball-one-leg-prone-lower-body-rotation.gif","","","","","","gif_only"
"671","glutes/exercise-ball-one-legged-diagonal-kick-hamstring-curl","Exercise Ball One Legged Diagonal Kick Hamstring Curl","bodyweight","glutes","strength","true","https://cdn.jsdelivr.net/gh/JahelCuadrado/ExerciseGymGifsDB@v1.1.0/glutes/exercise-ball-one-legged-diagonal-kick-hamstring-curl.gif","","","","","","gif_only"
"672","glutes/flutter-kicks","Flutter Kicks","bodyweight","glutes","strength","true","https://cdn.jsdelivr.net/gh/JahelCuadrado/ExerciseGymGifsDB@v1.1.0/glutes/flutter-kicks.gif","flutter-kick","exact","https://cdn.jsdelivr.net/gh/bryllim/workout-guide@ba0b709cb20430361b2cb33aaadd20998164a916/packages/workout-guide/assets/flutter-kick/frame-1.svg","https://cdn.jsdelivr.net/gh/bryllim/workout-guide@ba0b709cb20430361b2cb33aaadd20998164a916/packages/workout-guide/assets/flutter-kick/frame-2.svg","https://cdn.jsdelivr.net/gh/bryllim/workout-guide@ba0b709cb20430361b2cb33aaadd20998164a916/packages/workout-guide/assets/flutter-kick/frame-3.svg","both"
"673","glutes/forward-lunge-male","Forward Lunge Male","bodyweight","glutes","strength","true","https://cdn.jsdelivr.net/gh/JahelCuadrado/ExerciseGymGifsDB@v1.1.0/glutes/forward-lunge-male.gif","forward-lunge","fuzzy(0.67)","https://cdn.jsdelivr.net/gh/bryllim/workout-guide@ba0b709cb20430361b2cb33aaadd20998164a916/packages/workout-guide/assets/forward-lunge/frame-1.svg","https://cdn.jsdelivr.net/gh/bryllim/workout-guide@ba0b709cb20430361b2cb33aaadd20998164a916/packages/workout-guide/assets/forward-lunge/frame-2.svg","https://cdn.jsdelivr.net/gh/bryllim/workout-guide@ba0b709cb20430361b2cb33aaadd20998164a916/packages/workout-guide/assets/forward-lunge/frame-3.svg","both"
"674","glutes/frankenstein-squat","Frankenstein Squat","bodyweight","glutes","strength","true","https://cdn.jsdelivr.net/gh/JahelCuadrado/ExerciseGymGifsDB@v1.1.0/glutes/frankenstein-squat.gif","squat","fuzzy(0.50)","https://cdn.jsdelivr.net/gh/bryllim/workout-guide@ba0b709cb20430361b2cb33aaadd20998164a916/packages/workout-guide/assets/squat/frame-1.svg","https://cdn.jsdelivr.net/gh/bryllim/workout-guide@ba0b709cb20430361b2cb33aaadd20998164a916/packages/workout-guide/assets/squat/frame-2.svg","https://cdn.jsdelivr.net/gh/bryllim/workout-guide@ba0b709cb20430361b2cb33aaadd20998164a916/packages/workout-guide/assets/squat/frame-3.svg","both"
"675","glutes/glute-bridge-march","Glute Bridge March","bodyweight","glutes","strength","true","https://cdn.jsdelivr.net/gh/JahelCuadrado/ExerciseGymGifsDB@v1.1.0/glutes/glute-bridge-march.gif","glute-bridge-march","exact","https://cdn.jsdelivr.net/gh/bryllim/workout-guide@ba0b709cb20430361b2cb33aaadd20998164a916/packages/workout-guide/assets/glute-bridge-march/frame-1.svg","https://cdn.jsdelivr.net/gh/bryllim/workout-guide@ba0b709cb20430361b2cb33aaadd20998164a916/packages/workout-guide/assets/glute-bridge-march/frame-2.svg","https://cdn.jsdelivr.net/gh/bryllim/workout-guide@ba0b709cb20430361b2cb33aaadd20998164a916/packages/workout-guide/assets/glute-bridge-march/frame-3.svg","both"
"676","glutes/glute-bridge-two-legs-on-bench-male","Glute Bridge Two Legs On Bench Male","bodyweight","glutes","strength","true","https://cdn.jsdelivr.net/gh/JahelCuadrado/ExerciseGymGifsDB@v1.1.0/glutes/glute-bridge-two-legs-on-bench-male.gif","","","","","","gif_only"
"677","glutes/hands-clasped-circular-toe-touch-male","Hands Clasped Circular Toe Touch Male","bodyweight","glutes","strength","true","https://cdn.jsdelivr.net/gh/JahelCuadrado/ExerciseGymGifsDB@v1.1.0/glutes/hands-clasped-circular-toe-touch-male.gif","","","","","","gif_only"
"678","glutes/hands-reversed-clasped-circular-toe-touch-male","Hands Reversed Clasped Circular Toe Touch Male","bodyweight","glutes","strength","true","https://cdn.jsdelivr.net/gh/JahelCuadrado/ExerciseGymGifsDB@v1.1.0/glutes/hands-reversed-clasped-circular-toe-touch-male.gif","","","","","","gif_only"
"679","glutes/hug-keens-to-chest","Hug Keens To Chest","bodyweight","glutes","strength","true","https://cdn.jsdelivr.net/gh/JahelCuadrado/ExerciseGymGifsDB@v1.1.0/glutes/hug-keens-to-chest.gif","","","","","","gif_only"
"680","glutes/iron-cross-stretch","Iron Cross Stretch","bodyweight","glutes","stretching","true","https://cdn.jsdelivr.net/gh/JahelCuadrado/ExerciseGymGifsDB@v1.1.0/glutes/iron-cross-stretch.gif","","","","","","gif_only"
"681","glutes/jump-squat-v-2","Jump Squat v2","bodyweight","glutes","plyometrics","true","https://cdn.jsdelivr.net/gh/JahelCuadrado/ExerciseGymGifsDB@v1.1.0/glutes/jump-squat-v-2.gif","jump-squat","fuzzy(0.67)","https://cdn.jsdelivr.net/gh/bryllim/workout-guide@ba0b709cb20430361b2cb33aaadd20998164a916/packages/workout-guide/assets/jump-squat/frame-1.svg","https://cdn.jsdelivr.net/gh/bryllim/workout-guide@ba0b709cb20430361b2cb33aaadd20998164a916/packages/workout-guide/assets/jump-squat/frame-2.svg","https://cdn.jsdelivr.net/gh/bryllim/workout-guide@ba0b709cb20430361b2cb33aaadd20998164a916/packages/workout-guide/assets/jump-squat/frame-3.svg","both"
"682","glutes/jump-squat","Jump Squat","bodyweight","glutes","plyometrics","true","https://cdn.jsdelivr.net/gh/JahelCuadrado/ExerciseGymGifsDB@v1.1.0/glutes/jump-squat.gif","jump-squat","exact","https://cdn.jsdelivr.net/gh/bryllim/workout-guide@ba0b709cb20430361b2cb33aaadd20998164a916/packages/workout-guide/assets/jump-squat/frame-1.svg","https://cdn.jsdelivr.net/gh/bryllim/workout-guide@ba0b709cb20430361b2cb33aaadd20998164a916/packages/workout-guide/assets/jump-squat/frame-2.svg","https://cdn.jsdelivr.net/gh/bryllim/workout-guide@ba0b709cb20430361b2cb33aaadd20998164a916/packages/workout-guide/assets/jump-squat/frame-3.svg","both"
"683","glutes/kettlebell-front-squat","Kettlebell Front Squat","kettlebell","glutes","strength","true","https://cdn.jsdelivr.net/gh/JahelCuadrado/ExerciseGymGifsDB@v1.1.0/glutes/kettlebell-front-squat.gif","front-squat","exact","https://cdn.jsdelivr.net/gh/bryllim/workout-guide@ba0b709cb20430361b2cb33aaadd20998164a916/packages/workout-guide/assets/front-squat/frame-1.svg","https://cdn.jsdelivr.net/gh/bryllim/workout-guide@ba0b709cb20430361b2cb33aaadd20998164a916/packages/workout-guide/assets/front-squat/frame-2.svg","https://cdn.jsdelivr.net/gh/bryllim/workout-guide@ba0b709cb20430361b2cb33aaadd20998164a916/packages/workout-guide/assets/front-squat/frame-3.svg","both"
"684","glutes/kettlebell-goblet-squat","Kettlebell Goblet Squat","kettlebell","glutes","strength","true","https://cdn.jsdelivr.net/gh/JahelCuadrado/ExerciseGymGifsDB@v1.1.0/glutes/kettlebell-goblet-squat.gif","goblet-squat","exact","https://cdn.jsdelivr.net/gh/bryllim/workout-guide@ba0b709cb20430361b2cb33aaadd20998164a916/packages/workout-guide/assets/goblet-squat/frame-1.svg","https://cdn.jsdelivr.net/gh/bryllim/workout-guide@ba0b709cb20430361b2cb33aaadd20998164a916/packages/workout-guide/assets/goblet-squat/frame-2.svg","https://cdn.jsdelivr.net/gh/bryllim/workout-guide@ba0b709cb20430361b2cb33aaadd20998164a916/packages/workout-guide/assets/goblet-squat/frame-3.svg","both"
"685","glutes/kettlebell-lunge-pass-through","Kettlebell Lunge Pass Through","kettlebell","glutes","strength","true","https://cdn.jsdelivr.net/gh/JahelCuadrado/ExerciseGymGifsDB@v1.1.0/glutes/kettlebell-lunge-pass-through.gif","","","","","","gif_only"
"686","glutes/kettlebell-pistol-squat","Kettlebell Pistol Squat","kettlebell","glutes","strength","true","https://cdn.jsdelivr.net/gh/JahelCuadrado/ExerciseGymGifsDB@v1.1.0/glutes/kettlebell-pistol-squat.gif","pistol-squat","exact","https://cdn.jsdelivr.net/gh/bryllim/workout-guide@ba0b709cb20430361b2cb33aaadd20998164a916/packages/workout-guide/assets/pistol-squat/frame-1.svg","https://cdn.jsdelivr.net/gh/bryllim/workout-guide@ba0b709cb20430361b2cb33aaadd20998164a916/packages/workout-guide/assets/pistol-squat/frame-2.svg","https://cdn.jsdelivr.net/gh/bryllim/workout-guide@ba0b709cb20430361b2cb33aaadd20998164a916/packages/workout-guide/assets/pistol-squat/frame-3.svg","both"
"687","glutes/kettlebell-swing","Kettlebell Swing","kettlebell","glutes","strength","true","https://cdn.jsdelivr.net/gh/JahelCuadrado/ExerciseGymGifsDB@v1.1.0/glutes/kettlebell-swing.gif","kettlebell-swing","exact","https://cdn.jsdelivr.net/gh/bryllim/workout-guide@ba0b709cb20430361b2cb33aaadd20998164a916/packages/workout-guide/assets/kettlebell-swing/frame-1.svg","https://cdn.jsdelivr.net/gh/bryllim/workout-guide@ba0b709cb20430361b2cb33aaadd20998164a916/packages/workout-guide/assets/kettlebell-swing/frame-2.svg","https://cdn.jsdelivr.net/gh/bryllim/workout-guide@ba0b709cb20430361b2cb33aaadd20998164a916/packages/workout-guide/assets/kettlebell-swing/frame-3.svg","both"
"688","glutes/kettlebell-turkish-get-up-squat-style","Kettlebell Turkish Get Up Squat Style","kettlebell","glutes","strength","true","https://cdn.jsdelivr.net/gh/JahelCuadrado/ExerciseGymGifsDB@v1.1.0/glutes/kettlebell-turkish-get-up-squat-style.gif","","","","","","gif_only"
"689","glutes/kneeling-jump-squat","Kneeling Jump Squat","bodyweight","glutes","plyometrics","true","https://cdn.jsdelivr.net/gh/JahelCuadrado/ExerciseGymGifsDB@v1.1.0/glutes/kneeling-jump-squat.gif","jump-squat","fuzzy(0.67)","https://cdn.jsdelivr.net/gh/bryllim/workout-guide@ba0b709cb20430361b2cb33aaadd20998164a916/packages/workout-guide/assets/jump-squat/frame-1.svg","https://cdn.jsdelivr.net/gh/bryllim/workout-guide@ba0b709cb20430361b2cb33aaadd20998164a916/packages/workout-guide/assets/jump-squat/frame-2.svg","https://cdn.jsdelivr.net/gh/bryllim/workout-guide@ba0b709cb20430361b2cb33aaadd20998164a916/packages/workout-guide/assets/jump-squat/frame-3.svg","both"
"690","glutes/lever-deadlift","Lever Deadlift","lever","glutes","strength","true","https://cdn.jsdelivr.net/gh/JahelCuadrado/ExerciseGymGifsDB@v1.1.0/glutes/lever-deadlift.gif","deadlift","exact","https://cdn.jsdelivr.net/gh/bryllim/workout-guide@ba0b709cb20430361b2cb33aaadd20998164a916/packages/workout-guide/assets/deadlift/frame-1.svg","https://cdn.jsdelivr.net/gh/bryllim/workout-guide@ba0b709cb20430361b2cb33aaadd20998164a916/packages/workout-guide/assets/deadlift/frame-2.svg","https://cdn.jsdelivr.net/gh/bryllim/workout-guide@ba0b709cb20430361b2cb33aaadd20998164a916/packages/workout-guide/assets/deadlift/frame-3.svg","both"
"691","glutes/lever-hip-extension-v-2","Lever Hip Extension v2","lever","glutes","strength","true","https://cdn.jsdelivr.net/gh/JahelCuadrado/ExerciseGymGifsDB@v1.1.0/glutes/lever-hip-extension-v-2.gif","","","","","","gif_only"
"692","glutes/lever-horizontal-one-leg-press","Lever Horizontal One Leg Press","lever","glutes","strength","true","https://cdn.jsdelivr.net/gh/JahelCuadrado/ExerciseGymGifsDB@v1.1.0/glutes/lever-horizontal-one-leg-press.gif","leg-press","fuzzy(0.50)","https://cdn.jsdelivr.net/gh/bryllim/workout-guide@ba0b709cb20430361b2cb33aaadd20998164a916/packages/workout-guide/assets/leg-press/frame-1.svg","https://cdn.jsdelivr.net/gh/bryllim/workout-guide@ba0b709cb20430361b2cb33aaadd20998164a916/packages/workout-guide/assets/leg-press/frame-2.svg","https://cdn.jsdelivr.net/gh/bryllim/workout-guide@ba0b709cb20430361b2cb33aaadd20998164a916/packages/workout-guide/assets/leg-press/frame-3.svg","both"
"693","glutes/lever-reverse-hyperextension","Lever Reverse Hyperextension","lever","glutes","strength","true","https://cdn.jsdelivr.net/gh/JahelCuadrado/ExerciseGymGifsDB@v1.1.0/glutes/lever-reverse-hyperextension.gif","reverse-hyperextension","exact","https://cdn.jsdelivr.net/gh/bryllim/workout-guide@ba0b709cb20430361b2cb33aaadd20998164a916/packages/workout-guide/assets/reverse-hyperextension/frame-1.svg","https://cdn.jsdelivr.net/gh/bryllim/workout-guide@ba0b709cb20430361b2cb33aaadd20998164a916/packages/workout-guide/assets/reverse-hyperextension/frame-2.svg","https://cdn.jsdelivr.net/gh/bryllim/workout-guide@ba0b709cb20430361b2cb33aaadd20998164a916/packages/workout-guide/assets/reverse-hyperextension/frame-3.svg","both"
"694","glutes/lever-seated-good-morning","Lever Seated Good Morning","lever","glutes","strength","true","https://cdn.jsdelivr.net/gh/JahelCuadrado/ExerciseGymGifsDB@v1.1.0/glutes/lever-seated-good-morning.gif","good-morning","fuzzy(0.67)","https://cdn.jsdelivr.net/gh/bryllim/workout-guide@ba0b709cb20430361b2cb33aaadd20998164a916/packages/workout-guide/assets/good-morning/frame-1.svg","https://cdn.jsdelivr.net/gh/bryllim/workout-guide@ba0b709cb20430361b2cb33aaadd20998164a916/packages/workout-guide/assets/good-morning/frame-2.svg","https://cdn.jsdelivr.net/gh/bryllim/workout-guide@ba0b709cb20430361b2cb33aaadd20998164a916/packages/workout-guide/assets/good-morning/frame-3.svg","both"
"695","glutes/low-glute-bridge-on-floor","Low Glute Bridge On Floor","bodyweight","glutes","strength","true","https://cdn.jsdelivr.net/gh/JahelCuadrado/ExerciseGymGifsDB@v1.1.0/glutes/low-glute-bridge-on-floor.gif","","","","","","gif_only"
"696","glutes/lunge-with-jump","Lunge With Jump","bodyweight","glutes","plyometrics","true","https://cdn.jsdelivr.net/gh/JahelCuadrado/ExerciseGymGifsDB@v1.1.0/glutes/lunge-with-jump.gif","","","","","","gif_only"
"697","glutes/march-sit-wall","March Sit Wall","bodyweight","glutes","strength","true","https://cdn.jsdelivr.net/gh/JahelCuadrado/ExerciseGymGifsDB@v1.1.0/glutes/march-sit-wall.gif","wall-sit","fuzzy(0.67)","https://cdn.jsdelivr.net/gh/bryllim/workout-guide@ba0b709cb20430361b2cb33aaadd20998164a916/packages/workout-guide/assets/wall-sit/frame-1.svg","https://cdn.jsdelivr.net/gh/bryllim/workout-guide@ba0b709cb20430361b2cb33aaadd20998164a916/packages/workout-guide/assets/wall-sit/frame-2.svg","https://cdn.jsdelivr.net/gh/bryllim/workout-guide@ba0b709cb20430361b2cb33aaadd20998164a916/packages/workout-guide/assets/wall-sit/frame-3.svg","both"
"698","glutes/monster-walk","Monster Walk","bodyweight","glutes","strength","true","https://cdn.jsdelivr.net/gh/JahelCuadrado/ExerciseGymGifsDB@v1.1.0/glutes/monster-walk.gif","banded-monster-walk","fuzzy(0.67)","https://cdn.jsdelivr.net/gh/bryllim/workout-guide@ba0b709cb20430361b2cb33aaadd20998164a916/packages/workout-guide/assets/banded-monster-walk/frame-1.svg","https://cdn.jsdelivr.net/gh/bryllim/workout-guide@ba0b709cb20430361b2cb33aaadd20998164a916/packages/workout-guide/assets/banded-monster-walk/frame-2.svg","https://cdn.jsdelivr.net/gh/bryllim/workout-guide@ba0b709cb20430361b2cb33aaadd20998164a916/packages/workout-guide/assets/banded-monster-walk/frame-3.svg","both"
"699","glutes/one-leg-squat","One Leg Squat","bodyweight","glutes","strength","true","https://cdn.jsdelivr.net/gh/JahelCuadrado/ExerciseGymGifsDB@v1.1.0/glutes/one-leg-squat.gif","","","","","","gif_only"
"700","glutes/outside-leg-kick-push-up","Outside Leg Kick Push Up","bodyweight","glutes","strength","true","https://cdn.jsdelivr.net/gh/JahelCuadrado/ExerciseGymGifsDB@v1.1.0/glutes/outside-leg-kick-push-up.gif","","","","","","gif_only"
"701","glutes/pelvic-tilt-into-bridge","Pelvic Tilt Into Bridge","bodyweight","glutes","strength","true","https://cdn.jsdelivr.net/gh/JahelCuadrado/ExerciseGymGifsDB@v1.1.0/glutes/pelvic-tilt-into-bridge.gif","","","","","","gif_only"
"702","glutes/pike-to-cobra-push-up","Pike To Cobra Push Up","bodyweight","glutes","strength","true","https://cdn.jsdelivr.net/gh/JahelCuadrado/ExerciseGymGifsDB@v1.1.0/glutes/pike-to-cobra-push-up.gif","pike-push-up","fuzzy(0.60)","https://cdn.jsdelivr.net/gh/bryllim/workout-guide@ba0b709cb20430361b2cb33aaadd20998164a916/packages/workout-guide/assets/pike-push-up/frame-1.svg","https://cdn.jsdelivr.net/gh/bryllim/workout-guide@ba0b709cb20430361b2cb33aaadd20998164a916/packages/workout-guide/assets/pike-push-up/frame-2.svg","https://cdn.jsdelivr.net/gh/bryllim/workout-guide@ba0b709cb20430361b2cb33aaadd20998164a916/packages/workout-guide/assets/pike-push-up/frame-3.svg","both"
"703","glutes/potty-squat-with-support","Potty Squat With Support","bodyweight","glutes","strength","true","https://cdn.jsdelivr.net/gh/JahelCuadrado/ExerciseGymGifsDB@v1.1.0/glutes/potty-squat-with-support.gif","","","","","","gif_only"
"704","glutes/push-up-inside-leg-kick","Push Up Inside Leg Kick","bodyweight","glutes","strength","true","https://cdn.jsdelivr.net/gh/JahelCuadrado/ExerciseGymGifsDB@v1.1.0/glutes/push-up-inside-leg-kick.gif","","","","","","gif_only"
"705","glutes/rear-decline-bridge","Rear Decline Bridge","bodyweight","glutes","strength","true","https://cdn.jsdelivr.net/gh/JahelCuadrado/ExerciseGymGifsDB@v1.1.0/glutes/rear-decline-bridge.gif","","","","","","gif_only"
"706","glutes/resistance-band-hip-thrusts-on-knees-female","Resistance Band Hip Thrusts On Knees Female","band","glutes","strength","true","https://cdn.jsdelivr.net/gh/JahelCuadrado/ExerciseGymGifsDB@v1.1.0/glutes/resistance-band-hip-thrusts-on-knees-female.gif","","","","","","gif_only"
"707","glutes/reverse-hyper-extension-on-stability-ball","Reverse Hyper Extension On Stability Ball","bodyweight","glutes","strength","true","https://cdn.jsdelivr.net/gh/JahelCuadrado/ExerciseGymGifsDB@v1.1.0/glutes/reverse-hyper-extension-on-stability-ball.gif","","","","","","gif_only"
"708","glutes/reverse-hyper-on-flat-bench","Reverse Hyper On Flat Bench","bodyweight","glutes","strength","true","https://cdn.jsdelivr.net/gh/JahelCuadrado/ExerciseGymGifsDB@v1.1.0/glutes/reverse-hyper-on-flat-bench.gif","","","","","","gif_only"
"709","glutes/rocking-frog-stretch","Rocking Frog Stretch","bodyweight","glutes","stretching","true","https://cdn.jsdelivr.net/gh/JahelCuadrado/ExerciseGymGifsDB@v1.1.0/glutes/rocking-frog-stretch.gif","","","","","","gif_only"
"710","glutes/roller-hip-lat-stretch","Roller Hip Lat Stretch","bodyweight","glutes","stretching","true","https://cdn.jsdelivr.net/gh/JahelCuadrado/ExerciseGymGifsDB@v1.1.0/glutes/roller-hip-lat-stretch.gif","","","","","","gif_only"
"711","glutes/roller-hip-stretch","Roller Hip Stretch","bodyweight","glutes","stretching","true","https://cdn.jsdelivr.net/gh/JahelCuadrado/ExerciseGymGifsDB@v1.1.0/glutes/roller-hip-stretch.gif","","","","","","gif_only"
"712","glutes/seated-glute-stretch","Seated Glute Stretch","bodyweight","glutes","stretching","true","https://cdn.jsdelivr.net/gh/JahelCuadrado/ExerciseGymGifsDB@v1.1.0/glutes/seated-glute-stretch.gif","","","","","","gif_only"
"713","glutes/seated-piriformis-stretch","Seated Piriformis Stretch","bodyweight","glutes","stretching","true","https://cdn.jsdelivr.net/gh/JahelCuadrado/ExerciseGymGifsDB@v1.1.0/glutes/seated-piriformis-stretch.gif","","","","","","gif_only"
"714","glutes/single-leg-bridge-with-outstretched-leg","Single Leg Bridge With Outstretched Leg","bodyweight","glutes","strength","true","https://cdn.jsdelivr.net/gh/JahelCuadrado/ExerciseGymGifsDB@v1.1.0/glutes/single-leg-bridge-with-outstretched-leg.gif","single-leg-glute-bridge","fuzzy(0.50)","https://cdn.jsdelivr.net/gh/bryllim/workout-guide@ba0b709cb20430361b2cb33aaadd20998164a916/packages/workout-guide/assets/single-leg-glute-bridge/frame-1.svg","https://cdn.jsdelivr.net/gh/bryllim/workout-guide@ba0b709cb20430361b2cb33aaadd20998164a916/packages/workout-guide/assets/single-leg-glute-bridge/frame-2.svg","https://cdn.jsdelivr.net/gh/bryllim/workout-guide@ba0b709cb20430361b2cb33aaadd20998164a916/packages/workout-guide/assets/single-leg-glute-bridge/frame-3.svg","both"
"715","glutes/single-leg-squat-pistol-male","Single Leg Squat Pistol Male","bodyweight","glutes","strength","true","https://cdn.jsdelivr.net/gh/JahelCuadrado/ExerciseGymGifsDB@v1.1.0/glutes/single-leg-squat-pistol-male.gif","single-leg-box-squat","fuzzy(0.50)","https://cdn.jsdelivr.net/gh/bryllim/workout-guide@ba0b709cb20430361b2cb33aaadd20998164a916/packages/workout-guide/assets/single-leg-box-squat/frame-1.svg","https://cdn.jsdelivr.net/gh/bryllim/workout-guide@ba0b709cb20430361b2cb33aaadd20998164a916/packages/workout-guide/assets/single-leg-box-squat/frame-2.svg","https://cdn.jsdelivr.net/gh/bryllim/workout-guide@ba0b709cb20430361b2cb33aaadd20998164a916/packages/workout-guide/assets/single-leg-box-squat/frame-3.svg","both"
"716","glutes/sled-45-degrees-one-leg-press","Sled 45 Degrees One Leg Press","sled","glutes","strength","true","https://cdn.jsdelivr.net/gh/JahelCuadrado/ExerciseGymGifsDB@v1.1.0/glutes/sled-45-degrees-one-leg-press.gif","","","","","","gif_only"
"717","glutes/sled-45-leg-press-back-pov","Sled 45 Leg Press Back Pov","sled","glutes","strength","true","https://cdn.jsdelivr.net/gh/JahelCuadrado/ExerciseGymGifsDB@v1.1.0/glutes/sled-45-leg-press-back-pov.gif","","","","","","gif_only"
"718","glutes/sled-45-leg-press-side-pov","Sled 45 Leg Press Side Pov","sled","glutes","strength","true","https://cdn.jsdelivr.net/gh/JahelCuadrado/ExerciseGymGifsDB@v1.1.0/glutes/sled-45-leg-press-side-pov.gif","","","","","","gif_only"
"719","glutes/sled-45-leg-press","Sled 45 Leg Press","sled","glutes","strength","true","https://cdn.jsdelivr.net/gh/JahelCuadrado/ExerciseGymGifsDB@v1.1.0/glutes/sled-45-leg-press.gif","leg-press","fuzzy(0.50)","https://cdn.jsdelivr.net/gh/bryllim/workout-guide@ba0b709cb20430361b2cb33aaadd20998164a916/packages/workout-guide/assets/leg-press/frame-1.svg","https://cdn.jsdelivr.net/gh/bryllim/workout-guide@ba0b709cb20430361b2cb33aaadd20998164a916/packages/workout-guide/assets/leg-press/frame-2.svg","https://cdn.jsdelivr.net/gh/bryllim/workout-guide@ba0b709cb20430361b2cb33aaadd20998164a916/packages/workout-guide/assets/leg-press/frame-3.svg","both"
"720","glutes/sled-45-leg-wide-press","Sled 45 Leg Wide Press","sled","glutes","strength","true","https://cdn.jsdelivr.net/gh/JahelCuadrado/ExerciseGymGifsDB@v1.1.0/glutes/sled-45-leg-wide-press.gif","","","","","","gif_only"
"721","glutes/sled-closer-hack-squat","Sled Closer Hack Squat","lever","glutes","strength","true","https://cdn.jsdelivr.net/gh/JahelCuadrado/ExerciseGymGifsDB@v1.1.0/glutes/sled-closer-hack-squat.gif","hack-squat","fuzzy(0.50)","https://cdn.jsdelivr.net/gh/bryllim/workout-guide@ba0b709cb20430361b2cb33aaadd20998164a916/packages/workout-guide/assets/hack-squat/frame-1.svg","https://cdn.jsdelivr.net/gh/bryllim/workout-guide@ba0b709cb20430361b2cb33aaadd20998164a916/packages/workout-guide/assets/hack-squat/frame-2.svg","https://cdn.jsdelivr.net/gh/bryllim/workout-guide@ba0b709cb20430361b2cb33aaadd20998164a916/packages/workout-guide/assets/hack-squat/frame-3.svg","both"
"722","glutes/sled-hack-squat","Sled Hack Squat","lever","glutes","strength","true","https://cdn.jsdelivr.net/gh/JahelCuadrado/ExerciseGymGifsDB@v1.1.0/glutes/sled-hack-squat.gif","hack-squat","fuzzy(0.67)","https://cdn.jsdelivr.net/gh/bryllim/workout-guide@ba0b709cb20430361b2cb33aaadd20998164a916/packages/workout-guide/assets/hack-squat/frame-1.svg","https://cdn.jsdelivr.net/gh/bryllim/workout-guide@ba0b709cb20430361b2cb33aaadd20998164a916/packages/workout-guide/assets/hack-squat/frame-2.svg","https://cdn.jsdelivr.net/gh/bryllim/workout-guide@ba0b709cb20430361b2cb33aaadd20998164a916/packages/workout-guide/assets/hack-squat/frame-3.svg","both"
"723","glutes/sled-lying-squat","Sled Lying Squat","sled","glutes","strength","true","https://cdn.jsdelivr.net/gh/JahelCuadrado/ExerciseGymGifsDB@v1.1.0/glutes/sled-lying-squat.gif","","","","","","gif_only"
"724","glutes/smith-bent-knee-good-morning","Smith Bent Knee Good Morning","smith","glutes","strength","true","https://cdn.jsdelivr.net/gh/JahelCuadrado/ExerciseGymGifsDB@v1.1.0/glutes/smith-bent-knee-good-morning.gif","good-morning","fuzzy(0.50)","https://cdn.jsdelivr.net/gh/bryllim/workout-guide@ba0b709cb20430361b2cb33aaadd20998164a916/packages/workout-guide/assets/good-morning/frame-1.svg","https://cdn.jsdelivr.net/gh/bryllim/workout-guide@ba0b709cb20430361b2cb33aaadd20998164a916/packages/workout-guide/assets/good-morning/frame-2.svg","https://cdn.jsdelivr.net/gh/bryllim/workout-guide@ba0b709cb20430361b2cb33aaadd20998164a916/packages/workout-guide/assets/good-morning/frame-3.svg","both"
"725","glutes/smith-deadlift","Smith Deadlift","smith","glutes","strength","true","https://cdn.jsdelivr.net/gh/JahelCuadrado/ExerciseGymGifsDB@v1.1.0/glutes/smith-deadlift.gif","deadlift","exact","https://cdn.jsdelivr.net/gh/bryllim/workout-guide@ba0b709cb20430361b2cb33aaadd20998164a916/packages/workout-guide/assets/deadlift/frame-1.svg","https://cdn.jsdelivr.net/gh/bryllim/workout-guide@ba0b709cb20430361b2cb33aaadd20998164a916/packages/workout-guide/assets/deadlift/frame-2.svg","https://cdn.jsdelivr.net/gh/bryllim/workout-guide@ba0b709cb20430361b2cb33aaadd20998164a916/packages/workout-guide/assets/deadlift/frame-3.svg","both"
"726","glutes/smith-front-squat-clean-grip","Smith Front Squat Clean Grip","smith","glutes","strength","true","https://cdn.jsdelivr.net/gh/JahelCuadrado/ExerciseGymGifsDB@v1.1.0/glutes/smith-front-squat-clean-grip.gif","front-squat","fuzzy(0.50)","https://cdn.jsdelivr.net/gh/bryllim/workout-guide@ba0b709cb20430361b2cb33aaadd20998164a916/packages/workout-guide/assets/front-squat/frame-1.svg","https://cdn.jsdelivr.net/gh/bryllim/workout-guide@ba0b709cb20430361b2cb33aaadd20998164a916/packages/workout-guide/assets/front-squat/frame-2.svg","https://cdn.jsdelivr.net/gh/bryllim/workout-guide@ba0b709cb20430361b2cb33aaadd20998164a916/packages/workout-guide/assets/front-squat/frame-3.svg","both"
"727","glutes/smith-full-squat","Smith Full Squat","smith","glutes","strength","true","https://cdn.jsdelivr.net/gh/JahelCuadrado/ExerciseGymGifsDB@v1.1.0/glutes/smith-full-squat.gif","squat","fuzzy(0.50)","https://cdn.jsdelivr.net/gh/bryllim/workout-guide@ba0b709cb20430361b2cb33aaadd20998164a916/packages/workout-guide/assets/squat/frame-1.svg","https://cdn.jsdelivr.net/gh/bryllim/workout-guide@ba0b709cb20430361b2cb33aaadd20998164a916/packages/workout-guide/assets/squat/frame-2.svg","https://cdn.jsdelivr.net/gh/bryllim/workout-guide@ba0b709cb20430361b2cb33aaadd20998164a916/packages/workout-guide/assets/squat/frame-3.svg","both"
"728","glutes/smith-hack-squat","Smith Hack Squat","smith","glutes","strength","true","https://cdn.jsdelivr.net/gh/JahelCuadrado/ExerciseGymGifsDB@v1.1.0/glutes/smith-hack-squat.gif","hack-squat","exact","https://cdn.jsdelivr.net/gh/bryllim/workout-guide@ba0b709cb20430361b2cb33aaadd20998164a916/packages/workout-guide/assets/hack-squat/frame-1.svg","https://cdn.jsdelivr.net/gh/bryllim/workout-guide@ba0b709cb20430361b2cb33aaadd20998164a916/packages/workout-guide/assets/hack-squat/frame-2.svg","https://cdn.jsdelivr.net/gh/bryllim/workout-guide@ba0b709cb20430361b2cb33aaadd20998164a916/packages/workout-guide/assets/hack-squat/frame-3.svg","both"
"729","glutes/smith-leg-press","Smith Leg Press","smith","glutes","strength","true","https://cdn.jsdelivr.net/gh/JahelCuadrado/ExerciseGymGifsDB@v1.1.0/glutes/smith-leg-press.gif","leg-press","exact","https://cdn.jsdelivr.net/gh/bryllim/workout-guide@ba0b709cb20430361b2cb33aaadd20998164a916/packages/workout-guide/assets/leg-press/frame-1.svg","https://cdn.jsdelivr.net/gh/bryllim/workout-guide@ba0b709cb20430361b2cb33aaadd20998164a916/packages/workout-guide/assets/leg-press/frame-2.svg","https://cdn.jsdelivr.net/gh/bryllim/workout-guide@ba0b709cb20430361b2cb33aaadd20998164a916/packages/workout-guide/assets/leg-press/frame-3.svg","both"
"730","glutes/smith-low-bar-squat","Smith Low Bar Squat","smith","glutes","strength","true","https://cdn.jsdelivr.net/gh/JahelCuadrado/ExerciseGymGifsDB@v1.1.0/glutes/smith-low-bar-squat.gif","squat","fuzzy(0.50)","https://cdn.jsdelivr.net/gh/bryllim/workout-guide@ba0b709cb20430361b2cb33aaadd20998164a916/packages/workout-guide/assets/squat/frame-1.svg","https://cdn.jsdelivr.net/gh/bryllim/workout-guide@ba0b709cb20430361b2cb33aaadd20998164a916/packages/workout-guide/assets/squat/frame-2.svg","https://cdn.jsdelivr.net/gh/bryllim/workout-guide@ba0b709cb20430361b2cb33aaadd20998164a916/packages/workout-guide/assets/squat/frame-3.svg","both"
"731","glutes/smith-sprint-lunge","Smith Sprint Lunge","smith","glutes","strength","true","https://cdn.jsdelivr.net/gh/JahelCuadrado/ExerciseGymGifsDB@v1.1.0/glutes/smith-sprint-lunge.gif","","","","","","gif_only"
"732","glutes/smith-squat","Smith Squat","smith","glutes","strength","true","https://cdn.jsdelivr.net/gh/JahelCuadrado/ExerciseGymGifsDB@v1.1.0/glutes/smith-squat.gif","squat","exact","https://cdn.jsdelivr.net/gh/bryllim/workout-guide@ba0b709cb20430361b2cb33aaadd20998164a916/packages/workout-guide/assets/squat/frame-1.svg","https://cdn.jsdelivr.net/gh/bryllim/workout-guide@ba0b709cb20430361b2cb33aaadd20998164a916/packages/workout-guide/assets/squat/frame-2.svg","https://cdn.jsdelivr.net/gh/bryllim/workout-guide@ba0b709cb20430361b2cb33aaadd20998164a916/packages/workout-guide/assets/squat/frame-3.svg","both"
"733","glutes/smith-sumo-squat","Smith Sumo Squat","smith","glutes","strength","true","https://cdn.jsdelivr.net/gh/JahelCuadrado/ExerciseGymGifsDB@v1.1.0/glutes/smith-sumo-squat.gif","dumbbell-sumo-squat","fuzzy(0.67)","https://cdn.jsdelivr.net/gh/bryllim/workout-guide@ba0b709cb20430361b2cb33aaadd20998164a916/packages/workout-guide/assets/dumbbell-sumo-squat/frame-1.svg","https://cdn.jsdelivr.net/gh/bryllim/workout-guide@ba0b709cb20430361b2cb33aaadd20998164a916/packages/workout-guide/assets/dumbbell-sumo-squat/frame-2.svg","https://cdn.jsdelivr.net/gh/bryllim/workout-guide@ba0b709cb20430361b2cb33aaadd20998164a916/packages/workout-guide/assets/dumbbell-sumo-squat/frame-3.svg","both"
"734","glutes/spider-crawl-push-up","Spider Crawl Push Up","bodyweight","glutes","strength","true","https://cdn.jsdelivr.net/gh/JahelCuadrado/ExerciseGymGifsDB@v1.1.0/glutes/spider-crawl-push-up.gif","push-up","fuzzy(0.50)","https://cdn.jsdelivr.net/gh/bryllim/workout-guide@ba0b709cb20430361b2cb33aaadd20998164a916/packages/workout-guide/assets/push-up/frame-1.svg","https://cdn.jsdelivr.net/gh/bryllim/workout-guide@ba0b709cb20430361b2cb33aaadd20998164a916/packages/workout-guide/assets/push-up/frame-2.svg","https://cdn.jsdelivr.net/gh/bryllim/workout-guide@ba0b709cb20430361b2cb33aaadd20998164a916/packages/workout-guide/assets/push-up/frame-3.svg","both"
"735","glutes/swimmer-kicks-v-2-male","Swimmer Kicks v2 Male","bodyweight","glutes","strength","true","https://cdn.jsdelivr.net/gh/JahelCuadrado/ExerciseGymGifsDB@v1.1.0/glutes/swimmer-kicks-v-2-male.gif","","","","","","gif_only"
"736","glutes/tire-flip","Tire Flip","bodyweight","glutes","strength","true","https://cdn.jsdelivr.net/gh/JahelCuadrado/ExerciseGymGifsDB@v1.1.0/glutes/tire-flip.gif","","","","","","gif_only"
"737","glutes/trap-bar-deadlift","Trap Bar Deadlift","barbell","glutes","strength","true","https://cdn.jsdelivr.net/gh/JahelCuadrado/ExerciseGymGifsDB@v1.1.0/glutes/trap-bar-deadlift.gif","trap-bar-deadlift","exact","https://cdn.jsdelivr.net/gh/bryllim/workout-guide@ba0b709cb20430361b2cb33aaadd20998164a916/packages/workout-guide/assets/trap-bar-deadlift/frame-1.svg","https://cdn.jsdelivr.net/gh/bryllim/workout-guide@ba0b709cb20430361b2cb33aaadd20998164a916/packages/workout-guide/assets/trap-bar-deadlift/frame-2.svg","https://cdn.jsdelivr.net/gh/bryllim/workout-guide@ba0b709cb20430361b2cb33aaadd20998164a916/packages/workout-guide/assets/trap-bar-deadlift/frame-3.svg","both"
"738","glutes/twist-hip-lift","Twist Hip Lift","bodyweight","glutes","strength","true","https://cdn.jsdelivr.net/gh/JahelCuadrado/ExerciseGymGifsDB@v1.1.0/glutes/twist-hip-lift.gif","","","","","","gif_only"
"739","glutes/walking-lunge","Walking Lunge","bodyweight","glutes","strength","true","https://cdn.jsdelivr.net/gh/JahelCuadrado/ExerciseGymGifsDB@v1.1.0/glutes/walking-lunge.gif","walking-lunge","exact","https://cdn.jsdelivr.net/gh/bryllim/workout-guide@ba0b709cb20430361b2cb33aaadd20998164a916/packages/workout-guide/assets/walking-lunge/frame-1.svg","https://cdn.jsdelivr.net/gh/bryllim/workout-guide@ba0b709cb20430361b2cb33aaadd20998164a916/packages/workout-guide/assets/walking-lunge/frame-2.svg","https://cdn.jsdelivr.net/gh/bryllim/workout-guide@ba0b709cb20430361b2cb33aaadd20998164a916/packages/workout-guide/assets/walking-lunge/frame-3.svg","both"
"740","glutes/weighted-cossack-squats-male","Weighted Cossack Squats Male","bodyweight","glutes","strength","true","https://cdn.jsdelivr.net/gh/JahelCuadrado/ExerciseGymGifsDB@v1.1.0/glutes/weighted-cossack-squats-male.gif","cossack-squat","fuzzy(0.67)","https://cdn.jsdelivr.net/gh/bryllim/workout-guide@ba0b709cb20430361b2cb33aaadd20998164a916/packages/workout-guide/assets/cossack-squat/frame-1.svg","https://cdn.jsdelivr.net/gh/bryllim/workout-guide@ba0b709cb20430361b2cb33aaadd20998164a916/packages/workout-guide/assets/cossack-squat/frame-2.svg","https://cdn.jsdelivr.net/gh/bryllim/workout-guide@ba0b709cb20430361b2cb33aaadd20998164a916/packages/workout-guide/assets/cossack-squat/frame-3.svg","both"
"741","glutes/weighted-lunge-with-swing","Weighted Lunge With Swing","bodyweight","glutes","strength","true","https://cdn.jsdelivr.net/gh/JahelCuadrado/ExerciseGymGifsDB@v1.1.0/glutes/weighted-lunge-with-swing.gif","","","","","","gif_only"
"742","glutes/weighted-squat","Weighted Squat","bodyweight","glutes","strength","true","https://cdn.jsdelivr.net/gh/JahelCuadrado/ExerciseGymGifsDB@v1.1.0/glutes/weighted-squat.gif","squat","exact","https://cdn.jsdelivr.net/gh/bryllim/workout-guide@ba0b709cb20430361b2cb33aaadd20998164a916/packages/workout-guide/assets/squat/frame-1.svg","https://cdn.jsdelivr.net/gh/bryllim/workout-guide@ba0b709cb20430361b2cb33aaadd20998164a916/packages/workout-guide/assets/squat/frame-2.svg","https://cdn.jsdelivr.net/gh/bryllim/workout-guide@ba0b709cb20430361b2cb33aaadd20998164a916/packages/workout-guide/assets/squat/frame-3.svg","both"
"743","glutes/weighted-stretch-lunge","Weighted Stretch Lunge","bodyweight","glutes","stretching","true","https://cdn.jsdelivr.net/gh/JahelCuadrado/ExerciseGymGifsDB@v1.1.0/glutes/weighted-stretch-lunge.gif","","","","","","gif_only"
"744","hamstrings/assisted-prone-hamstring","Assisted Prone Hamstring","bodyweight","hamstrings","strength","true","https://cdn.jsdelivr.net/gh/JahelCuadrado/ExerciseGymGifsDB@v1.1.0/hamstrings/assisted-prone-hamstring.gif","","","","","","gif_only"
"745","hamstrings/barbell-good-morning","Barbell Good Morning","barbell","hamstrings","strength","true","https://cdn.jsdelivr.net/gh/JahelCuadrado/ExerciseGymGifsDB@v1.1.0/hamstrings/barbell-good-morning.gif","good-morning","exact","https://cdn.jsdelivr.net/gh/bryllim/workout-guide@ba0b709cb20430361b2cb33aaadd20998164a916/packages/workout-guide/assets/good-morning/frame-1.svg","https://cdn.jsdelivr.net/gh/bryllim/workout-guide@ba0b709cb20430361b2cb33aaadd20998164a916/packages/workout-guide/assets/good-morning/frame-2.svg","https://cdn.jsdelivr.net/gh/bryllim/workout-guide@ba0b709cb20430361b2cb33aaadd20998164a916/packages/workout-guide/assets/good-morning/frame-3.svg","both"
"746","hamstrings/barbell-straight-leg-deadlift","Barbell Straight Leg Deadlift","barbell","hamstrings","strength","true","https://cdn.jsdelivr.net/gh/JahelCuadrado/ExerciseGymGifsDB@v1.1.0/hamstrings/barbell-straight-leg-deadlift.gif","","","","","","gif_only"
"747","hamstrings/cable-assisted-inverse-leg-curl","Cable Assisted Inverse Leg Curl","cable","hamstrings","strength","true","https://cdn.jsdelivr.net/gh/JahelCuadrado/ExerciseGymGifsDB@v1.1.0/hamstrings/cable-assisted-inverse-leg-curl.gif","leg-curl","fuzzy(0.67)","https://cdn.jsdelivr.net/gh/bryllim/workout-guide@ba0b709cb20430361b2cb33aaadd20998164a916/packages/workout-guide/assets/leg-curl/frame-1.svg","https://cdn.jsdelivr.net/gh/bryllim/workout-guide@ba0b709cb20430361b2cb33aaadd20998164a916/packages/workout-guide/assets/leg-curl/frame-2.svg","https://cdn.jsdelivr.net/gh/bryllim/workout-guide@ba0b709cb20430361b2cb33aaadd20998164a916/packages/workout-guide/assets/leg-curl/frame-3.svg","both"
"748","hamstrings/dumbbell-lying-femoral","Dumbbell Lying Femoral","dumbbell","hamstrings","strength","true","https://cdn.jsdelivr.net/gh/JahelCuadrado/ExerciseGymGifsDB@v1.1.0/hamstrings/dumbbell-lying-femoral.gif","","","","","","gif_only"
"749","hamstrings/exercise-ball-seated-hamstring-stretch","Exercise Ball Seated Hamstring Stretch","bodyweight","hamstrings","stretching","true","https://cdn.jsdelivr.net/gh/JahelCuadrado/ExerciseGymGifsDB@v1.1.0/hamstrings/exercise-ball-seated-hamstring-stretch.gif","","","","","","gif_only"
"750","hamstrings/glute-ham-raise","Glute Ham Raise","bodyweight","hamstrings","strength","true","https://cdn.jsdelivr.net/gh/JahelCuadrado/ExerciseGymGifsDB@v1.1.0/hamstrings/glute-ham-raise.gif","","","","","","gif_only"
"751","hamstrings/hamstring-stretch","Hamstring Stretch","bodyweight","hamstrings","stretching","true","https://cdn.jsdelivr.net/gh/JahelCuadrado/ExerciseGymGifsDB@v1.1.0/hamstrings/hamstring-stretch.gif","hamstring-stretch","exact","https://cdn.jsdelivr.net/gh/bryllim/workout-guide@ba0b709cb20430361b2cb33aaadd20998164a916/packages/workout-guide/assets/hamstring-stretch/frame-1.svg","https://cdn.jsdelivr.net/gh/bryllim/workout-guide@ba0b709cb20430361b2cb33aaadd20998164a916/packages/workout-guide/assets/hamstring-stretch/frame-2.svg","https://cdn.jsdelivr.net/gh/bryllim/workout-guide@ba0b709cb20430361b2cb33aaadd20998164a916/packages/workout-guide/assets/hamstring-stretch/frame-3.svg","both"
"752","hamstrings/inverse-leg-curl-bench-support","Inverse Leg Curl Bench Support","bodyweight","hamstrings","strength","true","https://cdn.jsdelivr.net/gh/JahelCuadrado/ExerciseGymGifsDB@v1.1.0/hamstrings/inverse-leg-curl-bench-support.gif","","","","","","gif_only"
"753","hamstrings/inverse-leg-curl-on-pull-up-cable-machine","Inverse Leg Curl On Pull Up Cable Machine","cable","hamstrings","strength","true","https://cdn.jsdelivr.net/gh/JahelCuadrado/ExerciseGymGifsDB@v1.1.0/hamstrings/inverse-leg-curl-on-pull-up-cable-machine.gif","","","","","","gif_only"
"754","hamstrings/kettlebell-hang-clean","Kettlebell Hang Clean","kettlebell","hamstrings","strength","true","https://cdn.jsdelivr.net/gh/JahelCuadrado/ExerciseGymGifsDB@v1.1.0/hamstrings/kettlebell-hang-clean.gif","","","","","","gif_only"
"755","hamstrings/kick-out-sit","Kick Out Sit","bodyweight","hamstrings","strength","true","https://cdn.jsdelivr.net/gh/JahelCuadrado/ExerciseGymGifsDB@v1.1.0/hamstrings/kick-out-sit.gif","","","","","","gif_only"
"756","hamstrings/leg-up-hamstring-stretch","Leg Up Hamstring Stretch","bodyweight","hamstrings","stretching","true","https://cdn.jsdelivr.net/gh/JahelCuadrado/ExerciseGymGifsDB@v1.1.0/hamstrings/leg-up-hamstring-stretch.gif","hamstring-stretch","fuzzy(0.50)","https://cdn.jsdelivr.net/gh/bryllim/workout-guide@ba0b709cb20430361b2cb33aaadd20998164a916/packages/workout-guide/assets/hamstring-stretch/frame-1.svg","https://cdn.jsdelivr.net/gh/bryllim/workout-guide@ba0b709cb20430361b2cb33aaadd20998164a916/packages/workout-guide/assets/hamstring-stretch/frame-2.svg","https://cdn.jsdelivr.net/gh/bryllim/workout-guide@ba0b709cb20430361b2cb33aaadd20998164a916/packages/workout-guide/assets/hamstring-stretch/frame-3.svg","both"
"757","hamstrings/lever-kneeling-leg-curl","Lever Kneeling Leg Curl","lever","hamstrings","strength","true","https://cdn.jsdelivr.net/gh/JahelCuadrado/ExerciseGymGifsDB@v1.1.0/hamstrings/lever-kneeling-leg-curl.gif","leg-curl","fuzzy(0.67)","https://cdn.jsdelivr.net/gh/bryllim/workout-guide@ba0b709cb20430361b2cb33aaadd20998164a916/packages/workout-guide/assets/leg-curl/frame-1.svg","https://cdn.jsdelivr.net/gh/bryllim/workout-guide@ba0b709cb20430361b2cb33aaadd20998164a916/packages/workout-guide/assets/leg-curl/frame-2.svg","https://cdn.jsdelivr.net/gh/bryllim/workout-guide@ba0b709cb20430361b2cb33aaadd20998164a916/packages/workout-guide/assets/leg-curl/frame-3.svg","both"
"758","hamstrings/lever-lying-leg-curl","Lever Lying Leg Curl","lever","hamstrings","strength","true","https://cdn.jsdelivr.net/gh/JahelCuadrado/ExerciseGymGifsDB@v1.1.0/hamstrings/lever-lying-leg-curl.gif","lying-leg-curl","exact","https://cdn.jsdelivr.net/gh/bryllim/workout-guide@ba0b709cb20430361b2cb33aaadd20998164a916/packages/workout-guide/assets/lying-leg-curl/frame-1.svg","https://cdn.jsdelivr.net/gh/bryllim/workout-guide@ba0b709cb20430361b2cb33aaadd20998164a916/packages/workout-guide/assets/lying-leg-curl/frame-2.svg","https://cdn.jsdelivr.net/gh/bryllim/workout-guide@ba0b709cb20430361b2cb33aaadd20998164a916/packages/workout-guide/assets/lying-leg-curl/frame-3.svg","both"
"759","hamstrings/lever-lying-two-one-leg-curl","Lever Lying Two One Leg Curl","lever","hamstrings","strength","true","https://cdn.jsdelivr.net/gh/JahelCuadrado/ExerciseGymGifsDB@v1.1.0/hamstrings/lever-lying-two-one-leg-curl.gif","lying-leg-curl","fuzzy(0.60)","https://cdn.jsdelivr.net/gh/bryllim/workout-guide@ba0b709cb20430361b2cb33aaadd20998164a916/packages/workout-guide/assets/lying-leg-curl/frame-1.svg","https://cdn.jsdelivr.net/gh/bryllim/workout-guide@ba0b709cb20430361b2cb33aaadd20998164a916/packages/workout-guide/assets/lying-leg-curl/frame-2.svg","https://cdn.jsdelivr.net/gh/bryllim/workout-guide@ba0b709cb20430361b2cb33aaadd20998164a916/packages/workout-guide/assets/lying-leg-curl/frame-3.svg","both"
"760","hamstrings/lever-seated-leg-curl","Lever Seated Leg Curl","lever","hamstrings","strength","true","https://cdn.jsdelivr.net/gh/JahelCuadrado/ExerciseGymGifsDB@v1.1.0/hamstrings/lever-seated-leg-curl.gif","seated-leg-curl","exact","https://cdn.jsdelivr.net/gh/bryllim/workout-guide@ba0b709cb20430361b2cb33aaadd20998164a916/packages/workout-guide/assets/seated-leg-curl/frame-1.svg","https://cdn.jsdelivr.net/gh/bryllim/workout-guide@ba0b709cb20430361b2cb33aaadd20998164a916/packages/workout-guide/assets/seated-leg-curl/frame-2.svg","https://cdn.jsdelivr.net/gh/bryllim/workout-guide@ba0b709cb20430361b2cb33aaadd20998164a916/packages/workout-guide/assets/seated-leg-curl/frame-3.svg","both"
"761","hamstrings/power-clean","Power Clean","bodyweight","hamstrings","strength","true","https://cdn.jsdelivr.net/gh/JahelCuadrado/ExerciseGymGifsDB@v1.1.0/hamstrings/power-clean.gif","","","","","","gif_only"
"762","hamstrings/reclining-big-toe-pose-with-rope","Reclining Big Toe Pose With Rope","bodyweight","hamstrings","strength","true","https://cdn.jsdelivr.net/gh/JahelCuadrado/ExerciseGymGifsDB@v1.1.0/hamstrings/reclining-big-toe-pose-with-rope.gif","","","","","","gif_only"
"763","hamstrings/runners-stretch","Runners Stretch","bodyweight","hamstrings","stretching","true","https://cdn.jsdelivr.net/gh/JahelCuadrado/ExerciseGymGifsDB@v1.1.0/hamstrings/runners-stretch.gif","","","","","","gif_only"
"764","hamstrings/seated-wide-angle-pose-sequence","Seated Wide Angle Pose Sequence","bodyweight","hamstrings","strength","true","https://cdn.jsdelivr.net/gh/JahelCuadrado/ExerciseGymGifsDB@v1.1.0/hamstrings/seated-wide-angle-pose-sequence.gif","","","","","","gif_only"
"765","hamstrings/self-assisted-inverse-leg-curl-1766","Self Assisted Inverse Leg Curl 1766","bodyweight","hamstrings","strength","true","https://cdn.jsdelivr.net/gh/JahelCuadrado/ExerciseGymGifsDB@v1.1.0/hamstrings/self-assisted-inverse-leg-curl-1766.gif","","","","","","gif_only"
"766","hamstrings/self-assisted-inverse-leg-curl-on-floor","Self Assisted Inverse Leg Curl On Floor","bodyweight","hamstrings","strength","true","https://cdn.jsdelivr.net/gh/JahelCuadrado/ExerciseGymGifsDB@v1.1.0/hamstrings/self-assisted-inverse-leg-curl-on-floor.gif","","","","","","gif_only"
"767","hamstrings/self-assisted-inverse-leg-curl","Self Assisted Inverse Leg Curl","bodyweight","hamstrings","strength","true","https://cdn.jsdelivr.net/gh/JahelCuadrado/ExerciseGymGifsDB@v1.1.0/hamstrings/self-assisted-inverse-leg-curl.gif","leg-curl","fuzzy(0.50)","https://cdn.jsdelivr.net/gh/bryllim/workout-guide@ba0b709cb20430361b2cb33aaadd20998164a916/packages/workout-guide/assets/leg-curl/frame-1.svg","https://cdn.jsdelivr.net/gh/bryllim/workout-guide@ba0b709cb20430361b2cb33aaadd20998164a916/packages/workout-guide/assets/leg-curl/frame-2.svg","https://cdn.jsdelivr.net/gh/bryllim/workout-guide@ba0b709cb20430361b2cb33aaadd20998164a916/packages/workout-guide/assets/leg-curl/frame-3.svg","both"
"768","hamstrings/single-leg-platform-slide","Single Leg Platform Slide","machine","hamstrings","strength","true","https://cdn.jsdelivr.net/gh/JahelCuadrado/ExerciseGymGifsDB@v1.1.0/hamstrings/single-leg-platform-slide.gif","","","","","","gif_only"
"769","hamstrings/standing-hamstring-and-calf-stretch-with-strap","Standing Hamstring And Calf Stretch With Strap","bodyweight","hamstrings","stretching","true","https://cdn.jsdelivr.net/gh/JahelCuadrado/ExerciseGymGifsDB@v1.1.0/hamstrings/standing-hamstring-and-calf-stretch-with-strap.gif","","","","","","gif_only"
"770","hamstrings/standing-single-leg-curl","Standing Single Leg Curl","other","hamstrings","strength","true","https://cdn.jsdelivr.net/gh/JahelCuadrado/ExerciseGymGifsDB@v1.1.0/hamstrings/standing-single-leg-curl.gif","leg-curl","fuzzy(0.50)","https://cdn.jsdelivr.net/gh/bryllim/workout-guide@ba0b709cb20430361b2cb33aaadd20998164a916/packages/workout-guide/assets/leg-curl/frame-1.svg","https://cdn.jsdelivr.net/gh/bryllim/workout-guide@ba0b709cb20430361b2cb33aaadd20998164a916/packages/workout-guide/assets/leg-curl/frame-2.svg","https://cdn.jsdelivr.net/gh/bryllim/workout-guide@ba0b709cb20430361b2cb33aaadd20998164a916/packages/workout-guide/assets/leg-curl/frame-3.svg","both"
"771","hamstrings/world-greatest-stretch","World Greatest Stretch","bodyweight","hamstrings","stretching","true","https://cdn.jsdelivr.net/gh/JahelCuadrado/ExerciseGymGifsDB@v1.1.0/hamstrings/world-greatest-stretch.gif","worlds-greatest-stretch","fuzzy(0.50)","https://cdn.jsdelivr.net/gh/bryllim/workout-guide@ba0b709cb20430361b2cb33aaadd20998164a916/packages/workout-guide/assets/worlds-greatest-stretch/frame-1.svg","https://cdn.jsdelivr.net/gh/bryllim/workout-guide@ba0b709cb20430361b2cb33aaadd20998164a916/packages/workout-guide/assets/worlds-greatest-stretch/frame-2.svg","https://cdn.jsdelivr.net/gh/bryllim/workout-guide@ba0b709cb20430361b2cb33aaadd20998164a916/packages/workout-guide/assets/worlds-greatest-stretch/frame-3.svg","both"
"772","lats/alternate-lateral-pulldown","Alternate Lateral Pulldown","bodyweight","lats","strength","true","https://cdn.jsdelivr.net/gh/JahelCuadrado/ExerciseGymGifsDB@v1.1.0/lats/alternate-lateral-pulldown.gif","","","","","","gif_only"
"773","lats/archer-pull-up","Archer Pull Up","bodyweight","lats","strength","true","https://cdn.jsdelivr.net/gh/JahelCuadrado/ExerciseGymGifsDB@v1.1.0/lats/archer-pull-up.gif","pull-up","fuzzy(0.67)","https://cdn.jsdelivr.net/gh/bryllim/workout-guide@ba0b709cb20430361b2cb33aaadd20998164a916/packages/workout-guide/assets/pull-up/frame-1.svg","https://cdn.jsdelivr.net/gh/bryllim/workout-guide@ba0b709cb20430361b2cb33aaadd20998164a916/packages/workout-guide/assets/pull-up/frame-2.svg","https://cdn.jsdelivr.net/gh/bryllim/workout-guide@ba0b709cb20430361b2cb33aaadd20998164a916/packages/workout-guide/assets/pull-up/frame-3.svg","both"
"774","lats/assisted-parallel-close-grip-pull-up","Assisted Parallel Close Grip Pull Up","bodyweight","lats","strength","true","https://cdn.jsdelivr.net/gh/JahelCuadrado/ExerciseGymGifsDB@v1.1.0/lats/assisted-parallel-close-grip-pull-up.gif","neutral-grip-pull-up","fuzzy(0.50)","https://cdn.jsdelivr.net/gh/bryllim/workout-guide@ba0b709cb20430361b2cb33aaadd20998164a916/packages/workout-guide/assets/neutral-grip-pull-up/frame-1.svg","https://cdn.jsdelivr.net/gh/bryllim/workout-guide@ba0b709cb20430361b2cb33aaadd20998164a916/packages/workout-guide/assets/neutral-grip-pull-up/frame-2.svg","https://cdn.jsdelivr.net/gh/bryllim/workout-guide@ba0b709cb20430361b2cb33aaadd20998164a916/packages/workout-guide/assets/neutral-grip-pull-up/frame-3.svg","both"
"775","lats/assisted-pull-up","Assisted Pull Up","bodyweight","lats","strength","true","https://cdn.jsdelivr.net/gh/JahelCuadrado/ExerciseGymGifsDB@v1.1.0/lats/assisted-pull-up.gif","assisted-pull-up","exact","https://cdn.jsdelivr.net/gh/bryllim/workout-guide@ba0b709cb20430361b2cb33aaadd20998164a916/packages/workout-guide/assets/assisted-pull-up/frame-1.svg","https://cdn.jsdelivr.net/gh/bryllim/workout-guide@ba0b709cb20430361b2cb33aaadd20998164a916/packages/workout-guide/assets/assisted-pull-up/frame-2.svg","https://cdn.jsdelivr.net/gh/bryllim/workout-guide@ba0b709cb20430361b2cb33aaadd20998164a916/packages/workout-guide/assets/assisted-pull-up/frame-3.svg","both"
"776","lats/assisted-standing-chin-up","Assisted Standing Chin Up","bodyweight","lats","strength","true","https://cdn.jsdelivr.net/gh/JahelCuadrado/ExerciseGymGifsDB@v1.1.0/lats/assisted-standing-chin-up.gif","chin-up","fuzzy(0.67)","https://cdn.jsdelivr.net/gh/bryllim/workout-guide@ba0b709cb20430361b2cb33aaadd20998164a916/packages/workout-guide/assets/chin-up/frame-1.svg","https://cdn.jsdelivr.net/gh/bryllim/workout-guide@ba0b709cb20430361b2cb33aaadd20998164a916/packages/workout-guide/assets/chin-up/frame-2.svg","https://cdn.jsdelivr.net/gh/bryllim/workout-guide@ba0b709cb20430361b2cb33aaadd20998164a916/packages/workout-guide/assets/chin-up/frame-3.svg","both"
"777","lats/assisted-standing-pull-up","Assisted Standing Pull Up","bodyweight","lats","strength","true","https://cdn.jsdelivr.net/gh/JahelCuadrado/ExerciseGymGifsDB@v1.1.0/lats/assisted-standing-pull-up.gif","pull-up","fuzzy(0.67)","https://cdn.jsdelivr.net/gh/bryllim/workout-guide@ba0b709cb20430361b2cb33aaadd20998164a916/packages/workout-guide/assets/pull-up/frame-1.svg","https://cdn.jsdelivr.net/gh/bryllim/workout-guide@ba0b709cb20430361b2cb33aaadd20998164a916/packages/workout-guide/assets/pull-up/frame-2.svg","https://cdn.jsdelivr.net/gh/bryllim/workout-guide@ba0b709cb20430361b2cb33aaadd20998164a916/packages/workout-guide/assets/pull-up/frame-3.svg","both"
"778","lats/back-pec-stretch","Back Pec Stretch","bodyweight","lats","stretching","true","https://cdn.jsdelivr.net/gh/JahelCuadrado/ExerciseGymGifsDB@v1.1.0/lats/back-pec-stretch.gif","","","","","","gif_only"
"779","lats/band-assisted-pull-up","Band Assisted Pull Up","band","lats","strength","true","https://cdn.jsdelivr.net/gh/JahelCuadrado/ExerciseGymGifsDB@v1.1.0/lats/band-assisted-pull-up.gif","pull-up","exact","https://cdn.jsdelivr.net/gh/bryllim/workout-guide@ba0b709cb20430361b2cb33aaadd20998164a916/packages/workout-guide/assets/pull-up/frame-1.svg","https://cdn.jsdelivr.net/gh/bryllim/workout-guide@ba0b709cb20430361b2cb33aaadd20998164a916/packages/workout-guide/assets/pull-up/frame-2.svg","https://cdn.jsdelivr.net/gh/bryllim/workout-guide@ba0b709cb20430361b2cb33aaadd20998164a916/packages/workout-guide/assets/pull-up/frame-3.svg","both"
"780","lats/band-close-grip-pulldown","Band Close Grip Pulldown","band","lats","strength","true","https://cdn.jsdelivr.net/gh/JahelCuadrado/ExerciseGymGifsDB@v1.1.0/lats/band-close-grip-pulldown.gif","close-grip-lat-pulldown","fuzzy(0.75)","https://cdn.jsdelivr.net/gh/bryllim/workout-guide@ba0b709cb20430361b2cb33aaadd20998164a916/packages/workout-guide/assets/close-grip-lat-pulldown/frame-1.svg","https://cdn.jsdelivr.net/gh/bryllim/workout-guide@ba0b709cb20430361b2cb33aaadd20998164a916/packages/workout-guide/assets/close-grip-lat-pulldown/frame-2.svg","https://cdn.jsdelivr.net/gh/bryllim/workout-guide@ba0b709cb20430361b2cb33aaadd20998164a916/packages/workout-guide/assets/close-grip-lat-pulldown/frame-3.svg","both"
"781","lats/band-fixed-back-close-grip-pulldown","Band Fixed Back Close Grip Pulldown","band","lats","strength","true","https://cdn.jsdelivr.net/gh/JahelCuadrado/ExerciseGymGifsDB@v1.1.0/lats/band-fixed-back-close-grip-pulldown.gif","close-grip-lat-pulldown","fuzzy(0.50)","https://cdn.jsdelivr.net/gh/bryllim/workout-guide@ba0b709cb20430361b2cb33aaadd20998164a916/packages/workout-guide/assets/close-grip-lat-pulldown/frame-1.svg","https://cdn.jsdelivr.net/gh/bryllim/workout-guide@ba0b709cb20430361b2cb33aaadd20998164a916/packages/workout-guide/assets/close-grip-lat-pulldown/frame-2.svg","https://cdn.jsdelivr.net/gh/bryllim/workout-guide@ba0b709cb20430361b2cb33aaadd20998164a916/packages/workout-guide/assets/close-grip-lat-pulldown/frame-3.svg","both"
"782","lats/band-fixed-back-underhand-pulldown","Band Fixed Back Underhand Pulldown","band","lats","strength","true","https://cdn.jsdelivr.net/gh/JahelCuadrado/ExerciseGymGifsDB@v1.1.0/lats/band-fixed-back-underhand-pulldown.gif","","","","","","gif_only"
"783","lats/band-kneeling-one-arm-pulldown","Band Kneeling One Arm Pulldown","band","lats","strength","true","https://cdn.jsdelivr.net/gh/JahelCuadrado/ExerciseGymGifsDB@v1.1.0/lats/band-kneeling-one-arm-pulldown.gif","","","","","","gif_only"
"784","lats/band-underhand-pulldown","Band Underhand Pulldown","band","lats","strength","true","https://cdn.jsdelivr.net/gh/JahelCuadrado/ExerciseGymGifsDB@v1.1.0/lats/band-underhand-pulldown.gif","","","","","","gif_only"
"785","lats/barbell-bent-arm-pullover","Barbell Bent Arm Pullover","barbell","lats","strength","true","https://cdn.jsdelivr.net/gh/JahelCuadrado/ExerciseGymGifsDB@v1.1.0/lats/barbell-bent-arm-pullover.gif","","","","","","gif_only"
"786","lats/barbell-decline-bent-arm-pullover","Barbell Decline Bent Arm Pullover","barbell","lats","strength","true","https://cdn.jsdelivr.net/gh/JahelCuadrado/ExerciseGymGifsDB@v1.1.0/lats/barbell-decline-bent-arm-pullover.gif","","","","","","gif_only"
"787","lats/barbell-decline-wide-grip-pullover","Barbell Decline Wide Grip Pullover","barbell","lats","strength","true","https://cdn.jsdelivr.net/gh/JahelCuadrado/ExerciseGymGifsDB@v1.1.0/lats/barbell-decline-wide-grip-pullover.gif","","","","","","gif_only"
"788","lats/barbell-pullover-to-press","Barbell Pullover To Press","barbell","lats","strength","true","https://cdn.jsdelivr.net/gh/JahelCuadrado/ExerciseGymGifsDB@v1.1.0/lats/barbell-pullover-to-press.gif","","","","","","gif_only"
"789","lats/barbell-pullover","Barbell Pullover","barbell","lats","strength","true","https://cdn.jsdelivr.net/gh/JahelCuadrado/ExerciseGymGifsDB@v1.1.0/lats/barbell-pullover.gif","","","","","","gif_only"
"790","lats/bench-pull-ups","Bench Pull Ups","bodyweight","lats","strength","true","https://cdn.jsdelivr.net/gh/JahelCuadrado/ExerciseGymGifsDB@v1.1.0/lats/bench-pull-ups.gif","pull-up","fuzzy(0.67)","https://cdn.jsdelivr.net/gh/bryllim/workout-guide@ba0b709cb20430361b2cb33aaadd20998164a916/packages/workout-guide/assets/pull-up/frame-1.svg","https://cdn.jsdelivr.net/gh/bryllim/workout-guide@ba0b709cb20430361b2cb33aaadd20998164a916/packages/workout-guide/assets/pull-up/frame-2.svg","https://cdn.jsdelivr.net/gh/bryllim/workout-guide@ba0b709cb20430361b2cb33aaadd20998164a916/packages/workout-guide/assets/pull-up/frame-3.svg","both"
"791","lats/cable-bar-lateral-pulldown","Cable Bar Lateral Pulldown","cable","lats","strength","true","https://cdn.jsdelivr.net/gh/JahelCuadrado/ExerciseGymGifsDB@v1.1.0/lats/cable-bar-lateral-pulldown.gif","","","","","","gif_only"
"792","lats/cable-cross-over-lateral-pulldown","Cable Cross Over Lateral Pulldown","cable","lats","strength","true","https://cdn.jsdelivr.net/gh/JahelCuadrado/ExerciseGymGifsDB@v1.1.0/lats/cable-cross-over-lateral-pulldown.gif","","","","","","gif_only"
"793","lats/cable-incline-pushdown","Cable Incline Pushdown","cable","lats","strength","true","https://cdn.jsdelivr.net/gh/JahelCuadrado/ExerciseGymGifsDB@v1.1.0/lats/cable-incline-pushdown.gif","","","","","","gif_only"
"794","lats/cable-lat-pulldown-full-range-of-motion","Cable Lat Pulldown Full Range Of Motion","cable","lats","strength","true","https://cdn.jsdelivr.net/gh/JahelCuadrado/ExerciseGymGifsDB@v1.1.0/lats/cable-lat-pulldown-full-range-of-motion.gif","","","","","","gif_only"
"795","lats/cable-lateral-pulldown-with-rope-attachment","Cable Lateral Pulldown With Rope Attachment","cable","lats","strength","true","https://cdn.jsdelivr.net/gh/JahelCuadrado/ExerciseGymGifsDB@v1.1.0/lats/cable-lateral-pulldown-with-rope-attachment.gif","","","","","","gif_only"
"796","lats/cable-lateral-pulldown-with-v-bar","Cable Lateral Pulldown With V Bar","cable","lats","strength","true","https://cdn.jsdelivr.net/gh/JahelCuadrado/ExerciseGymGifsDB@v1.1.0/lats/cable-lateral-pulldown-with-v-bar.gif","","","","","","gif_only"
"797","lats/cable-lying-extension-pullover-with-rope-attachment","Cable Lying Extension Pullover With Rope Attachment","cable","lats","strength","true","https://cdn.jsdelivr.net/gh/JahelCuadrado/ExerciseGymGifsDB@v1.1.0/lats/cable-lying-extension-pullover-with-rope-attachment.gif","","","","","","gif_only"
"798","lats/cable-one-arm-pulldown","Cable One Arm Pulldown","cable","lats","strength","true","https://cdn.jsdelivr.net/gh/JahelCuadrado/ExerciseGymGifsDB@v1.1.0/lats/cable-one-arm-pulldown.gif","straight-arm-pulldown","fuzzy(0.50)","https://cdn.jsdelivr.net/gh/bryllim/workout-guide@ba0b709cb20430361b2cb33aaadd20998164a916/packages/workout-guide/assets/straight-arm-pulldown/frame-1.svg","https://cdn.jsdelivr.net/gh/bryllim/workout-guide@ba0b709cb20430361b2cb33aaadd20998164a916/packages/workout-guide/assets/straight-arm-pulldown/frame-2.svg","https://cdn.jsdelivr.net/gh/bryllim/workout-guide@ba0b709cb20430361b2cb33aaadd20998164a916/packages/workout-guide/assets/straight-arm-pulldown/frame-3.svg","both"
"799","lats/cable-pulldown-pro-lat-bar","Cable Pulldown Pro Lat Bar","cable","lats","strength","true","https://cdn.jsdelivr.net/gh/JahelCuadrado/ExerciseGymGifsDB@v1.1.0/lats/cable-pulldown-pro-lat-bar.gif","lat-pulldown","fuzzy(0.67)","https://cdn.jsdelivr.net/gh/bryllim/workout-guide@ba0b709cb20430361b2cb33aaadd20998164a916/packages/workout-guide/assets/lat-pulldown/frame-1.svg","https://cdn.jsdelivr.net/gh/bryllim/workout-guide@ba0b709cb20430361b2cb33aaadd20998164a916/packages/workout-guide/assets/lat-pulldown/frame-2.svg","https://cdn.jsdelivr.net/gh/bryllim/workout-guide@ba0b709cb20430361b2cb33aaadd20998164a916/packages/workout-guide/assets/lat-pulldown/frame-3.svg","both"
"800","lats/cable-pulldown","Cable Pulldown","cable","lats","strength","true","https://cdn.jsdelivr.net/gh/JahelCuadrado/ExerciseGymGifsDB@v1.1.0/lats/cable-pulldown.gif","lat-pulldown","fuzzy(0.50)","https://cdn.jsdelivr.net/gh/bryllim/workout-guide@ba0b709cb20430361b2cb33aaadd20998164a916/packages/workout-guide/assets/lat-pulldown/frame-1.svg","https://cdn.jsdelivr.net/gh/bryllim/workout-guide@ba0b709cb20430361b2cb33aaadd20998164a916/packages/workout-guide/assets/lat-pulldown/frame-2.svg","https://cdn.jsdelivr.net/gh/bryllim/workout-guide@ba0b709cb20430361b2cb33aaadd20998164a916/packages/workout-guide/assets/lat-pulldown/frame-3.svg","both"
"801","lats/cable-pushdown-straight-arm-v-2","Cable Pushdown Straight Arm v2","cable","lats","strength","true","https://cdn.jsdelivr.net/gh/JahelCuadrado/ExerciseGymGifsDB@v1.1.0/lats/cable-pushdown-straight-arm-v-2.gif","","","","","","gif_only"
"802","lats/cable-rear-pulldown","Cable Rear Pulldown","cable","lats","strength","true","https://cdn.jsdelivr.net/gh/JahelCuadrado/ExerciseGymGifsDB@v1.1.0/lats/cable-rear-pulldown.gif","","","","","","gif_only"
"803","lats/cable-seated-high-row-v-bar","Cable Seated High Row V Bar","cable","lats","strength","true","https://cdn.jsdelivr.net/gh/JahelCuadrado/ExerciseGymGifsDB@v1.1.0/lats/cable-seated-high-row-v-bar.gif","seated-row","fuzzy(0.50)","https://cdn.jsdelivr.net/gh/bryllim/workout-guide@ba0b709cb20430361b2cb33aaadd20998164a916/packages/workout-guide/assets/seated-row/frame-1.svg","https://cdn.jsdelivr.net/gh/bryllim/workout-guide@ba0b709cb20430361b2cb33aaadd20998164a916/packages/workout-guide/assets/seated-row/frame-2.svg","https://cdn.jsdelivr.net/gh/bryllim/workout-guide@ba0b709cb20430361b2cb33aaadd20998164a916/packages/workout-guide/assets/seated-row/frame-3.svg","both"
"804","lats/cable-squat-row-with-rope-attachment","Cable Squat Row With Rope Attachment","cable","lats","strength","true","https://cdn.jsdelivr.net/gh/JahelCuadrado/ExerciseGymGifsDB@v1.1.0/lats/cable-squat-row-with-rope-attachment.gif","","","","","","gif_only"
"805","lats/cable-straight-arm-pulldown-with-rope","Cable Straight Arm Pulldown With Rope","cable","lats","strength","true","https://cdn.jsdelivr.net/gh/JahelCuadrado/ExerciseGymGifsDB@v1.1.0/lats/cable-straight-arm-pulldown-with-rope.gif","straight-arm-pulldown","fuzzy(0.75)","https://cdn.jsdelivr.net/gh/bryllim/workout-guide@ba0b709cb20430361b2cb33aaadd20998164a916/packages/workout-guide/assets/straight-arm-pulldown/frame-1.svg","https://cdn.jsdelivr.net/gh/bryllim/workout-guide@ba0b709cb20430361b2cb33aaadd20998164a916/packages/workout-guide/assets/straight-arm-pulldown/frame-2.svg","https://cdn.jsdelivr.net/gh/bryllim/workout-guide@ba0b709cb20430361b2cb33aaadd20998164a916/packages/workout-guide/assets/straight-arm-pulldown/frame-3.svg","both"
"806","lats/cable-straight-arm-pulldown","Cable Straight Arm Pulldown","cable","lats","strength","true","https://cdn.jsdelivr.net/gh/JahelCuadrado/ExerciseGymGifsDB@v1.1.0/lats/cable-straight-arm-pulldown.gif","straight-arm-pulldown","exact","https://cdn.jsdelivr.net/gh/bryllim/workout-guide@ba0b709cb20430361b2cb33aaadd20998164a916/packages/workout-guide/assets/straight-arm-pulldown/frame-1.svg","https://cdn.jsdelivr.net/gh/bryllim/workout-guide@ba0b709cb20430361b2cb33aaadd20998164a916/packages/workout-guide/assets/straight-arm-pulldown/frame-2.svg","https://cdn.jsdelivr.net/gh/bryllim/workout-guide@ba0b709cb20430361b2cb33aaadd20998164a916/packages/workout-guide/assets/straight-arm-pulldown/frame-3.svg","both"
"807","lats/cable-thibaudeau-kayak-row","Cable Thibaudeau Kayak Row","cable","lats","strength","true","https://cdn.jsdelivr.net/gh/JahelCuadrado/ExerciseGymGifsDB@v1.1.0/lats/cable-thibaudeau-kayak-row.gif","","","","","","gif_only"
"808","lats/cable-twisting-pull","Cable Twisting Pull","cable","lats","strength","true","https://cdn.jsdelivr.net/gh/JahelCuadrado/ExerciseGymGifsDB@v1.1.0/lats/cable-twisting-pull.gif","","","","","","gif_only"
"809","lats/cable-underhand-pulldown","Cable Underhand Pulldown","cable","lats","strength","true","https://cdn.jsdelivr.net/gh/JahelCuadrado/ExerciseGymGifsDB@v1.1.0/lats/cable-underhand-pulldown.gif","","","","","","gif_only"
"810","lats/cable-wide-grip-rear-pulldown-behind-neck","Cable Wide Grip Rear Pulldown Behind Neck","cable","lats","strength","true","https://cdn.jsdelivr.net/gh/JahelCuadrado/ExerciseGymGifsDB@v1.1.0/lats/cable-wide-grip-rear-pulldown-behind-neck.gif","","","","","","gif_only"
"811","lats/chin-up","Chin Up","bodyweight","lats","strength","true","https://cdn.jsdelivr.net/gh/JahelCuadrado/ExerciseGymGifsDB@v1.1.0/lats/chin-up.gif","chin-up","exact","https://cdn.jsdelivr.net/gh/bryllim/workout-guide@ba0b709cb20430361b2cb33aaadd20998164a916/packages/workout-guide/assets/chin-up/frame-1.svg","https://cdn.jsdelivr.net/gh/bryllim/workout-guide@ba0b709cb20430361b2cb33aaadd20998164a916/packages/workout-guide/assets/chin-up/frame-2.svg","https://cdn.jsdelivr.net/gh/bryllim/workout-guide@ba0b709cb20430361b2cb33aaadd20998164a916/packages/workout-guide/assets/chin-up/frame-3.svg","both"
"812","lats/close-grip-chin-up","Close Grip Chin Up","bodyweight","lats","strength","true","https://cdn.jsdelivr.net/gh/JahelCuadrado/ExerciseGymGifsDB@v1.1.0/lats/close-grip-chin-up.gif","chin-up","fuzzy(0.50)","https://cdn.jsdelivr.net/gh/bryllim/workout-guide@ba0b709cb20430361b2cb33aaadd20998164a916/packages/workout-guide/assets/chin-up/frame-1.svg","https://cdn.jsdelivr.net/gh/bryllim/workout-guide@ba0b709cb20430361b2cb33aaadd20998164a916/packages/workout-guide/assets/chin-up/frame-2.svg","https://cdn.jsdelivr.net/gh/bryllim/workout-guide@ba0b709cb20430361b2cb33aaadd20998164a916/packages/workout-guide/assets/chin-up/frame-3.svg","both"
"813","lats/exercise-ball-alternating-arm-ups","Exercise Ball Alternating Arm Ups","bodyweight","lats","strength","true","https://cdn.jsdelivr.net/gh/JahelCuadrado/ExerciseGymGifsDB@v1.1.0/lats/exercise-ball-alternating-arm-ups.gif","","","","","","gif_only"
"814","lats/exercise-ball-lat-stretch","Exercise Ball Lat Stretch","bodyweight","lats","stretching","true","https://cdn.jsdelivr.net/gh/JahelCuadrado/ExerciseGymGifsDB@v1.1.0/lats/exercise-ball-lat-stretch.gif","","","","","","gif_only"
"815","lats/exercise-ball-lower-back-stretch-pyramid","Exercise Ball Lower Back Stretch Pyramid","bodyweight","lats","stretching","true","https://cdn.jsdelivr.net/gh/JahelCuadrado/ExerciseGymGifsDB@v1.1.0/lats/exercise-ball-lower-back-stretch-pyramid.gif","","","","","","gif_only"
"816","lats/exercise-ball-lying-side-lat-stretch","Exercise Ball Lying Side Lat Stretch","bodyweight","lats","stretching","true","https://cdn.jsdelivr.net/gh/JahelCuadrado/ExerciseGymGifsDB@v1.1.0/lats/exercise-ball-lying-side-lat-stretch.gif","","","","","","gif_only"
"817","lats/ez-bar-lying-bent-arms-pullover","Ez Bar Lying Bent Arms Pullover","ez-bar","lats","strength","true","https://cdn.jsdelivr.net/gh/JahelCuadrado/ExerciseGymGifsDB@v1.1.0/lats/ez-bar-lying-bent-arms-pullover.gif","","","","","","gif_only"
"818","lats/gironda-sternum-chin","Gironda Sternum Chin","bodyweight","lats","strength","true","https://cdn.jsdelivr.net/gh/JahelCuadrado/ExerciseGymGifsDB@v1.1.0/lats/gironda-sternum-chin.gif","","","","","","gif_only"
"819","lats/kipping-muscle-up","Kipping Muscle Up","bodyweight","lats","strength","true","https://cdn.jsdelivr.net/gh/JahelCuadrado/ExerciseGymGifsDB@v1.1.0/lats/kipping-muscle-up.gif","","","","","","gif_only"
"820","lats/kneeling-lat-stretch","Kneeling Lat Stretch","bodyweight","lats","stretching","true","https://cdn.jsdelivr.net/gh/JahelCuadrado/ExerciseGymGifsDB@v1.1.0/lats/kneeling-lat-stretch.gif","","","","","","gif_only"
"821","lats/l-pull-up","L Pull Up","bodyweight","lats","strength","true","https://cdn.jsdelivr.net/gh/JahelCuadrado/ExerciseGymGifsDB@v1.1.0/lats/l-pull-up.gif","l-sit-pull-up","fuzzy(0.75)","https://cdn.jsdelivr.net/gh/bryllim/workout-guide@ba0b709cb20430361b2cb33aaadd20998164a916/packages/workout-guide/assets/l-sit-pull-up/frame-1.svg","https://cdn.jsdelivr.net/gh/bryllim/workout-guide@ba0b709cb20430361b2cb33aaadd20998164a916/packages/workout-guide/assets/l-sit-pull-up/frame-2.svg","https://cdn.jsdelivr.net/gh/bryllim/workout-guide@ba0b709cb20430361b2cb33aaadd20998164a916/packages/workout-guide/assets/l-sit-pull-up/frame-3.svg","both"
"822","lats/lever-assisted-chin-up","Lever Assisted Chin Up","lever","lats","strength","true","https://cdn.jsdelivr.net/gh/JahelCuadrado/ExerciseGymGifsDB@v1.1.0/lats/lever-assisted-chin-up.gif","chin-up","exact","https://cdn.jsdelivr.net/gh/bryllim/workout-guide@ba0b709cb20430361b2cb33aaadd20998164a916/packages/workout-guide/assets/chin-up/frame-1.svg","https://cdn.jsdelivr.net/gh/bryllim/workout-guide@ba0b709cb20430361b2cb33aaadd20998164a916/packages/workout-guide/assets/chin-up/frame-2.svg","https://cdn.jsdelivr.net/gh/bryllim/workout-guide@ba0b709cb20430361b2cb33aaadd20998164a916/packages/workout-guide/assets/chin-up/frame-3.svg","both"
"823","lats/lever-front-pulldown","Lever Front Pulldown","lever","lats","strength","true","https://cdn.jsdelivr.net/gh/JahelCuadrado/ExerciseGymGifsDB@v1.1.0/lats/lever-front-pulldown.gif","","","","","","gif_only"
"824","lats/lever-one-arm-lateral-wide-pulldown","Lever One Arm Lateral Wide Pulldown","lever","lats","strength","true","https://cdn.jsdelivr.net/gh/JahelCuadrado/ExerciseGymGifsDB@v1.1.0/lats/lever-one-arm-lateral-wide-pulldown.gif","","","","","","gif_only"
"825","lats/lever-pullover","Lever Pullover","lever","lats","strength","true","https://cdn.jsdelivr.net/gh/JahelCuadrado/ExerciseGymGifsDB@v1.1.0/lats/lever-pullover.gif","","","","","","gif_only"
"826","lats/lever-reverse-grip-lateral-pulldown","Lever Reverse Grip Lateral Pulldown","lever","lats","strength","true","https://cdn.jsdelivr.net/gh/JahelCuadrado/ExerciseGymGifsDB@v1.1.0/lats/lever-reverse-grip-lateral-pulldown.gif","","","","","","gif_only"
"827","lats/medicine-ball-catch-and-overhead-throw","Medicine Ball Catch And Overhead Throw","bodyweight","lats","strength","true","https://cdn.jsdelivr.net/gh/JahelCuadrado/ExerciseGymGifsDB@v1.1.0/lats/medicine-ball-catch-and-overhead-throw.gif","","","","","","gif_only"
"828","lats/mixed-grip-chin-up","Mixed Grip Chin Up","bodyweight","lats","strength","true","https://cdn.jsdelivr.net/gh/JahelCuadrado/ExerciseGymGifsDB@v1.1.0/lats/mixed-grip-chin-up.gif","chin-up","fuzzy(0.50)","https://cdn.jsdelivr.net/gh/bryllim/workout-guide@ba0b709cb20430361b2cb33aaadd20998164a916/packages/workout-guide/assets/chin-up/frame-1.svg","https://cdn.jsdelivr.net/gh/bryllim/workout-guide@ba0b709cb20430361b2cb33aaadd20998164a916/packages/workout-guide/assets/chin-up/frame-2.svg","https://cdn.jsdelivr.net/gh/bryllim/workout-guide@ba0b709cb20430361b2cb33aaadd20998164a916/packages/workout-guide/assets/chin-up/frame-3.svg","both"
"829","lats/muscle-up-on-vertical-bar","Muscle Up On Vertical Bar","bodyweight","lats","strength","true","https://cdn.jsdelivr.net/gh/JahelCuadrado/ExerciseGymGifsDB@v1.1.0/lats/muscle-up-on-vertical-bar.gif","","","","","","gif_only"
"830","lats/muscle-up","Muscle Up","bodyweight","lats","strength","true","https://cdn.jsdelivr.net/gh/JahelCuadrado/ExerciseGymGifsDB@v1.1.0/lats/muscle-up.gif","","","","","","gif_only"
"831","lats/one-arm-against-wall","One Arm Against Wall","bodyweight","lats","strength","true","https://cdn.jsdelivr.net/gh/JahelCuadrado/ExerciseGymGifsDB@v1.1.0/lats/one-arm-against-wall.gif","","","","","","gif_only"
"832","lats/one-arm-chin-up","One Arm Chin Up","bodyweight","lats","strength","true","https://cdn.jsdelivr.net/gh/JahelCuadrado/ExerciseGymGifsDB@v1.1.0/lats/one-arm-chin-up.gif","chin-up","fuzzy(0.50)","https://cdn.jsdelivr.net/gh/bryllim/workout-guide@ba0b709cb20430361b2cb33aaadd20998164a916/packages/workout-guide/assets/chin-up/frame-1.svg","https://cdn.jsdelivr.net/gh/bryllim/workout-guide@ba0b709cb20430361b2cb33aaadd20998164a916/packages/workout-guide/assets/chin-up/frame-2.svg","https://cdn.jsdelivr.net/gh/bryllim/workout-guide@ba0b709cb20430361b2cb33aaadd20998164a916/packages/workout-guide/assets/chin-up/frame-3.svg","both"
"833","lats/pull-up-neutral-grip","Pull Up Neutral Grip","bodyweight","lats","strength","true","https://cdn.jsdelivr.net/gh/JahelCuadrado/ExerciseGymGifsDB@v1.1.0/lats/pull-up-neutral-grip.gif","neutral-grip-pull-up","fuzzy(1.00)","https://cdn.jsdelivr.net/gh/bryllim/workout-guide@ba0b709cb20430361b2cb33aaadd20998164a916/packages/workout-guide/assets/neutral-grip-pull-up/frame-1.svg","https://cdn.jsdelivr.net/gh/bryllim/workout-guide@ba0b709cb20430361b2cb33aaadd20998164a916/packages/workout-guide/assets/neutral-grip-pull-up/frame-2.svg","https://cdn.jsdelivr.net/gh/bryllim/workout-guide@ba0b709cb20430361b2cb33aaadd20998164a916/packages/workout-guide/assets/neutral-grip-pull-up/frame-3.svg","both"
"834","lats/pull-up","Pull Up","bodyweight","lats","strength","true","https://cdn.jsdelivr.net/gh/JahelCuadrado/ExerciseGymGifsDB@v1.1.0/lats/pull-up.gif","pull-up","exact","https://cdn.jsdelivr.net/gh/bryllim/workout-guide@ba0b709cb20430361b2cb33aaadd20998164a916/packages/workout-guide/assets/pull-up/frame-1.svg","https://cdn.jsdelivr.net/gh/bryllim/workout-guide@ba0b709cb20430361b2cb33aaadd20998164a916/packages/workout-guide/assets/pull-up/frame-2.svg","https://cdn.jsdelivr.net/gh/bryllim/workout-guide@ba0b709cb20430361b2cb33aaadd20998164a916/packages/workout-guide/assets/pull-up/frame-3.svg","both"
"835","lats/rear-pull-up","Rear Pull Up","bodyweight","lats","strength","true","https://cdn.jsdelivr.net/gh/JahelCuadrado/ExerciseGymGifsDB@v1.1.0/lats/rear-pull-up.gif","pull-up","fuzzy(0.67)","https://cdn.jsdelivr.net/gh/bryllim/workout-guide@ba0b709cb20430361b2cb33aaadd20998164a916/packages/workout-guide/assets/pull-up/frame-1.svg","https://cdn.jsdelivr.net/gh/bryllim/workout-guide@ba0b709cb20430361b2cb33aaadd20998164a916/packages/workout-guide/assets/pull-up/frame-2.svg","https://cdn.jsdelivr.net/gh/bryllim/workout-guide@ba0b709cb20430361b2cb33aaadd20998164a916/packages/workout-guide/assets/pull-up/frame-3.svg","both"
"836","lats/reverse-grip-machine-lat-pulldown","Reverse Grip Machine Lat Pulldown","machine","lats","strength","true","https://cdn.jsdelivr.net/gh/JahelCuadrado/ExerciseGymGifsDB@v1.1.0/lats/reverse-grip-machine-lat-pulldown.gif","close-grip-lat-pulldown","fuzzy(0.60)","https://cdn.jsdelivr.net/gh/bryllim/workout-guide@ba0b709cb20430361b2cb33aaadd20998164a916/packages/workout-guide/assets/close-grip-lat-pulldown/frame-1.svg","https://cdn.jsdelivr.net/gh/bryllim/workout-guide@ba0b709cb20430361b2cb33aaadd20998164a916/packages/workout-guide/assets/close-grip-lat-pulldown/frame-2.svg","https://cdn.jsdelivr.net/gh/bryllim/workout-guide@ba0b709cb20430361b2cb33aaadd20998164a916/packages/workout-guide/assets/close-grip-lat-pulldown/frame-3.svg","both"
"837","lats/reverse-grip-pull-up","Reverse Grip Pull Up","bodyweight","lats","strength","true","https://cdn.jsdelivr.net/gh/JahelCuadrado/ExerciseGymGifsDB@v1.1.0/lats/reverse-grip-pull-up.gif","neutral-grip-pull-up","fuzzy(0.60)","https://cdn.jsdelivr.net/gh/bryllim/workout-guide@ba0b709cb20430361b2cb33aaadd20998164a916/packages/workout-guide/assets/neutral-grip-pull-up/frame-1.svg","https://cdn.jsdelivr.net/gh/bryllim/workout-guide@ba0b709cb20430361b2cb33aaadd20998164a916/packages/workout-guide/assets/neutral-grip-pull-up/frame-2.svg","https://cdn.jsdelivr.net/gh/bryllim/workout-guide@ba0b709cb20430361b2cb33aaadd20998164a916/packages/workout-guide/assets/neutral-grip-pull-up/frame-3.svg","both"
"838","lats/rocky-pull-up-pulldown","Rocky Pull Up Pulldown","bodyweight","lats","strength","true","https://cdn.jsdelivr.net/gh/JahelCuadrado/ExerciseGymGifsDB@v1.1.0/lats/rocky-pull-up-pulldown.gif","pull-up","fuzzy(0.50)","https://cdn.jsdelivr.net/gh/bryllim/workout-guide@ba0b709cb20430361b2cb33aaadd20998164a916/packages/workout-guide/assets/pull-up/frame-1.svg","https://cdn.jsdelivr.net/gh/bryllim/workout-guide@ba0b709cb20430361b2cb33aaadd20998164a916/packages/workout-guide/assets/pull-up/frame-2.svg","https://cdn.jsdelivr.net/gh/bryllim/workout-guide@ba0b709cb20430361b2cb33aaadd20998164a916/packages/workout-guide/assets/pull-up/frame-3.svg","both"
"839","lats/roller-side-lat-stretch","Roller Side Lat Stretch","bodyweight","lats","stretching","true","https://cdn.jsdelivr.net/gh/JahelCuadrado/ExerciseGymGifsDB@v1.1.0/lats/roller-side-lat-stretch.gif","","","","","","gif_only"
"840","lats/seated-lower-back-stretch","Seated Lower Back Stretch","bodyweight","lats","stretching","true","https://cdn.jsdelivr.net/gh/JahelCuadrado/ExerciseGymGifsDB@v1.1.0/lats/seated-lower-back-stretch.gif","","","","","","gif_only"
"841","lats/shoulder-grip-pull-up","Shoulder Grip Pull Up","bodyweight","lats","strength","true","https://cdn.jsdelivr.net/gh/JahelCuadrado/ExerciseGymGifsDB@v1.1.0/lats/shoulder-grip-pull-up.gif","neutral-grip-pull-up","fuzzy(0.60)","https://cdn.jsdelivr.net/gh/bryllim/workout-guide@ba0b709cb20430361b2cb33aaadd20998164a916/packages/workout-guide/assets/neutral-grip-pull-up/frame-1.svg","https://cdn.jsdelivr.net/gh/bryllim/workout-guide@ba0b709cb20430361b2cb33aaadd20998164a916/packages/workout-guide/assets/neutral-grip-pull-up/frame-2.svg","https://cdn.jsdelivr.net/gh/bryllim/workout-guide@ba0b709cb20430361b2cb33aaadd20998164a916/packages/workout-guide/assets/neutral-grip-pull-up/frame-3.svg","both"
"842","lats/side-lying-floor-stretch","Side Lying Floor Stretch","bodyweight","lats","stretching","true","https://cdn.jsdelivr.net/gh/JahelCuadrado/ExerciseGymGifsDB@v1.1.0/lats/side-lying-floor-stretch.gif","","","","","","gif_only"
"843","lats/side-to-side-chin","Side To Side Chin","bodyweight","lats","strength","true","https://cdn.jsdelivr.net/gh/JahelCuadrado/ExerciseGymGifsDB@v1.1.0/lats/side-to-side-chin.gif","","","","","","gif_only"
"844","lats/standing-lateral-stretch","Standing Lateral Stretch","bodyweight","lats","stretching","true","https://cdn.jsdelivr.net/gh/JahelCuadrado/ExerciseGymGifsDB@v1.1.0/lats/standing-lateral-stretch.gif","standing-quad-stretch","fuzzy(0.50)","https://cdn.jsdelivr.net/gh/bryllim/workout-guide@ba0b709cb20430361b2cb33aaadd20998164a916/packages/workout-guide/assets/standing-quad-stretch/frame-1.svg","https://cdn.jsdelivr.net/gh/bryllim/workout-guide@ba0b709cb20430361b2cb33aaadd20998164a916/packages/workout-guide/assets/standing-quad-stretch/frame-2.svg","https://cdn.jsdelivr.net/gh/bryllim/workout-guide@ba0b709cb20430361b2cb33aaadd20998164a916/packages/workout-guide/assets/standing-quad-stretch/frame-3.svg","both"
"845","lats/twin-handle-parallel-grip-lat-pulldown","Twin Handle Parallel Grip Lat Pulldown","bodyweight","lats","strength","true","https://cdn.jsdelivr.net/gh/JahelCuadrado/ExerciseGymGifsDB@v1.1.0/lats/twin-handle-parallel-grip-lat-pulldown.gif","","","","","","gif_only"
"846","lats/weighted-close-grip-chin-up-on-dip-cage","Weighted Close Grip Chin Up On Dip Cage","bodyweight","lats","strength","true","https://cdn.jsdelivr.net/gh/JahelCuadrado/ExerciseGymGifsDB@v1.1.0/lats/weighted-close-grip-chin-up-on-dip-cage.gif","","","","","","gif_only"
"847","lats/weighted-muscle-up-on-bar","Weighted Muscle Up On Bar","bodyweight","lats","strength","true","https://cdn.jsdelivr.net/gh/JahelCuadrado/ExerciseGymGifsDB@v1.1.0/lats/weighted-muscle-up-on-bar.gif","","","","","","gif_only"
"848","lats/weighted-muscle-up","Weighted Muscle Up","bodyweight","lats","strength","true","https://cdn.jsdelivr.net/gh/JahelCuadrado/ExerciseGymGifsDB@v1.1.0/lats/weighted-muscle-up.gif","","","","","","gif_only"
"849","lats/weighted-one-hand-pull-up","Weighted One Hand Pull Up","bodyweight","lats","strength","true","https://cdn.jsdelivr.net/gh/JahelCuadrado/ExerciseGymGifsDB@v1.1.0/lats/weighted-one-hand-pull-up.gif","pull-up","fuzzy(0.50)","https://cdn.jsdelivr.net/gh/bryllim/workout-guide@ba0b709cb20430361b2cb33aaadd20998164a916/packages/workout-guide/assets/pull-up/frame-1.svg","https://cdn.jsdelivr.net/gh/bryllim/workout-guide@ba0b709cb20430361b2cb33aaadd20998164a916/packages/workout-guide/assets/pull-up/frame-2.svg","https://cdn.jsdelivr.net/gh/bryllim/workout-guide@ba0b709cb20430361b2cb33aaadd20998164a916/packages/workout-guide/assets/pull-up/frame-3.svg","both"
"850","lats/weighted-pull-up","Weighted Pull Up","bodyweight","lats","strength","true","https://cdn.jsdelivr.net/gh/JahelCuadrado/ExerciseGymGifsDB@v1.1.0/lats/weighted-pull-up.gif","weighted-pull-up","exact","https://cdn.jsdelivr.net/gh/bryllim/workout-guide@ba0b709cb20430361b2cb33aaadd20998164a916/packages/workout-guide/assets/weighted-pull-up/frame-1.svg","https://cdn.jsdelivr.net/gh/bryllim/workout-guide@ba0b709cb20430361b2cb33aaadd20998164a916/packages/workout-guide/assets/weighted-pull-up/frame-2.svg","https://cdn.jsdelivr.net/gh/bryllim/workout-guide@ba0b709cb20430361b2cb33aaadd20998164a916/packages/workout-guide/assets/weighted-pull-up/frame-3.svg","both"
"851","lats/wide-grip-pull-up","Wide Grip Pull Up","bodyweight","lats","strength","true","https://cdn.jsdelivr.net/gh/JahelCuadrado/ExerciseGymGifsDB@v1.1.0/lats/wide-grip-pull-up.gif","neutral-grip-pull-up","fuzzy(0.60)","https://cdn.jsdelivr.net/gh/bryllim/workout-guide@ba0b709cb20430361b2cb33aaadd20998164a916/packages/workout-guide/assets/neutral-grip-pull-up/frame-1.svg","https://cdn.jsdelivr.net/gh/bryllim/workout-guide@ba0b709cb20430361b2cb33aaadd20998164a916/packages/workout-guide/assets/neutral-grip-pull-up/frame-2.svg","https://cdn.jsdelivr.net/gh/bryllim/workout-guide@ba0b709cb20430361b2cb33aaadd20998164a916/packages/workout-guide/assets/neutral-grip-pull-up/frame-3.svg","both"
"852","lats/wide-grip-rear-pull-up","Wide Grip Rear Pull Up","bodyweight","lats","strength","true","https://cdn.jsdelivr.net/gh/JahelCuadrado/ExerciseGymGifsDB@v1.1.0/lats/wide-grip-rear-pull-up.gif","neutral-grip-pull-up","fuzzy(0.50)","https://cdn.jsdelivr.net/gh/bryllim/workout-guide@ba0b709cb20430361b2cb33aaadd20998164a916/packages/workout-guide/assets/neutral-grip-pull-up/frame-1.svg","https://cdn.jsdelivr.net/gh/bryllim/workout-guide@ba0b709cb20430361b2cb33aaadd20998164a916/packages/workout-guide/assets/neutral-grip-pull-up/frame-2.svg","https://cdn.jsdelivr.net/gh/bryllim/workout-guide@ba0b709cb20430361b2cb33aaadd20998164a916/packages/workout-guide/assets/neutral-grip-pull-up/frame-3.svg","both"
"853","levator-scapulae/neck-side-stretch","Neck Side Stretch","bodyweight","levator-scapulae","stretching","true","https://cdn.jsdelivr.net/gh/JahelCuadrado/ExerciseGymGifsDB@v1.1.0/levator-scapulae/neck-side-stretch.gif","","","","","","gif_only"
"854","levator-scapulae/side-push-neck-stretch","Side Push Neck Stretch","bodyweight","levator-scapulae","stretching","true","https://cdn.jsdelivr.net/gh/JahelCuadrado/ExerciseGymGifsDB@v1.1.0/levator-scapulae/side-push-neck-stretch.gif","","","","","","gif_only"
"855","pectorals/archer-push-up","Archer Push Up","bodyweight","pectorals","strength","true","https://cdn.jsdelivr.net/gh/JahelCuadrado/ExerciseGymGifsDB@v1.1.0/pectorals/archer-push-up.gif","archer-push-up","exact","https://cdn.jsdelivr.net/gh/bryllim/workout-guide@ba0b709cb20430361b2cb33aaadd20998164a916/packages/workout-guide/assets/archer-push-up/frame-1.svg","https://cdn.jsdelivr.net/gh/bryllim/workout-guide@ba0b709cb20430361b2cb33aaadd20998164a916/packages/workout-guide/assets/archer-push-up/frame-2.svg","https://cdn.jsdelivr.net/gh/bryllim/workout-guide@ba0b709cb20430361b2cb33aaadd20998164a916/packages/workout-guide/assets/archer-push-up/frame-3.svg","both"
"856","pectorals/assisted-chest-dip-kneeling","Assisted Chest Dip Kneeling","bodyweight","pectorals","strength","true","https://cdn.jsdelivr.net/gh/JahelCuadrado/ExerciseGymGifsDB@v1.1.0/pectorals/assisted-chest-dip-kneeling.gif","","","","","","gif_only"
"857","pectorals/assisted-seated-pectoralis-major-stretch-with-stability-ball","Assisted Seated Pectoralis Major Stretch With Stability Ball","bodyweight","pectorals","stretching","true","https://cdn.jsdelivr.net/gh/JahelCuadrado/ExerciseGymGifsDB@v1.1.0/pectorals/assisted-seated-pectoralis-major-stretch-with-stability-ball.gif","","","","","","gif_only"
"858","pectorals/assisted-wide-grip-chest-dip-kneeling","Assisted Wide Grip Chest Dip Kneeling","bodyweight","pectorals","strength","true","https://cdn.jsdelivr.net/gh/JahelCuadrado/ExerciseGymGifsDB@v1.1.0/pectorals/assisted-wide-grip-chest-dip-kneeling.gif","","","","","","gif_only"
"859","pectorals/band-bench-press","Band Bench Press","band","pectorals","strength","true","https://cdn.jsdelivr.net/gh/JahelCuadrado/ExerciseGymGifsDB@v1.1.0/pectorals/band-bench-press.gif","bench-press","exact","https://cdn.jsdelivr.net/gh/bryllim/workout-guide@ba0b709cb20430361b2cb33aaadd20998164a916/packages/workout-guide/assets/bench-press/frame-1.svg","https://cdn.jsdelivr.net/gh/bryllim/workout-guide@ba0b709cb20430361b2cb33aaadd20998164a916/packages/workout-guide/assets/bench-press/frame-2.svg","https://cdn.jsdelivr.net/gh/bryllim/workout-guide@ba0b709cb20430361b2cb33aaadd20998164a916/packages/workout-guide/assets/bench-press/frame-3.svg","both"
"860","pectorals/band-one-arm-twisting-chest-press","Band One Arm Twisting Chest Press","band","pectorals","strength","true","https://cdn.jsdelivr.net/gh/JahelCuadrado/ExerciseGymGifsDB@v1.1.0/pectorals/band-one-arm-twisting-chest-press.gif","","","","","","gif_only"
"861","pectorals/barbell-bench-press","Barbell Bench Press","barbell","pectorals","strength","true","https://cdn.jsdelivr.net/gh/JahelCuadrado/ExerciseGymGifsDB@v1.1.0/pectorals/barbell-bench-press.gif","bench-press","exact","https://cdn.jsdelivr.net/gh/bryllim/workout-guide@ba0b709cb20430361b2cb33aaadd20998164a916/packages/workout-guide/assets/bench-press/frame-1.svg","https://cdn.jsdelivr.net/gh/bryllim/workout-guide@ba0b709cb20430361b2cb33aaadd20998164a916/packages/workout-guide/assets/bench-press/frame-2.svg","https://cdn.jsdelivr.net/gh/bryllim/workout-guide@ba0b709cb20430361b2cb33aaadd20998164a916/packages/workout-guide/assets/bench-press/frame-3.svg","both"
"862","pectorals/barbell-decline-bench-press","Barbell Decline Bench Press","barbell","pectorals","strength","true","https://cdn.jsdelivr.net/gh/JahelCuadrado/ExerciseGymGifsDB@v1.1.0/pectorals/barbell-decline-bench-press.gif","decline-bench-press","exact","https://cdn.jsdelivr.net/gh/bryllim/workout-guide@ba0b709cb20430361b2cb33aaadd20998164a916/packages/workout-guide/assets/decline-bench-press/frame-1.svg","https://cdn.jsdelivr.net/gh/bryllim/workout-guide@ba0b709cb20430361b2cb33aaadd20998164a916/packages/workout-guide/assets/decline-bench-press/frame-2.svg","https://cdn.jsdelivr.net/gh/bryllim/workout-guide@ba0b709cb20430361b2cb33aaadd20998164a916/packages/workout-guide/assets/decline-bench-press/frame-3.svg","both"
"863","pectorals/barbell-decline-pullover","Barbell Decline Pullover","barbell","pectorals","strength","true","https://cdn.jsdelivr.net/gh/JahelCuadrado/ExerciseGymGifsDB@v1.1.0/pectorals/barbell-decline-pullover.gif","","","","","","gif_only"
"864","pectorals/barbell-decline-wide-grip-press","Barbell Decline Wide Grip Press","barbell","pectorals","strength","true","https://cdn.jsdelivr.net/gh/JahelCuadrado/ExerciseGymGifsDB@v1.1.0/pectorals/barbell-decline-wide-grip-press.gif","","","","","","gif_only"
"865","pectorals/barbell-front-raise-and-pullover","Barbell Front Raise And Pullover","barbell","pectorals","strength","true","https://cdn.jsdelivr.net/gh/JahelCuadrado/ExerciseGymGifsDB@v1.1.0/pectorals/barbell-front-raise-and-pullover.gif","front-raise","fuzzy(0.50)","https://cdn.jsdelivr.net/gh/bryllim/workout-guide@ba0b709cb20430361b2cb33aaadd20998164a916/packages/workout-guide/assets/front-raise/frame-1.svg","https://cdn.jsdelivr.net/gh/bryllim/workout-guide@ba0b709cb20430361b2cb33aaadd20998164a916/packages/workout-guide/assets/front-raise/frame-2.svg","https://cdn.jsdelivr.net/gh/bryllim/workout-guide@ba0b709cb20430361b2cb33aaadd20998164a916/packages/workout-guide/assets/front-raise/frame-3.svg","both"
"866","pectorals/barbell-guillotine-bench-press","Barbell Guillotine Bench Press","barbell","pectorals","strength","true","https://cdn.jsdelivr.net/gh/JahelCuadrado/ExerciseGymGifsDB@v1.1.0/pectorals/barbell-guillotine-bench-press.gif","bench-press","fuzzy(0.67)","https://cdn.jsdelivr.net/gh/bryllim/workout-guide@ba0b709cb20430361b2cb33aaadd20998164a916/packages/workout-guide/assets/bench-press/frame-1.svg","https://cdn.jsdelivr.net/gh/bryllim/workout-guide@ba0b709cb20430361b2cb33aaadd20998164a916/packages/workout-guide/assets/bench-press/frame-2.svg","https://cdn.jsdelivr.net/gh/bryllim/workout-guide@ba0b709cb20430361b2cb33aaadd20998164a916/packages/workout-guide/assets/bench-press/frame-3.svg","both"
"867","pectorals/barbell-incline-bench-press","Barbell Incline Bench Press","barbell","pectorals","strength","true","https://cdn.jsdelivr.net/gh/JahelCuadrado/ExerciseGymGifsDB@v1.1.0/pectorals/barbell-incline-bench-press.gif","incline-bench-press","exact","https://cdn.jsdelivr.net/gh/bryllim/workout-guide@ba0b709cb20430361b2cb33aaadd20998164a916/packages/workout-guide/assets/incline-bench-press/frame-1.svg","https://cdn.jsdelivr.net/gh/bryllim/workout-guide@ba0b709cb20430361b2cb33aaadd20998164a916/packages/workout-guide/assets/incline-bench-press/frame-2.svg","https://cdn.jsdelivr.net/gh/bryllim/workout-guide@ba0b709cb20430361b2cb33aaadd20998164a916/packages/workout-guide/assets/incline-bench-press/frame-3.svg","both"
"868","pectorals/barbell-reverse-grip-decline-bench-press","Barbell Reverse Grip Decline Bench Press","barbell","pectorals","strength","true","https://cdn.jsdelivr.net/gh/JahelCuadrado/ExerciseGymGifsDB@v1.1.0/pectorals/barbell-reverse-grip-decline-bench-press.gif","decline-bench-press","fuzzy(0.60)","https://cdn.jsdelivr.net/gh/bryllim/workout-guide@ba0b709cb20430361b2cb33aaadd20998164a916/packages/workout-guide/assets/decline-bench-press/frame-1.svg","https://cdn.jsdelivr.net/gh/bryllim/workout-guide@ba0b709cb20430361b2cb33aaadd20998164a916/packages/workout-guide/assets/decline-bench-press/frame-2.svg","https://cdn.jsdelivr.net/gh/bryllim/workout-guide@ba0b709cb20430361b2cb33aaadd20998164a916/packages/workout-guide/assets/decline-bench-press/frame-3.svg","both"
"869","pectorals/barbell-reverse-grip-incline-bench-press","Barbell Reverse Grip Incline Bench Press","barbell","pectorals","strength","true","https://cdn.jsdelivr.net/gh/JahelCuadrado/ExerciseGymGifsDB@v1.1.0/pectorals/barbell-reverse-grip-incline-bench-press.gif","incline-bench-press","fuzzy(0.60)","https://cdn.jsdelivr.net/gh/bryllim/workout-guide@ba0b709cb20430361b2cb33aaadd20998164a916/packages/workout-guide/assets/incline-bench-press/frame-1.svg","https://cdn.jsdelivr.net/gh/bryllim/workout-guide@ba0b709cb20430361b2cb33aaadd20998164a916/packages/workout-guide/assets/incline-bench-press/frame-2.svg","https://cdn.jsdelivr.net/gh/bryllim/workout-guide@ba0b709cb20430361b2cb33aaadd20998164a916/packages/workout-guide/assets/incline-bench-press/frame-3.svg","both"
"870","pectorals/barbell-wide-bench-press","Barbell Wide Bench Press","barbell","pectorals","strength","true","https://cdn.jsdelivr.net/gh/JahelCuadrado/ExerciseGymGifsDB@v1.1.0/pectorals/barbell-wide-bench-press.gif","bench-press","fuzzy(0.67)","https://cdn.jsdelivr.net/gh/bryllim/workout-guide@ba0b709cb20430361b2cb33aaadd20998164a916/packages/workout-guide/assets/bench-press/frame-1.svg","https://cdn.jsdelivr.net/gh/bryllim/workout-guide@ba0b709cb20430361b2cb33aaadd20998164a916/packages/workout-guide/assets/bench-press/frame-2.svg","https://cdn.jsdelivr.net/gh/bryllim/workout-guide@ba0b709cb20430361b2cb33aaadd20998164a916/packages/workout-guide/assets/bench-press/frame-3.svg","both"
"871","pectorals/barbell-wide-reverse-grip-bench-press","Barbell Wide Reverse Grip Bench Press","barbell","pectorals","strength","true","https://cdn.jsdelivr.net/gh/JahelCuadrado/ExerciseGymGifsDB@v1.1.0/pectorals/barbell-wide-reverse-grip-bench-press.gif","close-grip-bench-press","fuzzy(0.50)","https://cdn.jsdelivr.net/gh/bryllim/workout-guide@ba0b709cb20430361b2cb33aaadd20998164a916/packages/workout-guide/assets/close-grip-bench-press/frame-1.svg","https://cdn.jsdelivr.net/gh/bryllim/workout-guide@ba0b709cb20430361b2cb33aaadd20998164a916/packages/workout-guide/assets/close-grip-bench-press/frame-2.svg","https://cdn.jsdelivr.net/gh/bryllim/workout-guide@ba0b709cb20430361b2cb33aaadd20998164a916/packages/workout-guide/assets/close-grip-bench-press/frame-3.svg","both"
"872","pectorals/behind-head-chest-stretch","Behind Head Chest Stretch","bodyweight","pectorals","stretching","true","https://cdn.jsdelivr.net/gh/JahelCuadrado/ExerciseGymGifsDB@v1.1.0/pectorals/behind-head-chest-stretch.gif","","","","","","gif_only"
"873","pectorals/cable-bench-press","Cable Bench Press","cable","pectorals","strength","true","https://cdn.jsdelivr.net/gh/JahelCuadrado/ExerciseGymGifsDB@v1.1.0/pectorals/cable-bench-press.gif","bench-press","exact","https://cdn.jsdelivr.net/gh/bryllim/workout-guide@ba0b709cb20430361b2cb33aaadd20998164a916/packages/workout-guide/assets/bench-press/frame-1.svg","https://cdn.jsdelivr.net/gh/bryllim/workout-guide@ba0b709cb20430361b2cb33aaadd20998164a916/packages/workout-guide/assets/bench-press/frame-2.svg","https://cdn.jsdelivr.net/gh/bryllim/workout-guide@ba0b709cb20430361b2cb33aaadd20998164a916/packages/workout-guide/assets/bench-press/frame-3.svg","both"
"874","pectorals/cable-cross-over-variation","Cable Cross Over Variation","cable","pectorals","strength","true","https://cdn.jsdelivr.net/gh/JahelCuadrado/ExerciseGymGifsDB@v1.1.0/pectorals/cable-cross-over-variation.gif","","","","","","gif_only"
"875","pectorals/cable-decline-fly","Cable Decline Fly","cable","pectorals","strength","true","https://cdn.jsdelivr.net/gh/JahelCuadrado/ExerciseGymGifsDB@v1.1.0/pectorals/cable-decline-fly.gif","","","","","","gif_only"
"876","pectorals/cable-decline-one-arm-press","Cable Decline One Arm Press","cable","pectorals","strength","true","https://cdn.jsdelivr.net/gh/JahelCuadrado/ExerciseGymGifsDB@v1.1.0/pectorals/cable-decline-one-arm-press.gif","","","","","","gif_only"
"877","pectorals/cable-decline-press","Cable Decline Press","cable","pectorals","strength","true","https://cdn.jsdelivr.net/gh/JahelCuadrado/ExerciseGymGifsDB@v1.1.0/pectorals/cable-decline-press.gif","decline-bench-press","fuzzy(0.67)","https://cdn.jsdelivr.net/gh/bryllim/workout-guide@ba0b709cb20430361b2cb33aaadd20998164a916/packages/workout-guide/assets/decline-bench-press/frame-1.svg","https://cdn.jsdelivr.net/gh/bryllim/workout-guide@ba0b709cb20430361b2cb33aaadd20998164a916/packages/workout-guide/assets/decline-bench-press/frame-2.svg","https://cdn.jsdelivr.net/gh/bryllim/workout-guide@ba0b709cb20430361b2cb33aaadd20998164a916/packages/workout-guide/assets/decline-bench-press/frame-3.svg","both"
"878","pectorals/cable-incline-bench-press","Cable Incline Bench Press","cable","pectorals","strength","true","https://cdn.jsdelivr.net/gh/JahelCuadrado/ExerciseGymGifsDB@v1.1.0/pectorals/cable-incline-bench-press.gif","incline-bench-press","exact","https://cdn.jsdelivr.net/gh/bryllim/workout-guide@ba0b709cb20430361b2cb33aaadd20998164a916/packages/workout-guide/assets/incline-bench-press/frame-1.svg","https://cdn.jsdelivr.net/gh/bryllim/workout-guide@ba0b709cb20430361b2cb33aaadd20998164a916/packages/workout-guide/assets/incline-bench-press/frame-2.svg","https://cdn.jsdelivr.net/gh/bryllim/workout-guide@ba0b709cb20430361b2cb33aaadd20998164a916/packages/workout-guide/assets/incline-bench-press/frame-3.svg","both"
"879","pectorals/cable-incline-fly-on-stability-ball","Cable Incline Fly On Stability Ball","cable","pectorals","strength","true","https://cdn.jsdelivr.net/gh/JahelCuadrado/ExerciseGymGifsDB@v1.1.0/pectorals/cable-incline-fly-on-stability-ball.gif","","","","","","gif_only"
"880","pectorals/cable-incline-fly","Cable Incline Fly","cable","pectorals","strength","true","https://cdn.jsdelivr.net/gh/JahelCuadrado/ExerciseGymGifsDB@v1.1.0/pectorals/cable-incline-fly.gif","incline-cable-fly","fuzzy(0.67)","https://cdn.jsdelivr.net/gh/bryllim/workout-guide@ba0b709cb20430361b2cb33aaadd20998164a916/packages/workout-guide/assets/incline-cable-fly/frame-1.svg","https://cdn.jsdelivr.net/gh/bryllim/workout-guide@ba0b709cb20430361b2cb33aaadd20998164a916/packages/workout-guide/assets/incline-cable-fly/frame-2.svg","https://cdn.jsdelivr.net/gh/bryllim/workout-guide@ba0b709cb20430361b2cb33aaadd20998164a916/packages/workout-guide/assets/incline-cable-fly/frame-3.svg","both"
"881","pectorals/cable-low-fly","Cable Low Fly","cable","pectorals","strength","true","https://cdn.jsdelivr.net/gh/JahelCuadrado/ExerciseGymGifsDB@v1.1.0/pectorals/cable-low-fly.gif","","","","","","gif_only"
"882","pectorals/cable-lying-fly","Cable Lying Fly","cable","pectorals","strength","true","https://cdn.jsdelivr.net/gh/JahelCuadrado/ExerciseGymGifsDB@v1.1.0/pectorals/cable-lying-fly.gif","","","","","","gif_only"
"883","pectorals/cable-middle-fly","Cable Middle Fly","cable","pectorals","strength","true","https://cdn.jsdelivr.net/gh/JahelCuadrado/ExerciseGymGifsDB@v1.1.0/pectorals/cable-middle-fly.gif","","","","","","gif_only"
"884","pectorals/cable-one-arm-decline-chest-fly","Cable One Arm Decline Chest Fly","cable","pectorals","strength","true","https://cdn.jsdelivr.net/gh/JahelCuadrado/ExerciseGymGifsDB@v1.1.0/pectorals/cable-one-arm-decline-chest-fly.gif","","","","","","gif_only"
"885","pectorals/cable-one-arm-fly-on-exercise-ball","Cable One Arm Fly On Exercise Ball","cable","pectorals","strength","true","https://cdn.jsdelivr.net/gh/JahelCuadrado/ExerciseGymGifsDB@v1.1.0/pectorals/cable-one-arm-fly-on-exercise-ball.gif","","","","","","gif_only"
"886","pectorals/cable-one-arm-incline-fly-on-exercise-ball","Cable One Arm Incline Fly On Exercise Ball","cable","pectorals","strength","true","https://cdn.jsdelivr.net/gh/JahelCuadrado/ExerciseGymGifsDB@v1.1.0/pectorals/cable-one-arm-incline-fly-on-exercise-ball.gif","","","","","","gif_only"
"887","pectorals/cable-one-arm-incline-press-on-exercise-ball","Cable One Arm Incline Press On Exercise Ball","cable","pectorals","strength","true","https://cdn.jsdelivr.net/gh/JahelCuadrado/ExerciseGymGifsDB@v1.1.0/pectorals/cable-one-arm-incline-press-on-exercise-ball.gif","","","","","","gif_only"
"888","pectorals/cable-one-arm-incline-press","Cable One Arm Incline Press","cable","pectorals","strength","true","https://cdn.jsdelivr.net/gh/JahelCuadrado/ExerciseGymGifsDB@v1.1.0/pectorals/cable-one-arm-incline-press.gif","","","","","","gif_only"
"889","pectorals/cable-one-arm-lateral-bent-over","Cable One Arm Lateral Bent Over","cable","pectorals","strength","true","https://cdn.jsdelivr.net/gh/JahelCuadrado/ExerciseGymGifsDB@v1.1.0/pectorals/cable-one-arm-lateral-bent-over.gif","","","","","","gif_only"
"890","pectorals/cable-one-arm-press-on-exercise-ball","Cable One Arm Press On Exercise Ball","cable","pectorals","strength","true","https://cdn.jsdelivr.net/gh/JahelCuadrado/ExerciseGymGifsDB@v1.1.0/pectorals/cable-one-arm-press-on-exercise-ball.gif","","","","","","gif_only"
"891","pectorals/cable-press-on-exercise-ball","Cable Press On Exercise Ball","cable","pectorals","strength","true","https://cdn.jsdelivr.net/gh/JahelCuadrado/ExerciseGymGifsDB@v1.1.0/pectorals/cable-press-on-exercise-ball.gif","","","","","","gif_only"
"892","pectorals/cable-seated-chest-press","Cable Seated Chest Press","cable","pectorals","strength","true","https://cdn.jsdelivr.net/gh/JahelCuadrado/ExerciseGymGifsDB@v1.1.0/pectorals/cable-seated-chest-press.gif","seated-dumbbell-press","fuzzy(0.50)","https://cdn.jsdelivr.net/gh/bryllim/workout-guide@ba0b709cb20430361b2cb33aaadd20998164a916/packages/workout-guide/assets/seated-dumbbell-press/frame-1.svg","https://cdn.jsdelivr.net/gh/bryllim/workout-guide@ba0b709cb20430361b2cb33aaadd20998164a916/packages/workout-guide/assets/seated-dumbbell-press/frame-2.svg","https://cdn.jsdelivr.net/gh/bryllim/workout-guide@ba0b709cb20430361b2cb33aaadd20998164a916/packages/workout-guide/assets/seated-dumbbell-press/frame-3.svg","both"
"893","pectorals/cable-standing-fly","Cable Standing Fly","cable","pectorals","strength","true","https://cdn.jsdelivr.net/gh/JahelCuadrado/ExerciseGymGifsDB@v1.1.0/pectorals/cable-standing-fly.gif","","","","","","gif_only"
"894","pectorals/cable-standing-up-straight-crossovers","Cable Standing Up Straight Crossovers","cable","pectorals","strength","true","https://cdn.jsdelivr.net/gh/JahelCuadrado/ExerciseGymGifsDB@v1.1.0/pectorals/cable-standing-up-straight-crossovers.gif","","","","","","gif_only"
"895","pectorals/cable-upper-chest-crossovers","Cable Upper Chest Crossovers","cable","pectorals","strength","true","https://cdn.jsdelivr.net/gh/JahelCuadrado/ExerciseGymGifsDB@v1.1.0/pectorals/cable-upper-chest-crossovers.gif","","","","","","gif_only"
"896","pectorals/chest-and-front-of-shoulder-stretch","Chest And Front Of Shoulder Stretch","bodyweight","pectorals","stretching","true","https://cdn.jsdelivr.net/gh/JahelCuadrado/ExerciseGymGifsDB@v1.1.0/pectorals/chest-and-front-of-shoulder-stretch.gif","","","","","","gif_only"
"897","pectorals/chest-dip-on-dip-pull-up-cage","Chest Dip On Dip Pull Up Cage","bodyweight","pectorals","strength","true","https://cdn.jsdelivr.net/gh/JahelCuadrado/ExerciseGymGifsDB@v1.1.0/pectorals/chest-dip-on-dip-pull-up-cage.gif","","","","","","gif_only"
"898","pectorals/chest-dip-on-straight-bar","Chest Dip On Straight Bar","bodyweight","pectorals","strength","true","https://cdn.jsdelivr.net/gh/JahelCuadrado/ExerciseGymGifsDB@v1.1.0/pectorals/chest-dip-on-straight-bar.gif","","","","","","gif_only"
"899","pectorals/chest-dip","Chest Dip","bodyweight","pectorals","strength","true","https://cdn.jsdelivr.net/gh/JahelCuadrado/ExerciseGymGifsDB@v1.1.0/pectorals/chest-dip.gif","dip","fuzzy(0.50)","https://cdn.jsdelivr.net/gh/bryllim/workout-guide@ba0b709cb20430361b2cb33aaadd20998164a916/packages/workout-guide/assets/dip/frame-1.svg","https://cdn.jsdelivr.net/gh/bryllim/workout-guide@ba0b709cb20430361b2cb33aaadd20998164a916/packages/workout-guide/assets/dip/frame-2.svg","https://cdn.jsdelivr.net/gh/bryllim/workout-guide@ba0b709cb20430361b2cb33aaadd20998164a916/packages/workout-guide/assets/dip/frame-3.svg","both"
"900","pectorals/chest-stretch-with-exercise-ball","Chest Stretch With Exercise Ball","bodyweight","pectorals","stretching","true","https://cdn.jsdelivr.net/gh/JahelCuadrado/ExerciseGymGifsDB@v1.1.0/pectorals/chest-stretch-with-exercise-ball.gif","","","","","","gif_only"
"901","pectorals/chest-tap-push-up-male","Chest Tap Push Up Male","bodyweight","pectorals","strength","true","https://cdn.jsdelivr.net/gh/JahelCuadrado/ExerciseGymGifsDB@v1.1.0/pectorals/chest-tap-push-up-male.gif","push-up-shoulder-tap","fuzzy(0.50)","https://cdn.jsdelivr.net/gh/bryllim/workout-guide@ba0b709cb20430361b2cb33aaadd20998164a916/packages/workout-guide/assets/push-up-shoulder-tap/frame-1.svg","https://cdn.jsdelivr.net/gh/bryllim/workout-guide@ba0b709cb20430361b2cb33aaadd20998164a916/packages/workout-guide/assets/push-up-shoulder-tap/frame-2.svg","https://cdn.jsdelivr.net/gh/bryllim/workout-guide@ba0b709cb20430361b2cb33aaadd20998164a916/packages/workout-guide/assets/push-up-shoulder-tap/frame-3.svg","both"
"902","pectorals/clap-push-up","Clap Push Up","bodyweight","pectorals","strength","true","https://cdn.jsdelivr.net/gh/JahelCuadrado/ExerciseGymGifsDB@v1.1.0/pectorals/clap-push-up.gif","push-up","fuzzy(0.67)","https://cdn.jsdelivr.net/gh/bryllim/workout-guide@ba0b709cb20430361b2cb33aaadd20998164a916/packages/workout-guide/assets/push-up/frame-1.svg","https://cdn.jsdelivr.net/gh/bryllim/workout-guide@ba0b709cb20430361b2cb33aaadd20998164a916/packages/workout-guide/assets/push-up/frame-2.svg","https://cdn.jsdelivr.net/gh/bryllim/workout-guide@ba0b709cb20430361b2cb33aaadd20998164a916/packages/workout-guide/assets/push-up/frame-3.svg","both"
"903","pectorals/clock-push-up","Clock Push Up","bodyweight","pectorals","strength","true","https://cdn.jsdelivr.net/gh/JahelCuadrado/ExerciseGymGifsDB@v1.1.0/pectorals/clock-push-up.gif","push-up","fuzzy(0.67)","https://cdn.jsdelivr.net/gh/bryllim/workout-guide@ba0b709cb20430361b2cb33aaadd20998164a916/packages/workout-guide/assets/push-up/frame-1.svg","https://cdn.jsdelivr.net/gh/bryllim/workout-guide@ba0b709cb20430361b2cb33aaadd20998164a916/packages/workout-guide/assets/push-up/frame-2.svg","https://cdn.jsdelivr.net/gh/bryllim/workout-guide@ba0b709cb20430361b2cb33aaadd20998164a916/packages/workout-guide/assets/push-up/frame-3.svg","both"
"904","pectorals/decline-push-up","Decline Push Up","bodyweight","pectorals","strength","true","https://cdn.jsdelivr.net/gh/JahelCuadrado/ExerciseGymGifsDB@v1.1.0/pectorals/decline-push-up.gif","decline-push-up","exact","https://cdn.jsdelivr.net/gh/bryllim/workout-guide@ba0b709cb20430361b2cb33aaadd20998164a916/packages/workout-guide/assets/decline-push-up/frame-1.svg","https://cdn.jsdelivr.net/gh/bryllim/workout-guide@ba0b709cb20430361b2cb33aaadd20998164a916/packages/workout-guide/assets/decline-push-up/frame-2.svg","https://cdn.jsdelivr.net/gh/bryllim/workout-guide@ba0b709cb20430361b2cb33aaadd20998164a916/packages/workout-guide/assets/decline-push-up/frame-3.svg","both"
"905","pectorals/deep-push-up","Deep Push Up","bodyweight","pectorals","strength","true","https://cdn.jsdelivr.net/gh/JahelCuadrado/ExerciseGymGifsDB@v1.1.0/pectorals/deep-push-up.gif","push-up","fuzzy(0.67)","https://cdn.jsdelivr.net/gh/bryllim/workout-guide@ba0b709cb20430361b2cb33aaadd20998164a916/packages/workout-guide/assets/push-up/frame-1.svg","https://cdn.jsdelivr.net/gh/bryllim/workout-guide@ba0b709cb20430361b2cb33aaadd20998164a916/packages/workout-guide/assets/push-up/frame-2.svg","https://cdn.jsdelivr.net/gh/bryllim/workout-guide@ba0b709cb20430361b2cb33aaadd20998164a916/packages/workout-guide/assets/push-up/frame-3.svg","both"
"906","pectorals/drop-push-up","Drop Push Up","bodyweight","pectorals","strength","true","https://cdn.jsdelivr.net/gh/JahelCuadrado/ExerciseGymGifsDB@v1.1.0/pectorals/drop-push-up.gif","push-up","fuzzy(0.67)","https://cdn.jsdelivr.net/gh/bryllim/workout-guide@ba0b709cb20430361b2cb33aaadd20998164a916/packages/workout-guide/assets/push-up/frame-1.svg","https://cdn.jsdelivr.net/gh/bryllim/workout-guide@ba0b709cb20430361b2cb33aaadd20998164a916/packages/workout-guide/assets/push-up/frame-2.svg","https://cdn.jsdelivr.net/gh/bryllim/workout-guide@ba0b709cb20430361b2cb33aaadd20998164a916/packages/workout-guide/assets/push-up/frame-3.svg","both"
"907","pectorals/dumbbell-around-pullover","Dumbbell Around Pullover","dumbbell","pectorals","strength","true","https://cdn.jsdelivr.net/gh/JahelCuadrado/ExerciseGymGifsDB@v1.1.0/pectorals/dumbbell-around-pullover.gif","","","","","","gif_only"
"908","pectorals/dumbbell-bench-press","Dumbbell Bench Press","dumbbell","pectorals","strength","true","https://cdn.jsdelivr.net/gh/JahelCuadrado/ExerciseGymGifsDB@v1.1.0/pectorals/dumbbell-bench-press.gif","dumbbell-bench-press","exact","https://cdn.jsdelivr.net/gh/bryllim/workout-guide@ba0b709cb20430361b2cb33aaadd20998164a916/packages/workout-guide/assets/dumbbell-bench-press/frame-1.svg","https://cdn.jsdelivr.net/gh/bryllim/workout-guide@ba0b709cb20430361b2cb33aaadd20998164a916/packages/workout-guide/assets/dumbbell-bench-press/frame-2.svg","https://cdn.jsdelivr.net/gh/bryllim/workout-guide@ba0b709cb20430361b2cb33aaadd20998164a916/packages/workout-guide/assets/dumbbell-bench-press/frame-3.svg","both"
"909","pectorals/dumbbell-decline-bench-press","Dumbbell Decline Bench Press","dumbbell","pectorals","strength","true","https://cdn.jsdelivr.net/gh/JahelCuadrado/ExerciseGymGifsDB@v1.1.0/pectorals/dumbbell-decline-bench-press.gif","decline-bench-press","exact","https://cdn.jsdelivr.net/gh/bryllim/workout-guide@ba0b709cb20430361b2cb33aaadd20998164a916/packages/workout-guide/assets/decline-bench-press/frame-1.svg","https://cdn.jsdelivr.net/gh/bryllim/workout-guide@ba0b709cb20430361b2cb33aaadd20998164a916/packages/workout-guide/assets/decline-bench-press/frame-2.svg","https://cdn.jsdelivr.net/gh/bryllim/workout-guide@ba0b709cb20430361b2cb33aaadd20998164a916/packages/workout-guide/assets/decline-bench-press/frame-3.svg","both"
"910","pectorals/dumbbell-decline-fly","Dumbbell Decline Fly","dumbbell","pectorals","strength","true","https://cdn.jsdelivr.net/gh/JahelCuadrado/ExerciseGymGifsDB@v1.1.0/pectorals/dumbbell-decline-fly.gif","","","","","","gif_only"
"911","pectorals/dumbbell-decline-hammer-press","Dumbbell Decline Hammer Press","dumbbell","pectorals","strength","true","https://cdn.jsdelivr.net/gh/JahelCuadrado/ExerciseGymGifsDB@v1.1.0/pectorals/dumbbell-decline-hammer-press.gif","decline-bench-press","fuzzy(0.50)","https://cdn.jsdelivr.net/gh/bryllim/workout-guide@ba0b709cb20430361b2cb33aaadd20998164a916/packages/workout-guide/assets/decline-bench-press/frame-1.svg","https://cdn.jsdelivr.net/gh/bryllim/workout-guide@ba0b709cb20430361b2cb33aaadd20998164a916/packages/workout-guide/assets/decline-bench-press/frame-2.svg","https://cdn.jsdelivr.net/gh/bryllim/workout-guide@ba0b709cb20430361b2cb33aaadd20998164a916/packages/workout-guide/assets/decline-bench-press/frame-3.svg","both"
"912","pectorals/dumbbell-decline-one-arm-fly","Dumbbell Decline One Arm Fly","dumbbell","pectorals","strength","true","https://cdn.jsdelivr.net/gh/JahelCuadrado/ExerciseGymGifsDB@v1.1.0/pectorals/dumbbell-decline-one-arm-fly.gif","","","","","","gif_only"
"913","pectorals/dumbbell-decline-twist-fly","Dumbbell Decline Twist Fly","dumbbell","pectorals","strength","true","https://cdn.jsdelivr.net/gh/JahelCuadrado/ExerciseGymGifsDB@v1.1.0/pectorals/dumbbell-decline-twist-fly.gif","","","","","","gif_only"
"914","pectorals/dumbbell-fly-on-exercise-ball","Dumbbell Fly On Exercise Ball","dumbbell","pectorals","strength","true","https://cdn.jsdelivr.net/gh/JahelCuadrado/ExerciseGymGifsDB@v1.1.0/pectorals/dumbbell-fly-on-exercise-ball.gif","","","","","","gif_only"
"915","pectorals/dumbbell-fly","Dumbbell Fly","dumbbell","pectorals","strength","true","https://cdn.jsdelivr.net/gh/JahelCuadrado/ExerciseGymGifsDB@v1.1.0/pectorals/dumbbell-fly.gif","dumbbell-fly","exact","https://cdn.jsdelivr.net/gh/bryllim/workout-guide@ba0b709cb20430361b2cb33aaadd20998164a916/packages/workout-guide/assets/dumbbell-fly/frame-1.svg","https://cdn.jsdelivr.net/gh/bryllim/workout-guide@ba0b709cb20430361b2cb33aaadd20998164a916/packages/workout-guide/assets/dumbbell-fly/frame-2.svg","https://cdn.jsdelivr.net/gh/bryllim/workout-guide@ba0b709cb20430361b2cb33aaadd20998164a916/packages/workout-guide/assets/dumbbell-fly/frame-3.svg","both"
"916","pectorals/dumbbell-incline-alternate-press","Dumbbell Incline Alternate Press","dumbbell","pectorals","strength","true","https://cdn.jsdelivr.net/gh/JahelCuadrado/ExerciseGymGifsDB@v1.1.0/pectorals/dumbbell-incline-alternate-press.gif","incline-bench-press","fuzzy(0.50)","https://cdn.jsdelivr.net/gh/bryllim/workout-guide@ba0b709cb20430361b2cb33aaadd20998164a916/packages/workout-guide/assets/incline-bench-press/frame-1.svg","https://cdn.jsdelivr.net/gh/bryllim/workout-guide@ba0b709cb20430361b2cb33aaadd20998164a916/packages/workout-guide/assets/incline-bench-press/frame-2.svg","https://cdn.jsdelivr.net/gh/bryllim/workout-guide@ba0b709cb20430361b2cb33aaadd20998164a916/packages/workout-guide/assets/incline-bench-press/frame-3.svg","both"
"917","pectorals/dumbbell-incline-bench-press","Dumbbell Incline Bench Press","dumbbell","pectorals","strength","true","https://cdn.jsdelivr.net/gh/JahelCuadrado/ExerciseGymGifsDB@v1.1.0/pectorals/dumbbell-incline-bench-press.gif","incline-bench-press","exact","https://cdn.jsdelivr.net/gh/bryllim/workout-guide@ba0b709cb20430361b2cb33aaadd20998164a916/packages/workout-guide/assets/incline-bench-press/frame-1.svg","https://cdn.jsdelivr.net/gh/bryllim/workout-guide@ba0b709cb20430361b2cb33aaadd20998164a916/packages/workout-guide/assets/incline-bench-press/frame-2.svg","https://cdn.jsdelivr.net/gh/bryllim/workout-guide@ba0b709cb20430361b2cb33aaadd20998164a916/packages/workout-guide/assets/incline-bench-press/frame-3.svg","both"
"918","pectorals/dumbbell-incline-breeding","Dumbbell Incline Breeding","dumbbell","pectorals","strength","true","https://cdn.jsdelivr.net/gh/JahelCuadrado/ExerciseGymGifsDB@v1.1.0/pectorals/dumbbell-incline-breeding.gif","","","","","","gif_only"
"919","pectorals/dumbbell-incline-fly-on-exercise-ball","Dumbbell Incline Fly On Exercise Ball","dumbbell","pectorals","strength","true","https://cdn.jsdelivr.net/gh/JahelCuadrado/ExerciseGymGifsDB@v1.1.0/pectorals/dumbbell-incline-fly-on-exercise-ball.gif","","","","","","gif_only"
"920","pectorals/dumbbell-incline-fly","Dumbbell Incline Fly","dumbbell","pectorals","strength","true","https://cdn.jsdelivr.net/gh/JahelCuadrado/ExerciseGymGifsDB@v1.1.0/pectorals/dumbbell-incline-fly.gif","incline-cable-fly","fuzzy(0.67)","https://cdn.jsdelivr.net/gh/bryllim/workout-guide@ba0b709cb20430361b2cb33aaadd20998164a916/packages/workout-guide/assets/incline-cable-fly/frame-1.svg","https://cdn.jsdelivr.net/gh/bryllim/workout-guide@ba0b709cb20430361b2cb33aaadd20998164a916/packages/workout-guide/assets/incline-cable-fly/frame-2.svg","https://cdn.jsdelivr.net/gh/bryllim/workout-guide@ba0b709cb20430361b2cb33aaadd20998164a916/packages/workout-guide/assets/incline-cable-fly/frame-3.svg","both"
"921","pectorals/dumbbell-incline-hammer-press","Dumbbell Incline Hammer Press","dumbbell","pectorals","strength","true","https://cdn.jsdelivr.net/gh/JahelCuadrado/ExerciseGymGifsDB@v1.1.0/pectorals/dumbbell-incline-hammer-press.gif","incline-bench-press","fuzzy(0.50)","https://cdn.jsdelivr.net/gh/bryllim/workout-guide@ba0b709cb20430361b2cb33aaadd20998164a916/packages/workout-guide/assets/incline-bench-press/frame-1.svg","https://cdn.jsdelivr.net/gh/bryllim/workout-guide@ba0b709cb20430361b2cb33aaadd20998164a916/packages/workout-guide/assets/incline-bench-press/frame-2.svg","https://cdn.jsdelivr.net/gh/bryllim/workout-guide@ba0b709cb20430361b2cb33aaadd20998164a916/packages/workout-guide/assets/incline-bench-press/frame-3.svg","both"
"922","pectorals/dumbbell-incline-one-arm-fly-on-exercise-ball","Dumbbell Incline One Arm Fly On Exercise Ball","dumbbell","pectorals","strength","true","https://cdn.jsdelivr.net/gh/JahelCuadrado/ExerciseGymGifsDB@v1.1.0/pectorals/dumbbell-incline-one-arm-fly-on-exercise-ball.gif","","","","","","gif_only"
"923","pectorals/dumbbell-incline-one-arm-fly","Dumbbell Incline One Arm Fly","dumbbell","pectorals","strength","true","https://cdn.jsdelivr.net/gh/JahelCuadrado/ExerciseGymGifsDB@v1.1.0/pectorals/dumbbell-incline-one-arm-fly.gif","","","","","","gif_only"
"924","pectorals/dumbbell-incline-one-arm-press-on-exercise-ball","Dumbbell Incline One Arm Press On Exercise Ball","dumbbell","pectorals","strength","true","https://cdn.jsdelivr.net/gh/JahelCuadrado/ExerciseGymGifsDB@v1.1.0/pectorals/dumbbell-incline-one-arm-press-on-exercise-ball.gif","","","","","","gif_only"
"925","pectorals/dumbbell-incline-one-arm-press","Dumbbell Incline One Arm Press","dumbbell","pectorals","strength","true","https://cdn.jsdelivr.net/gh/JahelCuadrado/ExerciseGymGifsDB@v1.1.0/pectorals/dumbbell-incline-one-arm-press.gif","","","","","","gif_only"
"926","pectorals/dumbbell-incline-palm-in-press","Dumbbell Incline Palm In Press","dumbbell","pectorals","strength","true","https://cdn.jsdelivr.net/gh/JahelCuadrado/ExerciseGymGifsDB@v1.1.0/pectorals/dumbbell-incline-palm-in-press.gif","","","","","","gif_only"
"927","pectorals/dumbbell-incline-press-on-exercise-ball","Dumbbell Incline Press On Exercise Ball","dumbbell","pectorals","strength","true","https://cdn.jsdelivr.net/gh/JahelCuadrado/ExerciseGymGifsDB@v1.1.0/pectorals/dumbbell-incline-press-on-exercise-ball.gif","","","","","","gif_only"
"928","pectorals/dumbbell-incline-twisted-flyes","Dumbbell Incline Twisted Flyes","dumbbell","pectorals","strength","true","https://cdn.jsdelivr.net/gh/JahelCuadrado/ExerciseGymGifsDB@v1.1.0/pectorals/dumbbell-incline-twisted-flyes.gif","","","","","","gif_only"
"929","pectorals/dumbbell-lying-hammer-press","Dumbbell Lying Hammer Press","dumbbell","pectorals","strength","true","https://cdn.jsdelivr.net/gh/JahelCuadrado/ExerciseGymGifsDB@v1.1.0/pectorals/dumbbell-lying-hammer-press.gif","","","","","","gif_only"
"930","pectorals/dumbbell-lying-one-arm-press-v-2","Dumbbell Lying One Arm Press v2","dumbbell","pectorals","strength","true","https://cdn.jsdelivr.net/gh/JahelCuadrado/ExerciseGymGifsDB@v1.1.0/pectorals/dumbbell-lying-one-arm-press-v-2.gif","","","","","","gif_only"
"931","pectorals/dumbbell-lying-one-arm-press","Dumbbell Lying One Arm Press","dumbbell","pectorals","strength","true","https://cdn.jsdelivr.net/gh/JahelCuadrado/ExerciseGymGifsDB@v1.1.0/pectorals/dumbbell-lying-one-arm-press.gif","","","","","","gif_only"
"932","pectorals/dumbbell-lying-pullover-on-exercise-ball","Dumbbell Lying Pullover On Exercise Ball","dumbbell","pectorals","strength","true","https://cdn.jsdelivr.net/gh/JahelCuadrado/ExerciseGymGifsDB@v1.1.0/pectorals/dumbbell-lying-pullover-on-exercise-ball.gif","","","","","","gif_only"
"933","pectorals/dumbbell-one-arm-bench-fly","Dumbbell One Arm Bench Fly","dumbbell","pectorals","strength","true","https://cdn.jsdelivr.net/gh/JahelCuadrado/ExerciseGymGifsDB@v1.1.0/pectorals/dumbbell-one-arm-bench-fly.gif","","","","","","gif_only"
"934","pectorals/dumbbell-one-arm-chest-fly-on-exercise-ball","Dumbbell One Arm Chest Fly On Exercise Ball","dumbbell","pectorals","strength","true","https://cdn.jsdelivr.net/gh/JahelCuadrado/ExerciseGymGifsDB@v1.1.0/pectorals/dumbbell-one-arm-chest-fly-on-exercise-ball.gif","","","","","","gif_only"
"935","pectorals/dumbbell-one-arm-decline-chest-press","Dumbbell One Arm Decline Chest Press","dumbbell","pectorals","strength","true","https://cdn.jsdelivr.net/gh/JahelCuadrado/ExerciseGymGifsDB@v1.1.0/pectorals/dumbbell-one-arm-decline-chest-press.gif","","","","","","gif_only"
"936","pectorals/dumbbell-one-arm-fly-on-exercise-ball","Dumbbell One Arm Fly On Exercise Ball","dumbbell","pectorals","strength","true","https://cdn.jsdelivr.net/gh/JahelCuadrado/ExerciseGymGifsDB@v1.1.0/pectorals/dumbbell-one-arm-fly-on-exercise-ball.gif","","","","","","gif_only"
"937","pectorals/dumbbell-one-arm-incline-chest-press","Dumbbell One Arm Incline Chest Press","dumbbell","pectorals","strength","true","https://cdn.jsdelivr.net/gh/JahelCuadrado/ExerciseGymGifsDB@v1.1.0/pectorals/dumbbell-one-arm-incline-chest-press.gif","","","","","","gif_only"
"938","pectorals/dumbbell-one-arm-press-on-exercise-ball","Dumbbell One Arm Press On Exercise Ball","dumbbell","pectorals","strength","true","https://cdn.jsdelivr.net/gh/JahelCuadrado/ExerciseGymGifsDB@v1.1.0/pectorals/dumbbell-one-arm-press-on-exercise-ball.gif","","","","","","gif_only"
"939","pectorals/dumbbell-one-arm-pullover-on-exercise-ball","Dumbbell One Arm Pullover On Exercise Ball","dumbbell","pectorals","strength","true","https://cdn.jsdelivr.net/gh/JahelCuadrado/ExerciseGymGifsDB@v1.1.0/pectorals/dumbbell-one-arm-pullover-on-exercise-ball.gif","","","","","","gif_only"
"940","pectorals/dumbbell-one-arm-reverse-grip-press","Dumbbell One Arm Reverse Grip Press","dumbbell","pectorals","strength","true","https://cdn.jsdelivr.net/gh/JahelCuadrado/ExerciseGymGifsDB@v1.1.0/pectorals/dumbbell-one-arm-reverse-grip-press.gif","","","","","","gif_only"
"941","pectorals/dumbbell-one-leg-fly-on-exercise-ball","Dumbbell One Leg Fly On Exercise Ball","dumbbell","pectorals","strength","true","https://cdn.jsdelivr.net/gh/JahelCuadrado/ExerciseGymGifsDB@v1.1.0/pectorals/dumbbell-one-leg-fly-on-exercise-ball.gif","","","","","","gif_only"
"942","pectorals/dumbbell-press-on-exercise-ball","Dumbbell Press On Exercise Ball","dumbbell","pectorals","strength","true","https://cdn.jsdelivr.net/gh/JahelCuadrado/ExerciseGymGifsDB@v1.1.0/pectorals/dumbbell-press-on-exercise-ball.gif","","","","","","gif_only"
"943","pectorals/dumbbell-pullover-hip-extension-on-exercise-ball","Dumbbell Pullover Hip Extension On Exercise Ball","dumbbell","pectorals","strength","true","https://cdn.jsdelivr.net/gh/JahelCuadrado/ExerciseGymGifsDB@v1.1.0/pectorals/dumbbell-pullover-hip-extension-on-exercise-ball.gif","","","","","","gif_only"
"944","pectorals/dumbbell-pullover-on-exercise-ball","Dumbbell Pullover On Exercise Ball","dumbbell","pectorals","strength","true","https://cdn.jsdelivr.net/gh/JahelCuadrado/ExerciseGymGifsDB@v1.1.0/pectorals/dumbbell-pullover-on-exercise-ball.gif","","","","","","gif_only"
"945","pectorals/dumbbell-pullover","Dumbbell Pullover","dumbbell","pectorals","strength","true","https://cdn.jsdelivr.net/gh/JahelCuadrado/ExerciseGymGifsDB@v1.1.0/pectorals/dumbbell-pullover.gif","","","","","","gif_only"
"946","pectorals/dumbbell-reverse-bench-press","Dumbbell Reverse Bench Press","dumbbell","pectorals","strength","true","https://cdn.jsdelivr.net/gh/JahelCuadrado/ExerciseGymGifsDB@v1.1.0/pectorals/dumbbell-reverse-bench-press.gif","bench-press","fuzzy(0.67)","https://cdn.jsdelivr.net/gh/bryllim/workout-guide@ba0b709cb20430361b2cb33aaadd20998164a916/packages/workout-guide/assets/bench-press/frame-1.svg","https://cdn.jsdelivr.net/gh/bryllim/workout-guide@ba0b709cb20430361b2cb33aaadd20998164a916/packages/workout-guide/assets/bench-press/frame-2.svg","https://cdn.jsdelivr.net/gh/bryllim/workout-guide@ba0b709cb20430361b2cb33aaadd20998164a916/packages/workout-guide/assets/bench-press/frame-3.svg","both"
"947","pectorals/dumbbell-straight-arm-pullover","Dumbbell Straight Arm Pullover","dumbbell","pectorals","strength","true","https://cdn.jsdelivr.net/gh/JahelCuadrado/ExerciseGymGifsDB@v1.1.0/pectorals/dumbbell-straight-arm-pullover.gif","straight-arm-pulldown","fuzzy(0.50)","https://cdn.jsdelivr.net/gh/bryllim/workout-guide@ba0b709cb20430361b2cb33aaadd20998164a916/packages/workout-guide/assets/straight-arm-pulldown/frame-1.svg","https://cdn.jsdelivr.net/gh/bryllim/workout-guide@ba0b709cb20430361b2cb33aaadd20998164a916/packages/workout-guide/assets/straight-arm-pulldown/frame-2.svg","https://cdn.jsdelivr.net/gh/bryllim/workout-guide@ba0b709cb20430361b2cb33aaadd20998164a916/packages/workout-guide/assets/straight-arm-pulldown/frame-3.svg","both"
"948","pectorals/dynamic-chest-stretch-male","Dynamic Chest Stretch Male","bodyweight","pectorals","stretching","true","https://cdn.jsdelivr.net/gh/JahelCuadrado/ExerciseGymGifsDB@v1.1.0/pectorals/dynamic-chest-stretch-male.gif","","","","","","gif_only"
"949","pectorals/exercise-ball-pike-push-up","Exercise Ball Pike Push Up","bodyweight","pectorals","strength","true","https://cdn.jsdelivr.net/gh/JahelCuadrado/ExerciseGymGifsDB@v1.1.0/pectorals/exercise-ball-pike-push-up.gif","pike-push-up","fuzzy(0.60)","https://cdn.jsdelivr.net/gh/bryllim/workout-guide@ba0b709cb20430361b2cb33aaadd20998164a916/packages/workout-guide/assets/pike-push-up/frame-1.svg","https://cdn.jsdelivr.net/gh/bryllim/workout-guide@ba0b709cb20430361b2cb33aaadd20998164a916/packages/workout-guide/assets/pike-push-up/frame-2.svg","https://cdn.jsdelivr.net/gh/bryllim/workout-guide@ba0b709cb20430361b2cb33aaadd20998164a916/packages/workout-guide/assets/pike-push-up/frame-3.svg","both"
"950","pectorals/floor-fly-with-barbell","Floor Fly With Barbell","barbell","pectorals","strength","true","https://cdn.jsdelivr.net/gh/JahelCuadrado/ExerciseGymGifsDB@v1.1.0/pectorals/floor-fly-with-barbell.gif","","","","","","gif_only"
"951","pectorals/full-planche-push-up","Full Planche Push Up","bodyweight","pectorals","strength","true","https://cdn.jsdelivr.net/gh/JahelCuadrado/ExerciseGymGifsDB@v1.1.0/pectorals/full-planche-push-up.gif","push-up","fuzzy(0.50)","https://cdn.jsdelivr.net/gh/bryllim/workout-guide@ba0b709cb20430361b2cb33aaadd20998164a916/packages/workout-guide/assets/push-up/frame-1.svg","https://cdn.jsdelivr.net/gh/bryllim/workout-guide@ba0b709cb20430361b2cb33aaadd20998164a916/packages/workout-guide/assets/push-up/frame-2.svg","https://cdn.jsdelivr.net/gh/bryllim/workout-guide@ba0b709cb20430361b2cb33aaadd20998164a916/packages/workout-guide/assets/push-up/frame-3.svg","both"
"952","pectorals/hands-bike","Hands Bike","bodyweight","pectorals","strength","true","https://cdn.jsdelivr.net/gh/JahelCuadrado/ExerciseGymGifsDB@v1.1.0/pectorals/hands-bike.gif","","","","","","gif_only"
"953","pectorals/hyght-dumbbell-fly","Hyght Dumbbell Fly","dumbbell","pectorals","strength","true","https://cdn.jsdelivr.net/gh/JahelCuadrado/ExerciseGymGifsDB@v1.1.0/pectorals/hyght-dumbbell-fly.gif","","","","","","gif_only"
"954","pectorals/incline-push-up-depth-jump","Incline Push Up Depth Jump","bodyweight","pectorals","plyometrics","true","https://cdn.jsdelivr.net/gh/JahelCuadrado/ExerciseGymGifsDB@v1.1.0/pectorals/incline-push-up-depth-jump.gif","incline-push-up","fuzzy(0.60)","https://cdn.jsdelivr.net/gh/bryllim/workout-guide@ba0b709cb20430361b2cb33aaadd20998164a916/packages/workout-guide/assets/incline-push-up/frame-1.svg","https://cdn.jsdelivr.net/gh/bryllim/workout-guide@ba0b709cb20430361b2cb33aaadd20998164a916/packages/workout-guide/assets/incline-push-up/frame-2.svg","https://cdn.jsdelivr.net/gh/bryllim/workout-guide@ba0b709cb20430361b2cb33aaadd20998164a916/packages/workout-guide/assets/incline-push-up/frame-3.svg","both"
"955","pectorals/incline-push-up-on-box","Incline Push Up On Box","bodyweight","pectorals","strength","true","https://cdn.jsdelivr.net/gh/JahelCuadrado/ExerciseGymGifsDB@v1.1.0/pectorals/incline-push-up-on-box.gif","incline-push-up","fuzzy(0.60)","https://cdn.jsdelivr.net/gh/bryllim/workout-guide@ba0b709cb20430361b2cb33aaadd20998164a916/packages/workout-guide/assets/incline-push-up/frame-1.svg","https://cdn.jsdelivr.net/gh/bryllim/workout-guide@ba0b709cb20430361b2cb33aaadd20998164a916/packages/workout-guide/assets/incline-push-up/frame-2.svg","https://cdn.jsdelivr.net/gh/bryllim/workout-guide@ba0b709cb20430361b2cb33aaadd20998164a916/packages/workout-guide/assets/incline-push-up/frame-3.svg","both"
"956","pectorals/incline-push-up","Incline Push Up","bodyweight","pectorals","strength","true","https://cdn.jsdelivr.net/gh/JahelCuadrado/ExerciseGymGifsDB@v1.1.0/pectorals/incline-push-up.gif","incline-push-up","exact","https://cdn.jsdelivr.net/gh/bryllim/workout-guide@ba0b709cb20430361b2cb33aaadd20998164a916/packages/workout-guide/assets/incline-push-up/frame-1.svg","https://cdn.jsdelivr.net/gh/bryllim/workout-guide@ba0b709cb20430361b2cb33aaadd20998164a916/packages/workout-guide/assets/incline-push-up/frame-2.svg","https://cdn.jsdelivr.net/gh/bryllim/workout-guide@ba0b709cb20430361b2cb33aaadd20998164a916/packages/workout-guide/assets/incline-push-up/frame-3.svg","both"
"957","pectorals/incline-reverse-grip-push-up","Incline Reverse Grip Push Up","bodyweight","pectorals","strength","true","https://cdn.jsdelivr.net/gh/JahelCuadrado/ExerciseGymGifsDB@v1.1.0/pectorals/incline-reverse-grip-push-up.gif","incline-push-up","fuzzy(0.60)","https://cdn.jsdelivr.net/gh/bryllim/workout-guide@ba0b709cb20430361b2cb33aaadd20998164a916/packages/workout-guide/assets/incline-push-up/frame-1.svg","https://cdn.jsdelivr.net/gh/bryllim/workout-guide@ba0b709cb20430361b2cb33aaadd20998164a916/packages/workout-guide/assets/incline-push-up/frame-2.svg","https://cdn.jsdelivr.net/gh/bryllim/workout-guide@ba0b709cb20430361b2cb33aaadd20998164a916/packages/workout-guide/assets/incline-push-up/frame-3.svg","both"
"958","pectorals/isometric-chest-squeeze","Isometric Chest Squeeze","bodyweight","pectorals","strength","true","https://cdn.jsdelivr.net/gh/JahelCuadrado/ExerciseGymGifsDB@v1.1.0/pectorals/isometric-chest-squeeze.gif","","","","","","gif_only"
"959","pectorals/isometric-wipers","Isometric Wipers","bodyweight","pectorals","strength","true","https://cdn.jsdelivr.net/gh/JahelCuadrado/ExerciseGymGifsDB@v1.1.0/pectorals/isometric-wipers.gif","","","","","","gif_only"
"960","pectorals/kettlebell-alternating-press-on-floor","Kettlebell Alternating Press On Floor","kettlebell","pectorals","strength","true","https://cdn.jsdelivr.net/gh/JahelCuadrado/ExerciseGymGifsDB@v1.1.0/pectorals/kettlebell-alternating-press-on-floor.gif","","","","","","gif_only"
"961","pectorals/kettlebell-extended-range-one-arm-press-on-floor","Kettlebell Extended Range One Arm Press On Floor","kettlebell","pectorals","strength","true","https://cdn.jsdelivr.net/gh/JahelCuadrado/ExerciseGymGifsDB@v1.1.0/pectorals/kettlebell-extended-range-one-arm-press-on-floor.gif","","","","","","gif_only"
"962","pectorals/kettlebell-one-arm-floor-press","Kettlebell One Arm Floor Press","kettlebell","pectorals","strength","true","https://cdn.jsdelivr.net/gh/JahelCuadrado/ExerciseGymGifsDB@v1.1.0/pectorals/kettlebell-one-arm-floor-press.gif","","","","","","gif_only"
"963","pectorals/kettlebell-plyo-push-up","Kettlebell Plyo Push Up","kettlebell","pectorals","plyometrics","true","https://cdn.jsdelivr.net/gh/JahelCuadrado/ExerciseGymGifsDB@v1.1.0/pectorals/kettlebell-plyo-push-up.gif","push-up","fuzzy(0.67)","https://cdn.jsdelivr.net/gh/bryllim/workout-guide@ba0b709cb20430361b2cb33aaadd20998164a916/packages/workout-guide/assets/push-up/frame-1.svg","https://cdn.jsdelivr.net/gh/bryllim/workout-guide@ba0b709cb20430361b2cb33aaadd20998164a916/packages/workout-guide/assets/push-up/frame-2.svg","https://cdn.jsdelivr.net/gh/bryllim/workout-guide@ba0b709cb20430361b2cb33aaadd20998164a916/packages/workout-guide/assets/push-up/frame-3.svg","both"
"964","pectorals/kneeling-push-up-male","Kneeling Push Up Male","bodyweight","pectorals","strength","true","https://cdn.jsdelivr.net/gh/JahelCuadrado/ExerciseGymGifsDB@v1.1.0/pectorals/kneeling-push-up-male.gif","push-up","fuzzy(0.50)","https://cdn.jsdelivr.net/gh/bryllim/workout-guide@ba0b709cb20430361b2cb33aaadd20998164a916/packages/workout-guide/assets/push-up/frame-1.svg","https://cdn.jsdelivr.net/gh/bryllim/workout-guide@ba0b709cb20430361b2cb33aaadd20998164a916/packages/workout-guide/assets/push-up/frame-2.svg","https://cdn.jsdelivr.net/gh/bryllim/workout-guide@ba0b709cb20430361b2cb33aaadd20998164a916/packages/workout-guide/assets/push-up/frame-3.svg","both"
"965","pectorals/korean-dips","Korean Dips","bodyweight","pectorals","strength","true","https://cdn.jsdelivr.net/gh/JahelCuadrado/ExerciseGymGifsDB@v1.1.0/pectorals/korean-dips.gif","dip","fuzzy(0.50)","https://cdn.jsdelivr.net/gh/bryllim/workout-guide@ba0b709cb20430361b2cb33aaadd20998164a916/packages/workout-guide/assets/dip/frame-1.svg","https://cdn.jsdelivr.net/gh/bryllim/workout-guide@ba0b709cb20430361b2cb33aaadd20998164a916/packages/workout-guide/assets/dip/frame-2.svg","https://cdn.jsdelivr.net/gh/bryllim/workout-guide@ba0b709cb20430361b2cb33aaadd20998164a916/packages/workout-guide/assets/dip/frame-3.svg","both"
"966","pectorals/lever-chest-press-0577","Lever Chest Press 0577","lever","pectorals","strength","true","https://cdn.jsdelivr.net/gh/JahelCuadrado/ExerciseGymGifsDB@v1.1.0/pectorals/lever-chest-press-0577.gif","","","","","","gif_only"
"967","pectorals/lever-chest-press","Lever Chest Press","lever","pectorals","strength","true","https://cdn.jsdelivr.net/gh/JahelCuadrado/ExerciseGymGifsDB@v1.1.0/pectorals/lever-chest-press.gif","","","","","","gif_only"
"968","pectorals/lever-decline-chest-press","Lever Decline Chest Press","lever","pectorals","strength","true","https://cdn.jsdelivr.net/gh/JahelCuadrado/ExerciseGymGifsDB@v1.1.0/pectorals/lever-decline-chest-press.gif","decline-bench-press","fuzzy(0.50)","https://cdn.jsdelivr.net/gh/bryllim/workout-guide@ba0b709cb20430361b2cb33aaadd20998164a916/packages/workout-guide/assets/decline-bench-press/frame-1.svg","https://cdn.jsdelivr.net/gh/bryllim/workout-guide@ba0b709cb20430361b2cb33aaadd20998164a916/packages/workout-guide/assets/decline-bench-press/frame-2.svg","https://cdn.jsdelivr.net/gh/bryllim/workout-guide@ba0b709cb20430361b2cb33aaadd20998164a916/packages/workout-guide/assets/decline-bench-press/frame-3.svg","both"
"969","pectorals/lever-incline-chest-press-v-2","Lever Incline Chest Press v2","lever","pectorals","strength","true","https://cdn.jsdelivr.net/gh/JahelCuadrado/ExerciseGymGifsDB@v1.1.0/pectorals/lever-incline-chest-press-v-2.gif","","","","","","gif_only"
"970","pectorals/lever-incline-chest-press","Lever Incline Chest Press","lever","pectorals","strength","true","https://cdn.jsdelivr.net/gh/JahelCuadrado/ExerciseGymGifsDB@v1.1.0/pectorals/lever-incline-chest-press.gif","incline-bench-press","fuzzy(0.50)","https://cdn.jsdelivr.net/gh/bryllim/workout-guide@ba0b709cb20430361b2cb33aaadd20998164a916/packages/workout-guide/assets/incline-bench-press/frame-1.svg","https://cdn.jsdelivr.net/gh/bryllim/workout-guide@ba0b709cb20430361b2cb33aaadd20998164a916/packages/workout-guide/assets/incline-bench-press/frame-2.svg","https://cdn.jsdelivr.net/gh/bryllim/workout-guide@ba0b709cb20430361b2cb33aaadd20998164a916/packages/workout-guide/assets/incline-bench-press/frame-3.svg","both"
"971","pectorals/lever-seated-fly","Lever Seated Fly","lever","pectorals","strength","true","https://cdn.jsdelivr.net/gh/JahelCuadrado/ExerciseGymGifsDB@v1.1.0/pectorals/lever-seated-fly.gif","","","","","","gif_only"
"972","pectorals/lever-standing-chest-press","Lever Standing Chest Press","lever","pectorals","strength","true","https://cdn.jsdelivr.net/gh/JahelCuadrado/ExerciseGymGifsDB@v1.1.0/pectorals/lever-standing-chest-press.gif","standing-dumbbell-press","fuzzy(0.50)","https://cdn.jsdelivr.net/gh/bryllim/workout-guide@ba0b709cb20430361b2cb33aaadd20998164a916/packages/workout-guide/assets/standing-dumbbell-press/frame-1.svg","https://cdn.jsdelivr.net/gh/bryllim/workout-guide@ba0b709cb20430361b2cb33aaadd20998164a916/packages/workout-guide/assets/standing-dumbbell-press/frame-2.svg","https://cdn.jsdelivr.net/gh/bryllim/workout-guide@ba0b709cb20430361b2cb33aaadd20998164a916/packages/workout-guide/assets/standing-dumbbell-press/frame-3.svg","both"
"973","pectorals/machine-inner-chest-press","Machine Inner Chest Press","machine","pectorals","strength","true","https://cdn.jsdelivr.net/gh/JahelCuadrado/ExerciseGymGifsDB@v1.1.0/pectorals/machine-inner-chest-press.gif","","","","","","gif_only"
"974","pectorals/medicine-ball-chest-pass","Medicine Ball Chest Pass","bodyweight","pectorals","strength","true","https://cdn.jsdelivr.net/gh/JahelCuadrado/ExerciseGymGifsDB@v1.1.0/pectorals/medicine-ball-chest-pass.gif","","","","","","gif_only"
"975","pectorals/medicine-ball-chest-push-from-3-point-stance","Medicine Ball Chest Push From 3 Point Stance","bodyweight","pectorals","strength","true","https://cdn.jsdelivr.net/gh/JahelCuadrado/ExerciseGymGifsDB@v1.1.0/pectorals/medicine-ball-chest-push-from-3-point-stance.gif","","","","","","gif_only"
"976","pectorals/medicine-ball-chest-push-multiple-response","Medicine Ball Chest Push Multiple Response","bodyweight","pectorals","strength","true","https://cdn.jsdelivr.net/gh/JahelCuadrado/ExerciseGymGifsDB@v1.1.0/pectorals/medicine-ball-chest-push-multiple-response.gif","","","","","","gif_only"
"977","pectorals/medicine-ball-chest-push-single-response","Medicine Ball Chest Push Single Response","bodyweight","pectorals","strength","true","https://cdn.jsdelivr.net/gh/JahelCuadrado/ExerciseGymGifsDB@v1.1.0/pectorals/medicine-ball-chest-push-single-response.gif","","","","","","gif_only"
"978","pectorals/medicine-ball-chest-push-with-run-release","Medicine Ball Chest Push With Run Release","bodyweight","pectorals","strength","true","https://cdn.jsdelivr.net/gh/JahelCuadrado/ExerciseGymGifsDB@v1.1.0/pectorals/medicine-ball-chest-push-with-run-release.gif","","","","","","gif_only"
"979","pectorals/modified-hindu-push-up-male","Modified Hindu Push Up Male","bodyweight","pectorals","strength","true","https://cdn.jsdelivr.net/gh/JahelCuadrado/ExerciseGymGifsDB@v1.1.0/pectorals/modified-hindu-push-up-male.gif","hindu-push-up","fuzzy(0.60)","https://cdn.jsdelivr.net/gh/bryllim/workout-guide@ba0b709cb20430361b2cb33aaadd20998164a916/packages/workout-guide/assets/hindu-push-up/frame-1.svg","https://cdn.jsdelivr.net/gh/bryllim/workout-guide@ba0b709cb20430361b2cb33aaadd20998164a916/packages/workout-guide/assets/hindu-push-up/frame-2.svg","https://cdn.jsdelivr.net/gh/bryllim/workout-guide@ba0b709cb20430361b2cb33aaadd20998164a916/packages/workout-guide/assets/hindu-push-up/frame-3.svg","both"
"980","pectorals/plyo-push-up","Plyo Push Up","bodyweight","pectorals","plyometrics","true","https://cdn.jsdelivr.net/gh/JahelCuadrado/ExerciseGymGifsDB@v1.1.0/pectorals/plyo-push-up.gif","push-up","fuzzy(0.67)","https://cdn.jsdelivr.net/gh/bryllim/workout-guide@ba0b709cb20430361b2cb33aaadd20998164a916/packages/workout-guide/assets/push-up/frame-1.svg","https://cdn.jsdelivr.net/gh/bryllim/workout-guide@ba0b709cb20430361b2cb33aaadd20998164a916/packages/workout-guide/assets/push-up/frame-2.svg","https://cdn.jsdelivr.net/gh/bryllim/workout-guide@ba0b709cb20430361b2cb33aaadd20998164a916/packages/workout-guide/assets/push-up/frame-3.svg","both"
"981","pectorals/push-and-pull-bodyweight","Push And Pull Bodyweight","bodyweight","pectorals","strength","true","https://cdn.jsdelivr.net/gh/JahelCuadrado/ExerciseGymGifsDB@v1.1.0/pectorals/push-and-pull-bodyweight.gif","","","","","","gif_only"
"982","pectorals/push-up-bosu-ball","Push Up Bosu Ball","bodyweight","pectorals","strength","true","https://cdn.jsdelivr.net/gh/JahelCuadrado/ExerciseGymGifsDB@v1.1.0/pectorals/push-up-bosu-ball.gif","push-up","fuzzy(0.50)","https://cdn.jsdelivr.net/gh/bryllim/workout-guide@ba0b709cb20430361b2cb33aaadd20998164a916/packages/workout-guide/assets/push-up/frame-1.svg","https://cdn.jsdelivr.net/gh/bryllim/workout-guide@ba0b709cb20430361b2cb33aaadd20998164a916/packages/workout-guide/assets/push-up/frame-2.svg","https://cdn.jsdelivr.net/gh/bryllim/workout-guide@ba0b709cb20430361b2cb33aaadd20998164a916/packages/workout-guide/assets/push-up/frame-3.svg","both"
"983","pectorals/push-up-medicine-ball","Push Up Medicine Ball","bodyweight","pectorals","strength","true","https://cdn.jsdelivr.net/gh/JahelCuadrado/ExerciseGymGifsDB@v1.1.0/pectorals/push-up-medicine-ball.gif","push-up","fuzzy(0.50)","https://cdn.jsdelivr.net/gh/bryllim/workout-guide@ba0b709cb20430361b2cb33aaadd20998164a916/packages/workout-guide/assets/push-up/frame-1.svg","https://cdn.jsdelivr.net/gh/bryllim/workout-guide@ba0b709cb20430361b2cb33aaadd20998164a916/packages/workout-guide/assets/push-up/frame-2.svg","https://cdn.jsdelivr.net/gh/bryllim/workout-guide@ba0b709cb20430361b2cb33aaadd20998164a916/packages/workout-guide/assets/push-up/frame-3.svg","both"
"984","pectorals/push-up-on-bosu-ball","Push Up On Bosu Ball","bodyweight","pectorals","strength","true","https://cdn.jsdelivr.net/gh/JahelCuadrado/ExerciseGymGifsDB@v1.1.0/pectorals/push-up-on-bosu-ball.gif","","","","","","gif_only"
"985","pectorals/push-up-on-stability-ball-0656","Push Up On Stability Ball 0656","bodyweight","pectorals","strength","true","https://cdn.jsdelivr.net/gh/JahelCuadrado/ExerciseGymGifsDB@v1.1.0/pectorals/push-up-on-stability-ball-0656.gif","","","","","","gif_only"
"986","pectorals/push-up-on-stability-ball","Push Up On Stability Ball","bodyweight","pectorals","strength","true","https://cdn.jsdelivr.net/gh/JahelCuadrado/ExerciseGymGifsDB@v1.1.0/pectorals/push-up-on-stability-ball.gif","","","","","","gif_only"
"987","pectorals/push-up-plus","Push Up Plus","bodyweight","pectorals","strength","true","https://cdn.jsdelivr.net/gh/JahelCuadrado/ExerciseGymGifsDB@v1.1.0/pectorals/push-up-plus.gif","push-up","fuzzy(0.67)","https://cdn.jsdelivr.net/gh/bryllim/workout-guide@ba0b709cb20430361b2cb33aaadd20998164a916/packages/workout-guide/assets/push-up/frame-1.svg","https://cdn.jsdelivr.net/gh/bryllim/workout-guide@ba0b709cb20430361b2cb33aaadd20998164a916/packages/workout-guide/assets/push-up/frame-2.svg","https://cdn.jsdelivr.net/gh/bryllim/workout-guide@ba0b709cb20430361b2cb33aaadd20998164a916/packages/workout-guide/assets/push-up/frame-3.svg","both"
"988","pectorals/push-up-wall-v-2","Push Up Wall v2","bodyweight","pectorals","strength","true","https://cdn.jsdelivr.net/gh/JahelCuadrado/ExerciseGymGifsDB@v1.1.0/pectorals/push-up-wall-v-2.gif","wall-push-up","fuzzy(0.75)","https://cdn.jsdelivr.net/gh/bryllim/workout-guide@ba0b709cb20430361b2cb33aaadd20998164a916/packages/workout-guide/assets/wall-push-up/frame-1.svg","https://cdn.jsdelivr.net/gh/bryllim/workout-guide@ba0b709cb20430361b2cb33aaadd20998164a916/packages/workout-guide/assets/wall-push-up/frame-2.svg","https://cdn.jsdelivr.net/gh/bryllim/workout-guide@ba0b709cb20430361b2cb33aaadd20998164a916/packages/workout-guide/assets/wall-push-up/frame-3.svg","both"
"989","pectorals/push-up-wall","Push Up Wall","bodyweight","pectorals","strength","true","https://cdn.jsdelivr.net/gh/JahelCuadrado/ExerciseGymGifsDB@v1.1.0/pectorals/push-up-wall.gif","wall-push-up","fuzzy(1.00)","https://cdn.jsdelivr.net/gh/bryllim/workout-guide@ba0b709cb20430361b2cb33aaadd20998164a916/packages/workout-guide/assets/wall-push-up/frame-1.svg","https://cdn.jsdelivr.net/gh/bryllim/workout-guide@ba0b709cb20430361b2cb33aaadd20998164a916/packages/workout-guide/assets/wall-push-up/frame-2.svg","https://cdn.jsdelivr.net/gh/bryllim/workout-guide@ba0b709cb20430361b2cb33aaadd20998164a916/packages/workout-guide/assets/wall-push-up/frame-3.svg","both"
"990","pectorals/push-up","Push Up","bodyweight","pectorals","strength","true","https://cdn.jsdelivr.net/gh/JahelCuadrado/ExerciseGymGifsDB@v1.1.0/pectorals/push-up.gif","push-up","exact","https://cdn.jsdelivr.net/gh/bryllim/workout-guide@ba0b709cb20430361b2cb33aaadd20998164a916/packages/workout-guide/assets/push-up/frame-1.svg","https://cdn.jsdelivr.net/gh/bryllim/workout-guide@ba0b709cb20430361b2cb33aaadd20998164a916/packages/workout-guide/assets/push-up/frame-2.svg","https://cdn.jsdelivr.net/gh/bryllim/workout-guide@ba0b709cb20430361b2cb33aaadd20998164a916/packages/workout-guide/assets/push-up/frame-3.svg","both"
"991","pectorals/raise-single-arm-push-up","Raise Single Arm Push Up","bodyweight","pectorals","strength","true","https://cdn.jsdelivr.net/gh/JahelCuadrado/ExerciseGymGifsDB@v1.1.0/pectorals/raise-single-arm-push-up.gif","","","","","","gif_only"
"992","pectorals/resistance-band-seated-chest-press","Resistance Band Seated Chest Press","band","pectorals","strength","true","https://cdn.jsdelivr.net/gh/JahelCuadrado/ExerciseGymGifsDB@v1.1.0/pectorals/resistance-band-seated-chest-press.gif","seated-dumbbell-press","fuzzy(0.50)","https://cdn.jsdelivr.net/gh/bryllim/workout-guide@ba0b709cb20430361b2cb33aaadd20998164a916/packages/workout-guide/assets/seated-dumbbell-press/frame-1.svg","https://cdn.jsdelivr.net/gh/bryllim/workout-guide@ba0b709cb20430361b2cb33aaadd20998164a916/packages/workout-guide/assets/seated-dumbbell-press/frame-2.svg","https://cdn.jsdelivr.net/gh/bryllim/workout-guide@ba0b709cb20430361b2cb33aaadd20998164a916/packages/workout-guide/assets/seated-dumbbell-press/frame-3.svg","both"
"993","pectorals/roller-seated-shoulder-flexor-depresor-retractor","Roller Seated Shoulder Flexor Depresor Retractor","bodyweight","pectorals","strength","true","https://cdn.jsdelivr.net/gh/JahelCuadrado/ExerciseGymGifsDB@v1.1.0/pectorals/roller-seated-shoulder-flexor-depresor-retractor.gif","","","","","","gif_only"
"994","pectorals/roller-seated-single-leg-shoulder-flexor-depresor-retractor","Roller Seated Single Leg Shoulder Flexor Depresor Retractor","bodyweight","pectorals","strength","true","https://cdn.jsdelivr.net/gh/JahelCuadrado/ExerciseGymGifsDB@v1.1.0/pectorals/roller-seated-single-leg-shoulder-flexor-depresor-retractor.gif","","","","","","gif_only"
"995","pectorals/shoulder-tap-push-up","Shoulder Tap Push Up","bodyweight","pectorals","strength","true","https://cdn.jsdelivr.net/gh/JahelCuadrado/ExerciseGymGifsDB@v1.1.0/pectorals/shoulder-tap-push-up.gif","push-up-shoulder-tap","fuzzy(1.00)","https://cdn.jsdelivr.net/gh/bryllim/workout-guide@ba0b709cb20430361b2cb33aaadd20998164a916/packages/workout-guide/assets/push-up-shoulder-tap/frame-1.svg","https://cdn.jsdelivr.net/gh/bryllim/workout-guide@ba0b709cb20430361b2cb33aaadd20998164a916/packages/workout-guide/assets/push-up-shoulder-tap/frame-2.svg","https://cdn.jsdelivr.net/gh/bryllim/workout-guide@ba0b709cb20430361b2cb33aaadd20998164a916/packages/workout-guide/assets/push-up-shoulder-tap/frame-3.svg","both"
"996","pectorals/single-arm-push-up","Single Arm Push Up","bodyweight","pectorals","strength","true","https://cdn.jsdelivr.net/gh/JahelCuadrado/ExerciseGymGifsDB@v1.1.0/pectorals/single-arm-push-up.gif","push-up","fuzzy(0.50)","https://cdn.jsdelivr.net/gh/bryllim/workout-guide@ba0b709cb20430361b2cb33aaadd20998164a916/packages/workout-guide/assets/push-up/frame-1.svg","https://cdn.jsdelivr.net/gh/bryllim/workout-guide@ba0b709cb20430361b2cb33aaadd20998164a916/packages/workout-guide/assets/push-up/frame-2.svg","https://cdn.jsdelivr.net/gh/bryllim/workout-guide@ba0b709cb20430361b2cb33aaadd20998164a916/packages/workout-guide/assets/push-up/frame-3.svg","both"
"997","pectorals/smith-bench-press","Smith Bench Press","smith","pectorals","strength","true","https://cdn.jsdelivr.net/gh/JahelCuadrado/ExerciseGymGifsDB@v1.1.0/pectorals/smith-bench-press.gif","bench-press","exact","https://cdn.jsdelivr.net/gh/bryllim/workout-guide@ba0b709cb20430361b2cb33aaadd20998164a916/packages/workout-guide/assets/bench-press/frame-1.svg","https://cdn.jsdelivr.net/gh/bryllim/workout-guide@ba0b709cb20430361b2cb33aaadd20998164a916/packages/workout-guide/assets/bench-press/frame-2.svg","https://cdn.jsdelivr.net/gh/bryllim/workout-guide@ba0b709cb20430361b2cb33aaadd20998164a916/packages/workout-guide/assets/bench-press/frame-3.svg","both"
"998","pectorals/smith-decline-bench-press","Smith Decline Bench Press","smith","pectorals","strength","true","https://cdn.jsdelivr.net/gh/JahelCuadrado/ExerciseGymGifsDB@v1.1.0/pectorals/smith-decline-bench-press.gif","decline-bench-press","exact","https://cdn.jsdelivr.net/gh/bryllim/workout-guide@ba0b709cb20430361b2cb33aaadd20998164a916/packages/workout-guide/assets/decline-bench-press/frame-1.svg","https://cdn.jsdelivr.net/gh/bryllim/workout-guide@ba0b709cb20430361b2cb33aaadd20998164a916/packages/workout-guide/assets/decline-bench-press/frame-2.svg","https://cdn.jsdelivr.net/gh/bryllim/workout-guide@ba0b709cb20430361b2cb33aaadd20998164a916/packages/workout-guide/assets/decline-bench-press/frame-3.svg","both"
"999","pectorals/smith-decline-reverse-grip-press","Smith Decline Reverse Grip Press","smith","pectorals","strength","true","https://cdn.jsdelivr.net/gh/JahelCuadrado/ExerciseGymGifsDB@v1.1.0/pectorals/smith-decline-reverse-grip-press.gif","","","","","","gif_only"
"1000","pectorals/smith-incline-bench-press","Smith Incline Bench Press","smith","pectorals","strength","true","https://cdn.jsdelivr.net/gh/JahelCuadrado/ExerciseGymGifsDB@v1.1.0/pectorals/smith-incline-bench-press.gif","incline-bench-press","exact","https://cdn.jsdelivr.net/gh/bryllim/workout-guide@ba0b709cb20430361b2cb33aaadd20998164a916/packages/workout-guide/assets/incline-bench-press/frame-1.svg","https://cdn.jsdelivr.net/gh/bryllim/workout-guide@ba0b709cb20430361b2cb33aaadd20998164a916/packages/workout-guide/assets/incline-bench-press/frame-2.svg","https://cdn.jsdelivr.net/gh/bryllim/workout-guide@ba0b709cb20430361b2cb33aaadd20998164a916/packages/workout-guide/assets/incline-bench-press/frame-3.svg","both"
"1001","pectorals/smith-incline-reverse-grip-press","Smith Incline Reverse Grip Press","smith","pectorals","strength","true","https://cdn.jsdelivr.net/gh/JahelCuadrado/ExerciseGymGifsDB@v1.1.0/pectorals/smith-incline-reverse-grip-press.gif","","","","","","gif_only"
"1002","pectorals/smith-machine-reverse-decline-close-grip-bench-press","Smith Machine Reverse Decline Close Grip Bench Press","smith","pectorals","strength","true","https://cdn.jsdelivr.net/gh/JahelCuadrado/ExerciseGymGifsDB@v1.1.0/pectorals/smith-machine-reverse-decline-close-grip-bench-press.gif","close-grip-bench-press","fuzzy(0.67)","https://cdn.jsdelivr.net/gh/bryllim/workout-guide@ba0b709cb20430361b2cb33aaadd20998164a916/packages/workout-guide/assets/close-grip-bench-press/frame-1.svg","https://cdn.jsdelivr.net/gh/bryllim/workout-guide@ba0b709cb20430361b2cb33aaadd20998164a916/packages/workout-guide/assets/close-grip-bench-press/frame-2.svg","https://cdn.jsdelivr.net/gh/bryllim/workout-guide@ba0b709cb20430361b2cb33aaadd20998164a916/packages/workout-guide/assets/close-grip-bench-press/frame-3.svg","both"
"1003","pectorals/smith-reverse-grip-press","Smith Reverse Grip Press","smith","pectorals","strength","true","https://cdn.jsdelivr.net/gh/JahelCuadrado/ExerciseGymGifsDB@v1.1.0/pectorals/smith-reverse-grip-press.gif","","","","","","gif_only"
"1004","pectorals/smith-wide-grip-bench-press","Smith Wide Grip Bench Press","smith","pectorals","strength","true","https://cdn.jsdelivr.net/gh/JahelCuadrado/ExerciseGymGifsDB@v1.1.0/pectorals/smith-wide-grip-bench-press.gif","close-grip-bench-press","fuzzy(0.60)","https://cdn.jsdelivr.net/gh/bryllim/workout-guide@ba0b709cb20430361b2cb33aaadd20998164a916/packages/workout-guide/assets/close-grip-bench-press/frame-1.svg","https://cdn.jsdelivr.net/gh/bryllim/workout-guide@ba0b709cb20430361b2cb33aaadd20998164a916/packages/workout-guide/assets/close-grip-bench-press/frame-2.svg","https://cdn.jsdelivr.net/gh/bryllim/workout-guide@ba0b709cb20430361b2cb33aaadd20998164a916/packages/workout-guide/assets/close-grip-bench-press/frame-3.svg","both"
"1005","pectorals/smith-wide-grip-decline-bench-press","Smith Wide Grip Decline Bench Press","smith","pectorals","strength","true","https://cdn.jsdelivr.net/gh/JahelCuadrado/ExerciseGymGifsDB@v1.1.0/pectorals/smith-wide-grip-decline-bench-press.gif","decline-bench-press","fuzzy(0.60)","https://cdn.jsdelivr.net/gh/bryllim/workout-guide@ba0b709cb20430361b2cb33aaadd20998164a916/packages/workout-guide/assets/decline-bench-press/frame-1.svg","https://cdn.jsdelivr.net/gh/bryllim/workout-guide@ba0b709cb20430361b2cb33aaadd20998164a916/packages/workout-guide/assets/decline-bench-press/frame-2.svg","https://cdn.jsdelivr.net/gh/bryllim/workout-guide@ba0b709cb20430361b2cb33aaadd20998164a916/packages/workout-guide/assets/decline-bench-press/frame-3.svg","both"
"1006","pectorals/superman-push-up","Superman Push Up","bodyweight","pectorals","strength","true","https://cdn.jsdelivr.net/gh/JahelCuadrado/ExerciseGymGifsDB@v1.1.0/pectorals/superman-push-up.gif","push-up","fuzzy(0.67)","https://cdn.jsdelivr.net/gh/bryllim/workout-guide@ba0b709cb20430361b2cb33aaadd20998164a916/packages/workout-guide/assets/push-up/frame-1.svg","https://cdn.jsdelivr.net/gh/bryllim/workout-guide@ba0b709cb20430361b2cb33aaadd20998164a916/packages/workout-guide/assets/push-up/frame-2.svg","https://cdn.jsdelivr.net/gh/bryllim/workout-guide@ba0b709cb20430361b2cb33aaadd20998164a916/packages/workout-guide/assets/push-up/frame-3.svg","both"
"1007","pectorals/suspended-push-up","Suspended Push Up","bodyweight","pectorals","strength","true","https://cdn.jsdelivr.net/gh/JahelCuadrado/ExerciseGymGifsDB@v1.1.0/pectorals/suspended-push-up.gif","push-up","fuzzy(0.67)","https://cdn.jsdelivr.net/gh/bryllim/workout-guide@ba0b709cb20430361b2cb33aaadd20998164a916/packages/workout-guide/assets/push-up/frame-1.svg","https://cdn.jsdelivr.net/gh/bryllim/workout-guide@ba0b709cb20430361b2cb33aaadd20998164a916/packages/workout-guide/assets/push-up/frame-2.svg","https://cdn.jsdelivr.net/gh/bryllim/workout-guide@ba0b709cb20430361b2cb33aaadd20998164a916/packages/workout-guide/assets/push-up/frame-3.svg","both"
"1008","pectorals/weighted-drop-push-up","Weighted Drop Push Up","bodyweight","pectorals","strength","true","https://cdn.jsdelivr.net/gh/JahelCuadrado/ExerciseGymGifsDB@v1.1.0/pectorals/weighted-drop-push-up.gif","push-up","fuzzy(0.67)","https://cdn.jsdelivr.net/gh/bryllim/workout-guide@ba0b709cb20430361b2cb33aaadd20998164a916/packages/workout-guide/assets/push-up/frame-1.svg","https://cdn.jsdelivr.net/gh/bryllim/workout-guide@ba0b709cb20430361b2cb33aaadd20998164a916/packages/workout-guide/assets/push-up/frame-2.svg","https://cdn.jsdelivr.net/gh/bryllim/workout-guide@ba0b709cb20430361b2cb33aaadd20998164a916/packages/workout-guide/assets/push-up/frame-3.svg","both"
"1009","pectorals/weighted-straight-bar-dip","Weighted Straight Bar Dip","bodyweight","pectorals","strength","true","https://cdn.jsdelivr.net/gh/JahelCuadrado/ExerciseGymGifsDB@v1.1.0/pectorals/weighted-straight-bar-dip.gif","dip","fuzzy(0.50)","https://cdn.jsdelivr.net/gh/bryllim/workout-guide@ba0b709cb20430361b2cb33aaadd20998164a916/packages/workout-guide/assets/dip/frame-1.svg","https://cdn.jsdelivr.net/gh/bryllim/workout-guide@ba0b709cb20430361b2cb33aaadd20998164a916/packages/workout-guide/assets/dip/frame-2.svg","https://cdn.jsdelivr.net/gh/bryllim/workout-guide@ba0b709cb20430361b2cb33aaadd20998164a916/packages/workout-guide/assets/dip/frame-3.svg","both"
"1010","pectorals/weighted-svend-press","Weighted Svend Press","bodyweight","pectorals","strength","true","https://cdn.jsdelivr.net/gh/JahelCuadrado/ExerciseGymGifsDB@v1.1.0/pectorals/weighted-svend-press.gif","","","","","","gif_only"
"1011","pectorals/wide-grip-chest-dip-on-high-parallel-bars","Wide Grip Chest Dip On High Parallel Bars","bodyweight","pectorals","strength","true","https://cdn.jsdelivr.net/gh/JahelCuadrado/ExerciseGymGifsDB@v1.1.0/pectorals/wide-grip-chest-dip-on-high-parallel-bars.gif","","","","","","gif_only"
"1012","pectorals/wide-hand-push-up","Wide Hand Push Up","bodyweight","pectorals","strength","true","https://cdn.jsdelivr.net/gh/JahelCuadrado/ExerciseGymGifsDB@v1.1.0/pectorals/wide-hand-push-up.gif","wide-push-up","fuzzy(0.75)","https://cdn.jsdelivr.net/gh/bryllim/workout-guide@ba0b709cb20430361b2cb33aaadd20998164a916/packages/workout-guide/assets/wide-push-up/frame-1.svg","https://cdn.jsdelivr.net/gh/bryllim/workout-guide@ba0b709cb20430361b2cb33aaadd20998164a916/packages/workout-guide/assets/wide-push-up/frame-2.svg","https://cdn.jsdelivr.net/gh/bryllim/workout-guide@ba0b709cb20430361b2cb33aaadd20998164a916/packages/workout-guide/assets/wide-push-up/frame-3.svg","both"
"1013","quads/all-fours-squad-stretch","All Fours Squad Stretch","bodyweight","quads","stretching","true","https://cdn.jsdelivr.net/gh/JahelCuadrado/ExerciseGymGifsDB@v1.1.0/quads/all-fours-squad-stretch.gif","","","","","","gif_only"
"1014","quads/assisted-prone-lying-quads-stretch","Assisted Prone Lying Quads Stretch","bodyweight","quads","stretching","true","https://cdn.jsdelivr.net/gh/JahelCuadrado/ExerciseGymGifsDB@v1.1.0/quads/assisted-prone-lying-quads-stretch.gif","","","","","","gif_only"
"1015","quads/backward-jump","Backward Jump","bodyweight","quads","plyometrics","true","https://cdn.jsdelivr.net/gh/JahelCuadrado/ExerciseGymGifsDB@v1.1.0/quads/backward-jump.gif","","","","","","gif_only"
"1016","quads/balance-board","Balance Board","bodyweight","quads","strength","true","https://cdn.jsdelivr.net/gh/JahelCuadrado/ExerciseGymGifsDB@v1.1.0/quads/balance-board.gif","","","","","","gif_only"
"1017","quads/band-one-arm-single-leg-split-squat","Band One Arm Single Leg Split Squat","band","quads","strength","true","https://cdn.jsdelivr.net/gh/JahelCuadrado/ExerciseGymGifsDB@v1.1.0/quads/band-one-arm-single-leg-split-squat.gif","","","","","","gif_only"
"1018","quads/band-single-leg-split-squat","Band Single Leg Split Squat","band","quads","strength","true","https://cdn.jsdelivr.net/gh/JahelCuadrado/ExerciseGymGifsDB@v1.1.0/quads/band-single-leg-split-squat.gif","single-leg-box-squat","fuzzy(0.60)","https://cdn.jsdelivr.net/gh/bryllim/workout-guide@ba0b709cb20430361b2cb33aaadd20998164a916/packages/workout-guide/assets/single-leg-box-squat/frame-1.svg","https://cdn.jsdelivr.net/gh/bryllim/workout-guide@ba0b709cb20430361b2cb33aaadd20998164a916/packages/workout-guide/assets/single-leg-box-squat/frame-2.svg","https://cdn.jsdelivr.net/gh/bryllim/workout-guide@ba0b709cb20430361b2cb33aaadd20998164a916/packages/workout-guide/assets/single-leg-box-squat/frame-3.svg","both"
"1019","quads/barbell-bench-front-squat","Barbell Bench Front Squat","barbell","quads","strength","true","https://cdn.jsdelivr.net/gh/JahelCuadrado/ExerciseGymGifsDB@v1.1.0/quads/barbell-bench-front-squat.gif","front-squat","fuzzy(0.67)","https://cdn.jsdelivr.net/gh/bryllim/workout-guide@ba0b709cb20430361b2cb33aaadd20998164a916/packages/workout-guide/assets/front-squat/frame-1.svg","https://cdn.jsdelivr.net/gh/bryllim/workout-guide@ba0b709cb20430361b2cb33aaadd20998164a916/packages/workout-guide/assets/front-squat/frame-2.svg","https://cdn.jsdelivr.net/gh/bryllim/workout-guide@ba0b709cb20430361b2cb33aaadd20998164a916/packages/workout-guide/assets/front-squat/frame-3.svg","both"
"1020","quads/barbell-bench-squat","Barbell Bench Squat","barbell","quads","strength","true","https://cdn.jsdelivr.net/gh/JahelCuadrado/ExerciseGymGifsDB@v1.1.0/quads/barbell-bench-squat.gif","squat","fuzzy(0.50)","https://cdn.jsdelivr.net/gh/bryllim/workout-guide@ba0b709cb20430361b2cb33aaadd20998164a916/packages/workout-guide/assets/squat/frame-1.svg","https://cdn.jsdelivr.net/gh/bryllim/workout-guide@ba0b709cb20430361b2cb33aaadd20998164a916/packages/workout-guide/assets/squat/frame-2.svg","https://cdn.jsdelivr.net/gh/bryllim/workout-guide@ba0b709cb20430361b2cb33aaadd20998164a916/packages/workout-guide/assets/squat/frame-3.svg","both"
"1021","quads/barbell-clean-and-press","Barbell Clean And Press","barbell","quads","strength","true","https://cdn.jsdelivr.net/gh/JahelCuadrado/ExerciseGymGifsDB@v1.1.0/quads/barbell-clean-and-press.gif","","","","","","gif_only"
"1022","quads/barbell-one-leg-squat","Barbell One Leg Squat","barbell","quads","strength","true","https://cdn.jsdelivr.net/gh/JahelCuadrado/ExerciseGymGifsDB@v1.1.0/quads/barbell-one-leg-squat.gif","","","","","","gif_only"
"1023","quads/barbell-overhead-squat","Barbell Overhead Squat","barbell","quads","strength","true","https://cdn.jsdelivr.net/gh/JahelCuadrado/ExerciseGymGifsDB@v1.1.0/quads/barbell-overhead-squat.gif","squat","fuzzy(0.50)","https://cdn.jsdelivr.net/gh/bryllim/workout-guide@ba0b709cb20430361b2cb33aaadd20998164a916/packages/workout-guide/assets/squat/frame-1.svg","https://cdn.jsdelivr.net/gh/bryllim/workout-guide@ba0b709cb20430361b2cb33aaadd20998164a916/packages/workout-guide/assets/squat/frame-2.svg","https://cdn.jsdelivr.net/gh/bryllim/workout-guide@ba0b709cb20430361b2cb33aaadd20998164a916/packages/workout-guide/assets/squat/frame-3.svg","both"
"1024","quads/barbell-side-split-squat-v-2","Barbell Side Split Squat v2","barbell","quads","strength","true","https://cdn.jsdelivr.net/gh/JahelCuadrado/ExerciseGymGifsDB@v1.1.0/quads/barbell-side-split-squat-v-2.gif","split-squat","fuzzy(0.50)","https://cdn.jsdelivr.net/gh/bryllim/workout-guide@ba0b709cb20430361b2cb33aaadd20998164a916/packages/workout-guide/assets/split-squat/frame-1.svg","https://cdn.jsdelivr.net/gh/bryllim/workout-guide@ba0b709cb20430361b2cb33aaadd20998164a916/packages/workout-guide/assets/split-squat/frame-2.svg","https://cdn.jsdelivr.net/gh/bryllim/workout-guide@ba0b709cb20430361b2cb33aaadd20998164a916/packages/workout-guide/assets/split-squat/frame-3.svg","both"
"1025","quads/barbell-side-split-squat","Barbell Side Split Squat","barbell","quads","strength","true","https://cdn.jsdelivr.net/gh/JahelCuadrado/ExerciseGymGifsDB@v1.1.0/quads/barbell-side-split-squat.gif","split-squat","fuzzy(0.67)","https://cdn.jsdelivr.net/gh/bryllim/workout-guide@ba0b709cb20430361b2cb33aaadd20998164a916/packages/workout-guide/assets/split-squat/frame-1.svg","https://cdn.jsdelivr.net/gh/bryllim/workout-guide@ba0b709cb20430361b2cb33aaadd20998164a916/packages/workout-guide/assets/split-squat/frame-2.svg","https://cdn.jsdelivr.net/gh/bryllim/workout-guide@ba0b709cb20430361b2cb33aaadd20998164a916/packages/workout-guide/assets/split-squat/frame-3.svg","both"
"1026","quads/barbell-single-leg-split-squat","Barbell Single Leg Split Squat","barbell","quads","strength","true","https://cdn.jsdelivr.net/gh/JahelCuadrado/ExerciseGymGifsDB@v1.1.0/quads/barbell-single-leg-split-squat.gif","single-leg-box-squat","fuzzy(0.60)","https://cdn.jsdelivr.net/gh/bryllim/workout-guide@ba0b709cb20430361b2cb33aaadd20998164a916/packages/workout-guide/assets/single-leg-box-squat/frame-1.svg","https://cdn.jsdelivr.net/gh/bryllim/workout-guide@ba0b709cb20430361b2cb33aaadd20998164a916/packages/workout-guide/assets/single-leg-box-squat/frame-2.svg","https://cdn.jsdelivr.net/gh/bryllim/workout-guide@ba0b709cb20430361b2cb33aaadd20998164a916/packages/workout-guide/assets/single-leg-box-squat/frame-3.svg","both"
"1027","quads/barbell-split-squat-v-2","Barbell Split Squat v2","barbell","quads","strength","true","https://cdn.jsdelivr.net/gh/JahelCuadrado/ExerciseGymGifsDB@v1.1.0/quads/barbell-split-squat-v-2.gif","split-squat","fuzzy(0.67)","https://cdn.jsdelivr.net/gh/bryllim/workout-guide@ba0b709cb20430361b2cb33aaadd20998164a916/packages/workout-guide/assets/split-squat/frame-1.svg","https://cdn.jsdelivr.net/gh/bryllim/workout-guide@ba0b709cb20430361b2cb33aaadd20998164a916/packages/workout-guide/assets/split-squat/frame-2.svg","https://cdn.jsdelivr.net/gh/bryllim/workout-guide@ba0b709cb20430361b2cb33aaadd20998164a916/packages/workout-guide/assets/split-squat/frame-3.svg","both"
"1028","quads/barbell-squat-jump-step-rear-lunge","Barbell Squat Jump Step Rear Lunge","barbell","quads","plyometrics","true","https://cdn.jsdelivr.net/gh/JahelCuadrado/ExerciseGymGifsDB@v1.1.0/quads/barbell-squat-jump-step-rear-lunge.gif","","","","","","gif_only"
"1029","quads/barbell-squat-on-knees","Barbell Squat On Knees","barbell","quads","strength","true","https://cdn.jsdelivr.net/gh/JahelCuadrado/ExerciseGymGifsDB@v1.1.0/quads/barbell-squat-on-knees.gif","","","","","","gif_only"
"1030","quads/barbell-wide-squat","Barbell Wide Squat","barbell","quads","strength","true","https://cdn.jsdelivr.net/gh/JahelCuadrado/ExerciseGymGifsDB@v1.1.0/quads/barbell-wide-squat.gif","squat","fuzzy(0.50)","https://cdn.jsdelivr.net/gh/bryllim/workout-guide@ba0b709cb20430361b2cb33aaadd20998164a916/packages/workout-guide/assets/squat/frame-1.svg","https://cdn.jsdelivr.net/gh/bryllim/workout-guide@ba0b709cb20430361b2cb33aaadd20998164a916/packages/workout-guide/assets/squat/frame-2.svg","https://cdn.jsdelivr.net/gh/bryllim/workout-guide@ba0b709cb20430361b2cb33aaadd20998164a916/packages/workout-guide/assets/squat/frame-3.svg","both"
"1031","quads/chair-leg-extended-stretch","Chair Leg Extended Stretch","bodyweight","quads","stretching","true","https://cdn.jsdelivr.net/gh/JahelCuadrado/ExerciseGymGifsDB@v1.1.0/quads/chair-leg-extended-stretch.gif","","","","","","gif_only"
"1032","quads/dumbbell-goblet-squat","Dumbbell Goblet Squat","dumbbell","quads","strength","true","https://cdn.jsdelivr.net/gh/JahelCuadrado/ExerciseGymGifsDB@v1.1.0/quads/dumbbell-goblet-squat.gif","goblet-squat","exact","https://cdn.jsdelivr.net/gh/bryllim/workout-guide@ba0b709cb20430361b2cb33aaadd20998164a916/packages/workout-guide/assets/goblet-squat/frame-1.svg","https://cdn.jsdelivr.net/gh/bryllim/workout-guide@ba0b709cb20430361b2cb33aaadd20998164a916/packages/workout-guide/assets/goblet-squat/frame-2.svg","https://cdn.jsdelivr.net/gh/bryllim/workout-guide@ba0b709cb20430361b2cb33aaadd20998164a916/packages/workout-guide/assets/goblet-squat/frame-3.svg","both"
"1033","quads/dumbbell-single-leg-split-squat","Dumbbell Single Leg Split Squat","dumbbell","quads","strength","true","https://cdn.jsdelivr.net/gh/JahelCuadrado/ExerciseGymGifsDB@v1.1.0/quads/dumbbell-single-leg-split-squat.gif","single-leg-box-squat","fuzzy(0.60)","https://cdn.jsdelivr.net/gh/bryllim/workout-guide@ba0b709cb20430361b2cb33aaadd20998164a916/packages/workout-guide/assets/single-leg-box-squat/frame-1.svg","https://cdn.jsdelivr.net/gh/bryllim/workout-guide@ba0b709cb20430361b2cb33aaadd20998164a916/packages/workout-guide/assets/single-leg-box-squat/frame-2.svg","https://cdn.jsdelivr.net/gh/bryllim/workout-guide@ba0b709cb20430361b2cb33aaadd20998164a916/packages/workout-guide/assets/single-leg-box-squat/frame-3.svg","both"
"1034","quads/dumbbell-step-up-lunge","Dumbbell Step Up Lunge","dumbbell","quads","strength","true","https://cdn.jsdelivr.net/gh/JahelCuadrado/ExerciseGymGifsDB@v1.1.0/quads/dumbbell-step-up-lunge.gif","step-up","fuzzy(0.67)","https://cdn.jsdelivr.net/gh/bryllim/workout-guide@ba0b709cb20430361b2cb33aaadd20998164a916/packages/workout-guide/assets/step-up/frame-1.svg","https://cdn.jsdelivr.net/gh/bryllim/workout-guide@ba0b709cb20430361b2cb33aaadd20998164a916/packages/workout-guide/assets/step-up/frame-2.svg","https://cdn.jsdelivr.net/gh/bryllim/workout-guide@ba0b709cb20430361b2cb33aaadd20998164a916/packages/workout-guide/assets/step-up/frame-3.svg","both"
"1035","quads/dumbbell-step-up-split-squat","Dumbbell Step Up Split Squat","dumbbell","quads","strength","true","https://cdn.jsdelivr.net/gh/JahelCuadrado/ExerciseGymGifsDB@v1.1.0/quads/dumbbell-step-up-split-squat.gif","step-up","fuzzy(0.50)","https://cdn.jsdelivr.net/gh/bryllim/workout-guide@ba0b709cb20430361b2cb33aaadd20998164a916/packages/workout-guide/assets/step-up/frame-1.svg","https://cdn.jsdelivr.net/gh/bryllim/workout-guide@ba0b709cb20430361b2cb33aaadd20998164a916/packages/workout-guide/assets/step-up/frame-2.svg","https://cdn.jsdelivr.net/gh/bryllim/workout-guide@ba0b709cb20430361b2cb33aaadd20998164a916/packages/workout-guide/assets/step-up/frame-3.svg","both"
"1036","quads/dumbbell-supported-squat","Dumbbell Supported Squat","dumbbell","quads","strength","true","https://cdn.jsdelivr.net/gh/JahelCuadrado/ExerciseGymGifsDB@v1.1.0/quads/dumbbell-supported-squat.gif","squat","fuzzy(0.50)","https://cdn.jsdelivr.net/gh/bryllim/workout-guide@ba0b709cb20430361b2cb33aaadd20998164a916/packages/workout-guide/assets/squat/frame-1.svg","https://cdn.jsdelivr.net/gh/bryllim/workout-guide@ba0b709cb20430361b2cb33aaadd20998164a916/packages/workout-guide/assets/squat/frame-2.svg","https://cdn.jsdelivr.net/gh/bryllim/workout-guide@ba0b709cb20430361b2cb33aaadd20998164a916/packages/workout-guide/assets/squat/frame-3.svg","both"
"1037","quads/farmers-walk","Farmers Walk","bodyweight","quads","strength","true","https://cdn.jsdelivr.net/gh/JahelCuadrado/ExerciseGymGifsDB@v1.1.0/quads/farmers-walk.gif","","","","","","gif_only"
"1038","quads/forward-jump","Forward Jump","bodyweight","quads","plyometrics","true","https://cdn.jsdelivr.net/gh/JahelCuadrado/ExerciseGymGifsDB@v1.1.0/quads/forward-jump.gif","","","","","","gif_only"
"1039","quads/intermediate-hip-flexor-and-quad-stretch","Intermediate Hip Flexor And Quad Stretch","bodyweight","quads","stretching","true","https://cdn.jsdelivr.net/gh/JahelCuadrado/ExerciseGymGifsDB@v1.1.0/quads/intermediate-hip-flexor-and-quad-stretch.gif","","","","","","gif_only"
"1040","quads/lever-alternate-leg-press","Lever Alternate Leg Press","lever","quads","strength","true","https://cdn.jsdelivr.net/gh/JahelCuadrado/ExerciseGymGifsDB@v1.1.0/quads/lever-alternate-leg-press.gif","leg-press","fuzzy(0.67)","https://cdn.jsdelivr.net/gh/bryllim/workout-guide@ba0b709cb20430361b2cb33aaadd20998164a916/packages/workout-guide/assets/leg-press/frame-1.svg","https://cdn.jsdelivr.net/gh/bryllim/workout-guide@ba0b709cb20430361b2cb33aaadd20998164a916/packages/workout-guide/assets/leg-press/frame-2.svg","https://cdn.jsdelivr.net/gh/bryllim/workout-guide@ba0b709cb20430361b2cb33aaadd20998164a916/packages/workout-guide/assets/leg-press/frame-3.svg","both"
"1041","quads/lever-leg-extension","Lever Leg Extension","lever","quads","strength","true","https://cdn.jsdelivr.net/gh/JahelCuadrado/ExerciseGymGifsDB@v1.1.0/quads/lever-leg-extension.gif","leg-extension","exact","https://cdn.jsdelivr.net/gh/bryllim/workout-guide@ba0b709cb20430361b2cb33aaadd20998164a916/packages/workout-guide/assets/leg-extension/frame-1.svg","https://cdn.jsdelivr.net/gh/bryllim/workout-guide@ba0b709cb20430361b2cb33aaadd20998164a916/packages/workout-guide/assets/leg-extension/frame-2.svg","https://cdn.jsdelivr.net/gh/bryllim/workout-guide@ba0b709cb20430361b2cb33aaadd20998164a916/packages/workout-guide/assets/leg-extension/frame-3.svg","both"
"1042","quads/lying-side-quads-stretch","Lying Side Quads Stretch","bodyweight","quads","stretching","true","https://cdn.jsdelivr.net/gh/JahelCuadrado/ExerciseGymGifsDB@v1.1.0/quads/lying-side-quads-stretch.gif","","","","","","gif_only"
"1043","quads/quads","Quads","bodyweight","quads","strength","true","https://cdn.jsdelivr.net/gh/JahelCuadrado/ExerciseGymGifsDB@v1.1.0/quads/quads.gif","","","","","","gif_only"
"1044","quads/quick-feet-v-2","Quick Feet v2","bodyweight","quads","strength","true","https://cdn.jsdelivr.net/gh/JahelCuadrado/ExerciseGymGifsDB@v1.1.0/quads/quick-feet-v-2.gif","","","","","","gif_only"
"1045","quads/resistance-band-leg-extension","Resistance Band Leg Extension","band","quads","strength","true","https://cdn.jsdelivr.net/gh/JahelCuadrado/ExerciseGymGifsDB@v1.1.0/quads/resistance-band-leg-extension.gif","leg-extension","exact","https://cdn.jsdelivr.net/gh/bryllim/workout-guide@ba0b709cb20430361b2cb33aaadd20998164a916/packages/workout-guide/assets/leg-extension/frame-1.svg","https://cdn.jsdelivr.net/gh/bryllim/workout-guide@ba0b709cb20430361b2cb33aaadd20998164a916/packages/workout-guide/assets/leg-extension/frame-2.svg","https://cdn.jsdelivr.net/gh/bryllim/workout-guide@ba0b709cb20430361b2cb33aaadd20998164a916/packages/workout-guide/assets/leg-extension/frame-3.svg","both"
"1046","quads/sissy-squat","Sissy Squat","bodyweight","quads","strength","true","https://cdn.jsdelivr.net/gh/JahelCuadrado/ExerciseGymGifsDB@v1.1.0/quads/sissy-squat.gif","sissy-squat","exact","https://cdn.jsdelivr.net/gh/bryllim/workout-guide@ba0b709cb20430361b2cb33aaadd20998164a916/packages/workout-guide/assets/sissy-squat/frame-1.svg","https://cdn.jsdelivr.net/gh/bryllim/workout-guide@ba0b709cb20430361b2cb33aaadd20998164a916/packages/workout-guide/assets/sissy-squat/frame-2.svg","https://cdn.jsdelivr.net/gh/bryllim/workout-guide@ba0b709cb20430361b2cb33aaadd20998164a916/packages/workout-guide/assets/sissy-squat/frame-3.svg","both"
"1047","quads/smith-chair-squat","Smith Chair Squat","smith","quads","strength","true","https://cdn.jsdelivr.net/gh/JahelCuadrado/ExerciseGymGifsDB@v1.1.0/quads/smith-chair-squat.gif","squat","fuzzy(0.50)","https://cdn.jsdelivr.net/gh/bryllim/workout-guide@ba0b709cb20430361b2cb33aaadd20998164a916/packages/workout-guide/assets/squat/frame-1.svg","https://cdn.jsdelivr.net/gh/bryllim/workout-guide@ba0b709cb20430361b2cb33aaadd20998164a916/packages/workout-guide/assets/squat/frame-2.svg","https://cdn.jsdelivr.net/gh/bryllim/workout-guide@ba0b709cb20430361b2cb33aaadd20998164a916/packages/workout-guide/assets/squat/frame-3.svg","both"
"1048","quads/smith-single-leg-split-squat","Smith Single Leg Split Squat","smith","quads","strength","true","https://cdn.jsdelivr.net/gh/JahelCuadrado/ExerciseGymGifsDB@v1.1.0/quads/smith-single-leg-split-squat.gif","single-leg-box-squat","fuzzy(0.60)","https://cdn.jsdelivr.net/gh/bryllim/workout-guide@ba0b709cb20430361b2cb33aaadd20998164a916/packages/workout-guide/assets/single-leg-box-squat/frame-1.svg","https://cdn.jsdelivr.net/gh/bryllim/workout-guide@ba0b709cb20430361b2cb33aaadd20998164a916/packages/workout-guide/assets/single-leg-box-squat/frame-2.svg","https://cdn.jsdelivr.net/gh/bryllim/workout-guide@ba0b709cb20430361b2cb33aaadd20998164a916/packages/workout-guide/assets/single-leg-box-squat/frame-3.svg","both"
"1049","quads/snatch-pull","Snatch Pull","bodyweight","quads","strength","true","https://cdn.jsdelivr.net/gh/JahelCuadrado/ExerciseGymGifsDB@v1.1.0/quads/snatch-pull.gif","","","","","","gif_only"
"1050","quads/split-squats","Split Squats","bodyweight","quads","strength","true","https://cdn.jsdelivr.net/gh/JahelCuadrado/ExerciseGymGifsDB@v1.1.0/quads/split-squats.gif","split-squat","exact","https://cdn.jsdelivr.net/gh/bryllim/workout-guide@ba0b709cb20430361b2cb33aaadd20998164a916/packages/workout-guide/assets/split-squat/frame-1.svg","https://cdn.jsdelivr.net/gh/bryllim/workout-guide@ba0b709cb20430361b2cb33aaadd20998164a916/packages/workout-guide/assets/split-squat/frame-2.svg","https://cdn.jsdelivr.net/gh/bryllim/workout-guide@ba0b709cb20430361b2cb33aaadd20998164a916/packages/workout-guide/assets/split-squat/frame-3.svg","both"
"1051","quads/squat-jerk","Squat Jerk","bodyweight","quads","strength","true","https://cdn.jsdelivr.net/gh/JahelCuadrado/ExerciseGymGifsDB@v1.1.0/quads/squat-jerk.gif","squat","fuzzy(0.50)","https://cdn.jsdelivr.net/gh/bryllim/workout-guide@ba0b709cb20430361b2cb33aaadd20998164a916/packages/workout-guide/assets/squat/frame-1.svg","https://cdn.jsdelivr.net/gh/bryllim/workout-guide@ba0b709cb20430361b2cb33aaadd20998164a916/packages/workout-guide/assets/squat/frame-2.svg","https://cdn.jsdelivr.net/gh/bryllim/workout-guide@ba0b709cb20430361b2cb33aaadd20998164a916/packages/workout-guide/assets/squat/frame-3.svg","both"
"1052","quads/squat-on-bosu-ball","Squat On Bosu Ball","bodyweight","quads","strength","true","https://cdn.jsdelivr.net/gh/JahelCuadrado/ExerciseGymGifsDB@v1.1.0/quads/squat-on-bosu-ball.gif","","","","","","gif_only"
"1053","quads/squat-to-overhead-reach-with-twist","Squat To Overhead Reach With Twist","bodyweight","quads","strength","true","https://cdn.jsdelivr.net/gh/JahelCuadrado/ExerciseGymGifsDB@v1.1.0/quads/squat-to-overhead-reach-with-twist.gif","","","","","","gif_only"
"1054","quads/squat-to-overhead-reach","Squat To Overhead Reach","bodyweight","quads","strength","true","https://cdn.jsdelivr.net/gh/JahelCuadrado/ExerciseGymGifsDB@v1.1.0/quads/squat-to-overhead-reach.gif","","","","","","gif_only"
"1055","quads/suspended-split-squat","Suspended Split Squat","bodyweight","quads","strength","true","https://cdn.jsdelivr.net/gh/JahelCuadrado/ExerciseGymGifsDB@v1.1.0/quads/suspended-split-squat.gif","split-squat","fuzzy(0.67)","https://cdn.jsdelivr.net/gh/bryllim/workout-guide@ba0b709cb20430361b2cb33aaadd20998164a916/packages/workout-guide/assets/split-squat/frame-1.svg","https://cdn.jsdelivr.net/gh/bryllim/workout-guide@ba0b709cb20430361b2cb33aaadd20998164a916/packages/workout-guide/assets/split-squat/frame-2.svg","https://cdn.jsdelivr.net/gh/bryllim/workout-guide@ba0b709cb20430361b2cb33aaadd20998164a916/packages/workout-guide/assets/split-squat/frame-3.svg","both"
"1056","quads/weighted-sissy-squat","Weighted Sissy Squat","bodyweight","quads","strength","true","https://cdn.jsdelivr.net/gh/JahelCuadrado/ExerciseGymGifsDB@v1.1.0/quads/weighted-sissy-squat.gif","sissy-squat","exact","https://cdn.jsdelivr.net/gh/bryllim/workout-guide@ba0b709cb20430361b2cb33aaadd20998164a916/packages/workout-guide/assets/sissy-squat/frame-1.svg","https://cdn.jsdelivr.net/gh/bryllim/workout-guide@ba0b709cb20430361b2cb33aaadd20998164a916/packages/workout-guide/assets/sissy-squat/frame-2.svg","https://cdn.jsdelivr.net/gh/bryllim/workout-guide@ba0b709cb20430361b2cb33aaadd20998164a916/packages/workout-guide/assets/sissy-squat/frame-3.svg","both"
"1057","serratus-anterior/barbell-incline-shoulder-raise","Barbell Incline Shoulder Raise","barbell","serratus-anterior","strength","true","https://cdn.jsdelivr.net/gh/JahelCuadrado/ExerciseGymGifsDB@v1.1.0/serratus-anterior/barbell-incline-shoulder-raise.gif","","","","","","gif_only"
"1058","serratus-anterior/dumbbell-incline-shoulder-raise","Dumbbell Incline Shoulder Raise","dumbbell","serratus-anterior","strength","true","https://cdn.jsdelivr.net/gh/JahelCuadrado/ExerciseGymGifsDB@v1.1.0/serratus-anterior/dumbbell-incline-shoulder-raise.gif","","","","","","gif_only"
"1059","serratus-anterior/incline-scapula-push-up","Incline Scapula Push Up","bodyweight","serratus-anterior","strength","true","https://cdn.jsdelivr.net/gh/JahelCuadrado/ExerciseGymGifsDB@v1.1.0/serratus-anterior/incline-scapula-push-up.gif","incline-push-up","fuzzy(0.75)","https://cdn.jsdelivr.net/gh/bryllim/workout-guide@ba0b709cb20430361b2cb33aaadd20998164a916/packages/workout-guide/assets/incline-push-up/frame-1.svg","https://cdn.jsdelivr.net/gh/bryllim/workout-guide@ba0b709cb20430361b2cb33aaadd20998164a916/packages/workout-guide/assets/incline-push-up/frame-2.svg","https://cdn.jsdelivr.net/gh/bryllim/workout-guide@ba0b709cb20430361b2cb33aaadd20998164a916/packages/workout-guide/assets/incline-push-up/frame-3.svg","both"
"1060","serratus-anterior/scapula-push-up","Scapula Push Up","bodyweight","serratus-anterior","strength","true","https://cdn.jsdelivr.net/gh/JahelCuadrado/ExerciseGymGifsDB@v1.1.0/serratus-anterior/scapula-push-up.gif","push-up","fuzzy(0.67)","https://cdn.jsdelivr.net/gh/bryllim/workout-guide@ba0b709cb20430361b2cb33aaadd20998164a916/packages/workout-guide/assets/push-up/frame-1.svg","https://cdn.jsdelivr.net/gh/bryllim/workout-guide@ba0b709cb20430361b2cb33aaadd20998164a916/packages/workout-guide/assets/push-up/frame-2.svg","https://cdn.jsdelivr.net/gh/bryllim/workout-guide@ba0b709cb20430361b2cb33aaadd20998164a916/packages/workout-guide/assets/push-up/frame-3.svg","both"
"1061","serratus-anterior/smith-incline-shoulder-raises","Smith Incline Shoulder Raises","smith","serratus-anterior","strength","true","https://cdn.jsdelivr.net/gh/JahelCuadrado/ExerciseGymGifsDB@v1.1.0/serratus-anterior/smith-incline-shoulder-raises.gif","","","","","","gif_only"
"1062","spine/back-extension-on-exercise-ball","Back Extension On Exercise Ball","bodyweight","spine","strength","true","https://cdn.jsdelivr.net/gh/JahelCuadrado/ExerciseGymGifsDB@v1.1.0/spine/back-extension-on-exercise-ball.gif","","","","","","gif_only"
"1063","spine/band-straight-leg-deadlift","Band Straight Leg Deadlift","band","spine","strength","true","https://cdn.jsdelivr.net/gh/JahelCuadrado/ExerciseGymGifsDB@v1.1.0/spine/band-straight-leg-deadlift.gif","","","","","","gif_only"
"1064","spine/exercise-ball-back-extension-with-arms-extended","Exercise Ball Back Extension With Arms Extended","bodyweight","spine","strength","true","https://cdn.jsdelivr.net/gh/JahelCuadrado/ExerciseGymGifsDB@v1.1.0/spine/exercise-ball-back-extension-with-arms-extended.gif","","","","","","gif_only"
"1065","spine/exercise-ball-back-extension-with-hands-behind-head","Exercise Ball Back Extension With Hands Behind Head","bodyweight","spine","strength","true","https://cdn.jsdelivr.net/gh/JahelCuadrado/ExerciseGymGifsDB@v1.1.0/spine/exercise-ball-back-extension-with-hands-behind-head.gif","","","","","","gif_only"
"1066","spine/exercise-ball-back-extension-with-knees-off-ground","Exercise Ball Back Extension With Knees Off Ground","bodyweight","spine","strength","true","https://cdn.jsdelivr.net/gh/JahelCuadrado/ExerciseGymGifsDB@v1.1.0/spine/exercise-ball-back-extension-with-knees-off-ground.gif","","","","","","gif_only"
"1067","spine/exercise-ball-back-extension-with-rotation","Exercise Ball Back Extension With Rotation","bodyweight","spine","strength","true","https://cdn.jsdelivr.net/gh/JahelCuadrado/ExerciseGymGifsDB@v1.1.0/spine/exercise-ball-back-extension-with-rotation.gif","","","","","","gif_only"
"1068","spine/exercise-ball-hug","Exercise Ball Hug","bodyweight","spine","strength","true","https://cdn.jsdelivr.net/gh/JahelCuadrado/ExerciseGymGifsDB@v1.1.0/spine/exercise-ball-hug.gif","","","","","","gif_only"
"1069","spine/exercise-ball-prone-leg-raise","Exercise Ball Prone Leg Raise","bodyweight","spine","strength","true","https://cdn.jsdelivr.net/gh/JahelCuadrado/ExerciseGymGifsDB@v1.1.0/spine/exercise-ball-prone-leg-raise.gif","","","","","","gif_only"
"1070","spine/hyperextension-on-bench","Hyperextension On Bench","bodyweight","spine","strength","true","https://cdn.jsdelivr.net/gh/JahelCuadrado/ExerciseGymGifsDB@v1.1.0/spine/hyperextension-on-bench.gif","","","","","","gif_only"
"1071","spine/hyperextension","Hyperextension","bodyweight","spine","strength","true","https://cdn.jsdelivr.net/gh/JahelCuadrado/ExerciseGymGifsDB@v1.1.0/spine/hyperextension.gif","reverse-hyperextension","fuzzy(0.50)","https://cdn.jsdelivr.net/gh/bryllim/workout-guide@ba0b709cb20430361b2cb33aaadd20998164a916/packages/workout-guide/assets/reverse-hyperextension/frame-1.svg","https://cdn.jsdelivr.net/gh/bryllim/workout-guide@ba0b709cb20430361b2cb33aaadd20998164a916/packages/workout-guide/assets/reverse-hyperextension/frame-2.svg","https://cdn.jsdelivr.net/gh/bryllim/workout-guide@ba0b709cb20430361b2cb33aaadd20998164a916/packages/workout-guide/assets/reverse-hyperextension/frame-3.svg","both"
"1072","spine/lever-back-extension","Lever Back Extension","lever","spine","strength","true","https://cdn.jsdelivr.net/gh/JahelCuadrado/ExerciseGymGifsDB@v1.1.0/spine/lever-back-extension.gif","back-extension","exact","https://cdn.jsdelivr.net/gh/bryllim/workout-guide@ba0b709cb20430361b2cb33aaadd20998164a916/packages/workout-guide/assets/back-extension/frame-1.svg","https://cdn.jsdelivr.net/gh/bryllim/workout-guide@ba0b709cb20430361b2cb33aaadd20998164a916/packages/workout-guide/assets/back-extension/frame-2.svg","https://cdn.jsdelivr.net/gh/bryllim/workout-guide@ba0b709cb20430361b2cb33aaadd20998164a916/packages/workout-guide/assets/back-extension/frame-3.svg","both"
"1073","spine/lower-back-curl","Lower Back Curl","bodyweight","spine","strength","true","https://cdn.jsdelivr.net/gh/JahelCuadrado/ExerciseGymGifsDB@v1.1.0/spine/lower-back-curl.gif","","","","","","gif_only"
"1074","spine/roller-back-stretch","Roller Back Stretch","bodyweight","spine","stretching","true","https://cdn.jsdelivr.net/gh/JahelCuadrado/ExerciseGymGifsDB@v1.1.0/spine/roller-back-stretch.gif","","","","","","gif_only"
"1075","spine/sphinx","Sphinx","bodyweight","spine","strength","true","https://cdn.jsdelivr.net/gh/JahelCuadrado/ExerciseGymGifsDB@v1.1.0/spine/sphinx.gif","","","","","","gif_only"
"1076","spine/spine-stretch","Spine Stretch","bodyweight","spine","stretching","true","https://cdn.jsdelivr.net/gh/JahelCuadrado/ExerciseGymGifsDB@v1.1.0/spine/spine-stretch.gif","","","","","","gif_only"
"1077","spine/standing-pelvic-tilt","Standing Pelvic Tilt","bodyweight","spine","strength","true","https://cdn.jsdelivr.net/gh/JahelCuadrado/ExerciseGymGifsDB@v1.1.0/spine/standing-pelvic-tilt.gif","","","","","","gif_only"
"1078","spine/two-toe-touch-male","Two Toe Touch Male","bodyweight","spine","strength","true","https://cdn.jsdelivr.net/gh/JahelCuadrado/ExerciseGymGifsDB@v1.1.0/spine/two-toe-touch-male.gif","toe-touch","fuzzy(0.50)","https://cdn.jsdelivr.net/gh/bryllim/workout-guide@ba0b709cb20430361b2cb33aaadd20998164a916/packages/workout-guide/assets/toe-touch/frame-1.svg","https://cdn.jsdelivr.net/gh/bryllim/workout-guide@ba0b709cb20430361b2cb33aaadd20998164a916/packages/workout-guide/assets/toe-touch/frame-2.svg","https://cdn.jsdelivr.net/gh/bryllim/workout-guide@ba0b709cb20430361b2cb33aaadd20998164a916/packages/workout-guide/assets/toe-touch/frame-3.svg","both"
"1079","spine/upward-facing-dog","Upward Facing Dog","bodyweight","spine","strength","true","https://cdn.jsdelivr.net/gh/JahelCuadrado/ExerciseGymGifsDB@v1.1.0/spine/upward-facing-dog.gif","","","","","","gif_only"
"1080","spine/weighted-hyperextension-on-stability-ball","Weighted Hyperextension On Stability Ball","bodyweight","spine","strength","true","https://cdn.jsdelivr.net/gh/JahelCuadrado/ExerciseGymGifsDB@v1.1.0/spine/weighted-hyperextension-on-stability-ball.gif","","","","","","gif_only"
"1081","traps/band-shrug","Band Shrug","band","traps","strength","true","https://cdn.jsdelivr.net/gh/JahelCuadrado/ExerciseGymGifsDB@v1.1.0/traps/band-shrug.gif","shrug","exact","https://cdn.jsdelivr.net/gh/bryllim/workout-guide@ba0b709cb20430361b2cb33aaadd20998164a916/packages/workout-guide/assets/shrug/frame-1.svg","https://cdn.jsdelivr.net/gh/bryllim/workout-guide@ba0b709cb20430361b2cb33aaadd20998164a916/packages/workout-guide/assets/shrug/frame-2.svg","https://cdn.jsdelivr.net/gh/bryllim/workout-guide@ba0b709cb20430361b2cb33aaadd20998164a916/packages/workout-guide/assets/shrug/frame-3.svg","both"
"1082","traps/barbell-shrug","Barbell Shrug","barbell","traps","strength","true","https://cdn.jsdelivr.net/gh/JahelCuadrado/ExerciseGymGifsDB@v1.1.0/traps/barbell-shrug.gif","shrug","exact","https://cdn.jsdelivr.net/gh/bryllim/workout-guide@ba0b709cb20430361b2cb33aaadd20998164a916/packages/workout-guide/assets/shrug/frame-1.svg","https://cdn.jsdelivr.net/gh/bryllim/workout-guide@ba0b709cb20430361b2cb33aaadd20998164a916/packages/workout-guide/assets/shrug/frame-2.svg","https://cdn.jsdelivr.net/gh/bryllim/workout-guide@ba0b709cb20430361b2cb33aaadd20998164a916/packages/workout-guide/assets/shrug/frame-3.svg","both"
"1083","traps/cable-shrug","Cable Shrug","cable","traps","strength","true","https://cdn.jsdelivr.net/gh/JahelCuadrado/ExerciseGymGifsDB@v1.1.0/traps/cable-shrug.gif","shrug","exact","https://cdn.jsdelivr.net/gh/bryllim/workout-guide@ba0b709cb20430361b2cb33aaadd20998164a916/packages/workout-guide/assets/shrug/frame-1.svg","https://cdn.jsdelivr.net/gh/bryllim/workout-guide@ba0b709cb20430361b2cb33aaadd20998164a916/packages/workout-guide/assets/shrug/frame-2.svg","https://cdn.jsdelivr.net/gh/bryllim/workout-guide@ba0b709cb20430361b2cb33aaadd20998164a916/packages/workout-guide/assets/shrug/frame-3.svg","both"
"1084","traps/dumbbell-decline-shrug-v-2","Dumbbell Decline Shrug v2","dumbbell","traps","strength","true","https://cdn.jsdelivr.net/gh/JahelCuadrado/ExerciseGymGifsDB@v1.1.0/traps/dumbbell-decline-shrug-v-2.gif","","","","","","gif_only"
"1085","traps/dumbbell-decline-shrug","Dumbbell Decline Shrug","dumbbell","traps","strength","true","https://cdn.jsdelivr.net/gh/JahelCuadrado/ExerciseGymGifsDB@v1.1.0/traps/dumbbell-decline-shrug.gif","shrug","fuzzy(0.50)","https://cdn.jsdelivr.net/gh/bryllim/workout-guide@ba0b709cb20430361b2cb33aaadd20998164a916/packages/workout-guide/assets/shrug/frame-1.svg","https://cdn.jsdelivr.net/gh/bryllim/workout-guide@ba0b709cb20430361b2cb33aaadd20998164a916/packages/workout-guide/assets/shrug/frame-2.svg","https://cdn.jsdelivr.net/gh/bryllim/workout-guide@ba0b709cb20430361b2cb33aaadd20998164a916/packages/workout-guide/assets/shrug/frame-3.svg","both"
"1086","traps/dumbbell-incline-shrug","Dumbbell Incline Shrug","dumbbell","traps","strength","true","https://cdn.jsdelivr.net/gh/JahelCuadrado/ExerciseGymGifsDB@v1.1.0/traps/dumbbell-incline-shrug.gif","shrug","fuzzy(0.50)","https://cdn.jsdelivr.net/gh/bryllim/workout-guide@ba0b709cb20430361b2cb33aaadd20998164a916/packages/workout-guide/assets/shrug/frame-1.svg","https://cdn.jsdelivr.net/gh/bryllim/workout-guide@ba0b709cb20430361b2cb33aaadd20998164a916/packages/workout-guide/assets/shrug/frame-2.svg","https://cdn.jsdelivr.net/gh/bryllim/workout-guide@ba0b709cb20430361b2cb33aaadd20998164a916/packages/workout-guide/assets/shrug/frame-3.svg","both"
"1087","traps/dumbbell-shrug","Dumbbell Shrug","dumbbell","traps","strength","true","https://cdn.jsdelivr.net/gh/JahelCuadrado/ExerciseGymGifsDB@v1.1.0/traps/dumbbell-shrug.gif","dumbbell-shrug","exact","https://cdn.jsdelivr.net/gh/bryllim/workout-guide@ba0b709cb20430361b2cb33aaadd20998164a916/packages/workout-guide/assets/dumbbell-shrug/frame-1.svg","https://cdn.jsdelivr.net/gh/bryllim/workout-guide@ba0b709cb20430361b2cb33aaadd20998164a916/packages/workout-guide/assets/dumbbell-shrug/frame-2.svg","https://cdn.jsdelivr.net/gh/bryllim/workout-guide@ba0b709cb20430361b2cb33aaadd20998164a916/packages/workout-guide/assets/dumbbell-shrug/frame-3.svg","both"
"1088","traps/kettlebell-sumo-high-pull","Kettlebell Sumo High Pull","kettlebell","traps","strength","true","https://cdn.jsdelivr.net/gh/JahelCuadrado/ExerciseGymGifsDB@v1.1.0/traps/kettlebell-sumo-high-pull.gif","","","","","","gif_only"
"1089","traps/lever-gripless-shrug-v-2","Lever Gripless Shrug v2","lever","traps","strength","true","https://cdn.jsdelivr.net/gh/JahelCuadrado/ExerciseGymGifsDB@v1.1.0/traps/lever-gripless-shrug-v-2.gif","","","","","","gif_only"
"1090","traps/lever-gripless-shrug","Lever Gripless Shrug","lever","traps","strength","true","https://cdn.jsdelivr.net/gh/JahelCuadrado/ExerciseGymGifsDB@v1.1.0/traps/lever-gripless-shrug.gif","shrug","fuzzy(0.50)","https://cdn.jsdelivr.net/gh/bryllim/workout-guide@ba0b709cb20430361b2cb33aaadd20998164a916/packages/workout-guide/assets/shrug/frame-1.svg","https://cdn.jsdelivr.net/gh/bryllim/workout-guide@ba0b709cb20430361b2cb33aaadd20998164a916/packages/workout-guide/assets/shrug/frame-2.svg","https://cdn.jsdelivr.net/gh/bryllim/workout-guide@ba0b709cb20430361b2cb33aaadd20998164a916/packages/workout-guide/assets/shrug/frame-3.svg","both"
"1091","traps/lever-shrug","Lever Shrug","lever","traps","strength","true","https://cdn.jsdelivr.net/gh/JahelCuadrado/ExerciseGymGifsDB@v1.1.0/traps/lever-shrug.gif","shrug","exact","https://cdn.jsdelivr.net/gh/bryllim/workout-guide@ba0b709cb20430361b2cb33aaadd20998164a916/packages/workout-guide/assets/shrug/frame-1.svg","https://cdn.jsdelivr.net/gh/bryllim/workout-guide@ba0b709cb20430361b2cb33aaadd20998164a916/packages/workout-guide/assets/shrug/frame-2.svg","https://cdn.jsdelivr.net/gh/bryllim/workout-guide@ba0b709cb20430361b2cb33aaadd20998164a916/packages/workout-guide/assets/shrug/frame-3.svg","both"
"1092","traps/scapula-dips","Scapula Dips","bodyweight","traps","strength","true","https://cdn.jsdelivr.net/gh/JahelCuadrado/ExerciseGymGifsDB@v1.1.0/traps/scapula-dips.gif","dip","fuzzy(0.50)","https://cdn.jsdelivr.net/gh/bryllim/workout-guide@ba0b709cb20430361b2cb33aaadd20998164a916/packages/workout-guide/assets/dip/frame-1.svg","https://cdn.jsdelivr.net/gh/bryllim/workout-guide@ba0b709cb20430361b2cb33aaadd20998164a916/packages/workout-guide/assets/dip/frame-2.svg","https://cdn.jsdelivr.net/gh/bryllim/workout-guide@ba0b709cb20430361b2cb33aaadd20998164a916/packages/workout-guide/assets/dip/frame-3.svg","both"
"1093","traps/scapular-pull-up","Scapular Pull Up","bodyweight","traps","strength","true","https://cdn.jsdelivr.net/gh/JahelCuadrado/ExerciseGymGifsDB@v1.1.0/traps/scapular-pull-up.gif","scapular-pull-up","exact","https://cdn.jsdelivr.net/gh/bryllim/workout-guide@ba0b709cb20430361b2cb33aaadd20998164a916/packages/workout-guide/assets/scapular-pull-up/frame-1.svg","https://cdn.jsdelivr.net/gh/bryllim/workout-guide@ba0b709cb20430361b2cb33aaadd20998164a916/packages/workout-guide/assets/scapular-pull-up/frame-2.svg","https://cdn.jsdelivr.net/gh/bryllim/workout-guide@ba0b709cb20430361b2cb33aaadd20998164a916/packages/workout-guide/assets/scapular-pull-up/frame-3.svg","both"
"1094","traps/smith-back-shrug","Smith Back Shrug","smith","traps","strength","true","https://cdn.jsdelivr.net/gh/JahelCuadrado/ExerciseGymGifsDB@v1.1.0/traps/smith-back-shrug.gif","shrug","fuzzy(0.50)","https://cdn.jsdelivr.net/gh/bryllim/workout-guide@ba0b709cb20430361b2cb33aaadd20998164a916/packages/workout-guide/assets/shrug/frame-1.svg","https://cdn.jsdelivr.net/gh/bryllim/workout-guide@ba0b709cb20430361b2cb33aaadd20998164a916/packages/workout-guide/assets/shrug/frame-2.svg","https://cdn.jsdelivr.net/gh/bryllim/workout-guide@ba0b709cb20430361b2cb33aaadd20998164a916/packages/workout-guide/assets/shrug/frame-3.svg","both"
"1095","traps/smith-shrug","Smith Shrug","smith","traps","strength","true","https://cdn.jsdelivr.net/gh/JahelCuadrado/ExerciseGymGifsDB@v1.1.0/traps/smith-shrug.gif","shrug","exact","https://cdn.jsdelivr.net/gh/bryllim/workout-guide@ba0b709cb20430361b2cb33aaadd20998164a916/packages/workout-guide/assets/shrug/frame-1.svg","https://cdn.jsdelivr.net/gh/bryllim/workout-guide@ba0b709cb20430361b2cb33aaadd20998164a916/packages/workout-guide/assets/shrug/frame-2.svg","https://cdn.jsdelivr.net/gh/bryllim/workout-guide@ba0b709cb20430361b2cb33aaadd20998164a916/packages/workout-guide/assets/shrug/frame-3.svg","both"
"1096","triceps/assisted-standing-triceps-extension-with-towel","Assisted Standing Triceps Extension With Towel","bodyweight","triceps","strength","true","https://cdn.jsdelivr.net/gh/JahelCuadrado/ExerciseGymGifsDB@v1.1.0/triceps/assisted-standing-triceps-extension-with-towel.gif","","","","","","gif_only"
"1097","triceps/assisted-triceps-dip-kneeling","Assisted Triceps Dip Kneeling","bodyweight","triceps","strength","true","https://cdn.jsdelivr.net/gh/JahelCuadrado/ExerciseGymGifsDB@v1.1.0/triceps/assisted-triceps-dip-kneeling.gif","","","","","","gif_only"
"1098","triceps/band-close-grip-push-up","Band Close Grip Push Up","band","triceps","strength","true","https://cdn.jsdelivr.net/gh/JahelCuadrado/ExerciseGymGifsDB@v1.1.0/triceps/band-close-grip-push-up.gif","push-up","fuzzy(0.50)","https://cdn.jsdelivr.net/gh/bryllim/workout-guide@ba0b709cb20430361b2cb33aaadd20998164a916/packages/workout-guide/assets/push-up/frame-1.svg","https://cdn.jsdelivr.net/gh/bryllim/workout-guide@ba0b709cb20430361b2cb33aaadd20998164a916/packages/workout-guide/assets/push-up/frame-2.svg","https://cdn.jsdelivr.net/gh/bryllim/workout-guide@ba0b709cb20430361b2cb33aaadd20998164a916/packages/workout-guide/assets/push-up/frame-3.svg","both"
"1099","triceps/band-side-triceps-extension","Band Side Triceps Extension","band","triceps","strength","true","https://cdn.jsdelivr.net/gh/JahelCuadrado/ExerciseGymGifsDB@v1.1.0/triceps/band-side-triceps-extension.gif","overhead-tricep-extension","fuzzy(0.50)","https://cdn.jsdelivr.net/gh/bryllim/workout-guide@ba0b709cb20430361b2cb33aaadd20998164a916/packages/workout-guide/assets/overhead-tricep-extension/frame-1.svg","https://cdn.jsdelivr.net/gh/bryllim/workout-guide@ba0b709cb20430361b2cb33aaadd20998164a916/packages/workout-guide/assets/overhead-tricep-extension/frame-2.svg","https://cdn.jsdelivr.net/gh/bryllim/workout-guide@ba0b709cb20430361b2cb33aaadd20998164a916/packages/workout-guide/assets/overhead-tricep-extension/frame-3.svg","both"
"1100","triceps/barbell-close-grip-bench-press","Barbell Close Grip Bench Press","barbell","triceps","strength","true","https://cdn.jsdelivr.net/gh/JahelCuadrado/ExerciseGymGifsDB@v1.1.0/triceps/barbell-close-grip-bench-press.gif","close-grip-bench-press","exact","https://cdn.jsdelivr.net/gh/bryllim/workout-guide@ba0b709cb20430361b2cb33aaadd20998164a916/packages/workout-guide/assets/close-grip-bench-press/frame-1.svg","https://cdn.jsdelivr.net/gh/bryllim/workout-guide@ba0b709cb20430361b2cb33aaadd20998164a916/packages/workout-guide/assets/close-grip-bench-press/frame-2.svg","https://cdn.jsdelivr.net/gh/bryllim/workout-guide@ba0b709cb20430361b2cb33aaadd20998164a916/packages/workout-guide/assets/close-grip-bench-press/frame-3.svg","both"
"1101","triceps/barbell-decline-close-grip-to-skull-press","Barbell Decline Close Grip To Skull Press","barbell","triceps","strength","true","https://cdn.jsdelivr.net/gh/JahelCuadrado/ExerciseGymGifsDB@v1.1.0/triceps/barbell-decline-close-grip-to-skull-press.gif","","","","","","gif_only"
"1102","triceps/barbell-incline-close-grip-bench-press","Barbell Incline Close Grip Bench Press","barbell","triceps","strength","true","https://cdn.jsdelivr.net/gh/JahelCuadrado/ExerciseGymGifsDB@v1.1.0/triceps/barbell-incline-close-grip-bench-press.gif","close-grip-bench-press","fuzzy(0.80)","https://cdn.jsdelivr.net/gh/bryllim/workout-guide@ba0b709cb20430361b2cb33aaadd20998164a916/packages/workout-guide/assets/close-grip-bench-press/frame-1.svg","https://cdn.jsdelivr.net/gh/bryllim/workout-guide@ba0b709cb20430361b2cb33aaadd20998164a916/packages/workout-guide/assets/close-grip-bench-press/frame-2.svg","https://cdn.jsdelivr.net/gh/bryllim/workout-guide@ba0b709cb20430361b2cb33aaadd20998164a916/packages/workout-guide/assets/close-grip-bench-press/frame-3.svg","both"
"1103","triceps/barbell-incline-reverse-grip-press","Barbell Incline Reverse Grip Press","barbell","triceps","strength","true","https://cdn.jsdelivr.net/gh/JahelCuadrado/ExerciseGymGifsDB@v1.1.0/triceps/barbell-incline-reverse-grip-press.gif","","","","","","gif_only"
"1104","triceps/barbell-jm-bench-press","Barbell Jm Bench Press","barbell","triceps","strength","true","https://cdn.jsdelivr.net/gh/JahelCuadrado/ExerciseGymGifsDB@v1.1.0/triceps/barbell-jm-bench-press.gif","bench-press","fuzzy(0.67)","https://cdn.jsdelivr.net/gh/bryllim/workout-guide@ba0b709cb20430361b2cb33aaadd20998164a916/packages/workout-guide/assets/bench-press/frame-1.svg","https://cdn.jsdelivr.net/gh/bryllim/workout-guide@ba0b709cb20430361b2cb33aaadd20998164a916/packages/workout-guide/assets/bench-press/frame-2.svg","https://cdn.jsdelivr.net/gh/bryllim/workout-guide@ba0b709cb20430361b2cb33aaadd20998164a916/packages/workout-guide/assets/bench-press/frame-3.svg","both"
"1105","triceps/barbell-lying-back-of-the-head-tricep-extension","Barbell Lying Back Of The Head Tricep Extension","barbell","triceps","strength","true","https://cdn.jsdelivr.net/gh/JahelCuadrado/ExerciseGymGifsDB@v1.1.0/triceps/barbell-lying-back-of-the-head-tricep-extension.gif","","","","","","gif_only"
"1106","triceps/barbell-lying-close-grip-press","Barbell Lying Close Grip Press","barbell","triceps","strength","true","https://cdn.jsdelivr.net/gh/JahelCuadrado/ExerciseGymGifsDB@v1.1.0/triceps/barbell-lying-close-grip-press.gif","close-grip-bench-press","fuzzy(0.60)","https://cdn.jsdelivr.net/gh/bryllim/workout-guide@ba0b709cb20430361b2cb33aaadd20998164a916/packages/workout-guide/assets/close-grip-bench-press/frame-1.svg","https://cdn.jsdelivr.net/gh/bryllim/workout-guide@ba0b709cb20430361b2cb33aaadd20998164a916/packages/workout-guide/assets/close-grip-bench-press/frame-2.svg","https://cdn.jsdelivr.net/gh/bryllim/workout-guide@ba0b709cb20430361b2cb33aaadd20998164a916/packages/workout-guide/assets/close-grip-bench-press/frame-3.svg","both"
"1107","triceps/barbell-lying-close-grip-triceps-extension","Barbell Lying Close Grip Triceps Extension","barbell","triceps","strength","true","https://cdn.jsdelivr.net/gh/JahelCuadrado/ExerciseGymGifsDB@v1.1.0/triceps/barbell-lying-close-grip-triceps-extension.gif","","","","","","gif_only"
"1108","triceps/barbell-lying-extension","Barbell Lying Extension","barbell","triceps","strength","true","https://cdn.jsdelivr.net/gh/JahelCuadrado/ExerciseGymGifsDB@v1.1.0/triceps/barbell-lying-extension.gif","","","","","","gif_only"
"1109","triceps/barbell-lying-triceps-extension-skull-crusher","Barbell Lying Triceps Extension Skull Crusher","barbell","triceps","strength","true","https://cdn.jsdelivr.net/gh/JahelCuadrado/ExerciseGymGifsDB@v1.1.0/triceps/barbell-lying-triceps-extension-skull-crusher.gif","","","","","","gif_only"
"1110","triceps/barbell-lying-triceps-extension","Barbell Lying Triceps Extension","barbell","triceps","strength","true","https://cdn.jsdelivr.net/gh/JahelCuadrado/ExerciseGymGifsDB@v1.1.0/triceps/barbell-lying-triceps-extension.gif","overhead-tricep-extension","fuzzy(0.50)","https://cdn.jsdelivr.net/gh/bryllim/workout-guide@ba0b709cb20430361b2cb33aaadd20998164a916/packages/workout-guide/assets/overhead-tricep-extension/frame-1.svg","https://cdn.jsdelivr.net/gh/bryllim/workout-guide@ba0b709cb20430361b2cb33aaadd20998164a916/packages/workout-guide/assets/overhead-tricep-extension/frame-2.svg","https://cdn.jsdelivr.net/gh/bryllim/workout-guide@ba0b709cb20430361b2cb33aaadd20998164a916/packages/workout-guide/assets/overhead-tricep-extension/frame-3.svg","both"
"1111","triceps/barbell-one-arm-floor-press","Barbell One Arm Floor Press","barbell","triceps","strength","true","https://cdn.jsdelivr.net/gh/JahelCuadrado/ExerciseGymGifsDB@v1.1.0/triceps/barbell-one-arm-floor-press.gif","","","","","","gif_only"
"1112","triceps/barbell-pin-presses","Barbell Pin Presses","barbell","triceps","strength","true","https://cdn.jsdelivr.net/gh/JahelCuadrado/ExerciseGymGifsDB@v1.1.0/triceps/barbell-pin-presses.gif","","","","","","gif_only"
"1113","triceps/barbell-reverse-close-grip-bench-press","Barbell Reverse Close Grip Bench Press","barbell","triceps","strength","true","https://cdn.jsdelivr.net/gh/JahelCuadrado/ExerciseGymGifsDB@v1.1.0/triceps/barbell-reverse-close-grip-bench-press.gif","close-grip-bench-press","fuzzy(0.80)","https://cdn.jsdelivr.net/gh/bryllim/workout-guide@ba0b709cb20430361b2cb33aaadd20998164a916/packages/workout-guide/assets/close-grip-bench-press/frame-1.svg","https://cdn.jsdelivr.net/gh/bryllim/workout-guide@ba0b709cb20430361b2cb33aaadd20998164a916/packages/workout-guide/assets/close-grip-bench-press/frame-2.svg","https://cdn.jsdelivr.net/gh/bryllim/workout-guide@ba0b709cb20430361b2cb33aaadd20998164a916/packages/workout-guide/assets/close-grip-bench-press/frame-3.svg","both"
"1114","triceps/barbell-reverse-grip-skullcrusher","Barbell Reverse Grip Skullcrusher","barbell","triceps","strength","true","https://cdn.jsdelivr.net/gh/JahelCuadrado/ExerciseGymGifsDB@v1.1.0/triceps/barbell-reverse-grip-skullcrusher.gif","","","","","","gif_only"
"1115","triceps/barbell-seated-close-grip-behind-neck-triceps-extension","Barbell Seated Close Grip Behind Neck Triceps Extension","barbell","triceps","strength","true","https://cdn.jsdelivr.net/gh/JahelCuadrado/ExerciseGymGifsDB@v1.1.0/triceps/barbell-seated-close-grip-behind-neck-triceps-extension.gif","","","","","","gif_only"
"1116","triceps/barbell-seated-overhead-triceps-extension","Barbell Seated Overhead Triceps Extension","barbell","triceps","strength","true","https://cdn.jsdelivr.net/gh/JahelCuadrado/ExerciseGymGifsDB@v1.1.0/triceps/barbell-seated-overhead-triceps-extension.gif","overhead-tricep-extension","fuzzy(0.75)","https://cdn.jsdelivr.net/gh/bryllim/workout-guide@ba0b709cb20430361b2cb33aaadd20998164a916/packages/workout-guide/assets/overhead-tricep-extension/frame-1.svg","https://cdn.jsdelivr.net/gh/bryllim/workout-guide@ba0b709cb20430361b2cb33aaadd20998164a916/packages/workout-guide/assets/overhead-tricep-extension/frame-2.svg","https://cdn.jsdelivr.net/gh/bryllim/workout-guide@ba0b709cb20430361b2cb33aaadd20998164a916/packages/workout-guide/assets/overhead-tricep-extension/frame-3.svg","both"
"1117","triceps/barbell-standing-overhead-triceps-extension","Barbell Standing Overhead Triceps Extension","barbell","triceps","strength","true","https://cdn.jsdelivr.net/gh/JahelCuadrado/ExerciseGymGifsDB@v1.1.0/triceps/barbell-standing-overhead-triceps-extension.gif","overhead-tricep-extension","fuzzy(0.75)","https://cdn.jsdelivr.net/gh/bryllim/workout-guide@ba0b709cb20430361b2cb33aaadd20998164a916/packages/workout-guide/assets/overhead-tricep-extension/frame-1.svg","https://cdn.jsdelivr.net/gh/bryllim/workout-guide@ba0b709cb20430361b2cb33aaadd20998164a916/packages/workout-guide/assets/overhead-tricep-extension/frame-2.svg","https://cdn.jsdelivr.net/gh/bryllim/workout-guide@ba0b709cb20430361b2cb33aaadd20998164a916/packages/workout-guide/assets/overhead-tricep-extension/frame-3.svg","both"
"1118","triceps/bench-dip-knees-bent","Bench Dip Knees Bent","bodyweight","triceps","strength","true","https://cdn.jsdelivr.net/gh/JahelCuadrado/ExerciseGymGifsDB@v1.1.0/triceps/bench-dip-knees-bent.gif","bench-dip","fuzzy(0.50)","https://cdn.jsdelivr.net/gh/bryllim/workout-guide@ba0b709cb20430361b2cb33aaadd20998164a916/packages/workout-guide/assets/bench-dip/frame-1.svg","https://cdn.jsdelivr.net/gh/bryllim/workout-guide@ba0b709cb20430361b2cb33aaadd20998164a916/packages/workout-guide/assets/bench-dip/frame-2.svg","https://cdn.jsdelivr.net/gh/bryllim/workout-guide@ba0b709cb20430361b2cb33aaadd20998164a916/packages/workout-guide/assets/bench-dip/frame-3.svg","both"
"1119","triceps/bench-dip-on-floor","Bench Dip On Floor","bodyweight","triceps","strength","true","https://cdn.jsdelivr.net/gh/JahelCuadrado/ExerciseGymGifsDB@v1.1.0/triceps/bench-dip-on-floor.gif","bench-dip","fuzzy(0.50)","https://cdn.jsdelivr.net/gh/bryllim/workout-guide@ba0b709cb20430361b2cb33aaadd20998164a916/packages/workout-guide/assets/bench-dip/frame-1.svg","https://cdn.jsdelivr.net/gh/bryllim/workout-guide@ba0b709cb20430361b2cb33aaadd20998164a916/packages/workout-guide/assets/bench-dip/frame-2.svg","https://cdn.jsdelivr.net/gh/bryllim/workout-guide@ba0b709cb20430361b2cb33aaadd20998164a916/packages/workout-guide/assets/bench-dip/frame-3.svg","both"
"1120","triceps/body-up","Body Up","bodyweight","triceps","strength","true","https://cdn.jsdelivr.net/gh/JahelCuadrado/ExerciseGymGifsDB@v1.1.0/triceps/body-up.gif","","","","","","gif_only"
"1121","triceps/bodyweight-kneeling-triceps-extension","Bodyweight Kneeling Triceps Extension","bodyweight","triceps","strength","true","https://cdn.jsdelivr.net/gh/JahelCuadrado/ExerciseGymGifsDB@v1.1.0/triceps/bodyweight-kneeling-triceps-extension.gif","overhead-tricep-extension","fuzzy(0.50)","https://cdn.jsdelivr.net/gh/bryllim/workout-guide@ba0b709cb20430361b2cb33aaadd20998164a916/packages/workout-guide/assets/overhead-tricep-extension/frame-1.svg","https://cdn.jsdelivr.net/gh/bryllim/workout-guide@ba0b709cb20430361b2cb33aaadd20998164a916/packages/workout-guide/assets/overhead-tricep-extension/frame-2.svg","https://cdn.jsdelivr.net/gh/bryllim/workout-guide@ba0b709cb20430361b2cb33aaadd20998164a916/packages/workout-guide/assets/overhead-tricep-extension/frame-3.svg","both"
"1122","triceps/cable-alternate-triceps-extension","Cable Alternate Triceps Extension","cable","triceps","strength","true","https://cdn.jsdelivr.net/gh/JahelCuadrado/ExerciseGymGifsDB@v1.1.0/triceps/cable-alternate-triceps-extension.gif","overhead-tricep-extension","fuzzy(0.50)","https://cdn.jsdelivr.net/gh/bryllim/workout-guide@ba0b709cb20430361b2cb33aaadd20998164a916/packages/workout-guide/assets/overhead-tricep-extension/frame-1.svg","https://cdn.jsdelivr.net/gh/bryllim/workout-guide@ba0b709cb20430361b2cb33aaadd20998164a916/packages/workout-guide/assets/overhead-tricep-extension/frame-2.svg","https://cdn.jsdelivr.net/gh/bryllim/workout-guide@ba0b709cb20430361b2cb33aaadd20998164a916/packages/workout-guide/assets/overhead-tricep-extension/frame-3.svg","both"
"1123","triceps/cable-concentration-extension-on-knee","Cable Concentration Extension On Knee","cable","triceps","strength","true","https://cdn.jsdelivr.net/gh/JahelCuadrado/ExerciseGymGifsDB@v1.1.0/triceps/cable-concentration-extension-on-knee.gif","","","","","","gif_only"
"1124","triceps/cable-high-pulley-overhead-tricep-extension","Cable High Pulley Overhead Tricep Extension","cable","triceps","strength","true","https://cdn.jsdelivr.net/gh/JahelCuadrado/ExerciseGymGifsDB@v1.1.0/triceps/cable-high-pulley-overhead-tricep-extension.gif","overhead-tricep-extension","fuzzy(0.60)","https://cdn.jsdelivr.net/gh/bryllim/workout-guide@ba0b709cb20430361b2cb33aaadd20998164a916/packages/workout-guide/assets/overhead-tricep-extension/frame-1.svg","https://cdn.jsdelivr.net/gh/bryllim/workout-guide@ba0b709cb20430361b2cb33aaadd20998164a916/packages/workout-guide/assets/overhead-tricep-extension/frame-2.svg","https://cdn.jsdelivr.net/gh/bryllim/workout-guide@ba0b709cb20430361b2cb33aaadd20998164a916/packages/workout-guide/assets/overhead-tricep-extension/frame-3.svg","both"
"1125","triceps/cable-incline-triceps-extension","Cable Incline Triceps Extension","cable","triceps","strength","true","https://cdn.jsdelivr.net/gh/JahelCuadrado/ExerciseGymGifsDB@v1.1.0/triceps/cable-incline-triceps-extension.gif","overhead-tricep-extension","fuzzy(0.50)","https://cdn.jsdelivr.net/gh/bryllim/workout-guide@ba0b709cb20430361b2cb33aaadd20998164a916/packages/workout-guide/assets/overhead-tricep-extension/frame-1.svg","https://cdn.jsdelivr.net/gh/bryllim/workout-guide@ba0b709cb20430361b2cb33aaadd20998164a916/packages/workout-guide/assets/overhead-tricep-extension/frame-2.svg","https://cdn.jsdelivr.net/gh/bryllim/workout-guide@ba0b709cb20430361b2cb33aaadd20998164a916/packages/workout-guide/assets/overhead-tricep-extension/frame-3.svg","both"
"1126","triceps/cable-kickback","Cable Kickback","cable","triceps","strength","true","https://cdn.jsdelivr.net/gh/JahelCuadrado/ExerciseGymGifsDB@v1.1.0/triceps/cable-kickback.gif","cable-kickback","exact","https://cdn.jsdelivr.net/gh/bryllim/workout-guide@ba0b709cb20430361b2cb33aaadd20998164a916/packages/workout-guide/assets/cable-kickback/frame-1.svg","https://cdn.jsdelivr.net/gh/bryllim/workout-guide@ba0b709cb20430361b2cb33aaadd20998164a916/packages/workout-guide/assets/cable-kickback/frame-2.svg","https://cdn.jsdelivr.net/gh/bryllim/workout-guide@ba0b709cb20430361b2cb33aaadd20998164a916/packages/workout-guide/assets/cable-kickback/frame-3.svg","both"
"1127","triceps/cable-kneeling-triceps-extension","Cable Kneeling Triceps Extension","cable","triceps","strength","true","https://cdn.jsdelivr.net/gh/JahelCuadrado/ExerciseGymGifsDB@v1.1.0/triceps/cable-kneeling-triceps-extension.gif","overhead-tricep-extension","fuzzy(0.50)","https://cdn.jsdelivr.net/gh/bryllim/workout-guide@ba0b709cb20430361b2cb33aaadd20998164a916/packages/workout-guide/assets/overhead-tricep-extension/frame-1.svg","https://cdn.jsdelivr.net/gh/bryllim/workout-guide@ba0b709cb20430361b2cb33aaadd20998164a916/packages/workout-guide/assets/overhead-tricep-extension/frame-2.svg","https://cdn.jsdelivr.net/gh/bryllim/workout-guide@ba0b709cb20430361b2cb33aaadd20998164a916/packages/workout-guide/assets/overhead-tricep-extension/frame-3.svg","both"
"1128","triceps/cable-lying-triceps-extension-v-2","Cable Lying Triceps Extension v2","cable","triceps","strength","true","https://cdn.jsdelivr.net/gh/JahelCuadrado/ExerciseGymGifsDB@v1.1.0/triceps/cable-lying-triceps-extension-v-2.gif","","","","","","gif_only"
"1129","triceps/cable-one-arm-tricep-pushdown","Cable One Arm Tricep Pushdown","cable","triceps","strength","true","https://cdn.jsdelivr.net/gh/JahelCuadrado/ExerciseGymGifsDB@v1.1.0/triceps/cable-one-arm-tricep-pushdown.gif","tricep-pushdown","fuzzy(0.50)","https://cdn.jsdelivr.net/gh/bryllim/workout-guide@ba0b709cb20430361b2cb33aaadd20998164a916/packages/workout-guide/assets/tricep-pushdown/frame-1.svg","https://cdn.jsdelivr.net/gh/bryllim/workout-guide@ba0b709cb20430361b2cb33aaadd20998164a916/packages/workout-guide/assets/tricep-pushdown/frame-2.svg","https://cdn.jsdelivr.net/gh/bryllim/workout-guide@ba0b709cb20430361b2cb33aaadd20998164a916/packages/workout-guide/assets/tricep-pushdown/frame-3.svg","both"
"1130","triceps/cable-overhead-triceps-extension-rope-attachment","Cable Overhead Triceps Extension Rope Attachment","cable","triceps","strength","true","https://cdn.jsdelivr.net/gh/JahelCuadrado/ExerciseGymGifsDB@v1.1.0/triceps/cable-overhead-triceps-extension-rope-attachment.gif","overhead-tricep-extension","fuzzy(0.75)","https://cdn.jsdelivr.net/gh/bryllim/workout-guide@ba0b709cb20430361b2cb33aaadd20998164a916/packages/workout-guide/assets/overhead-tricep-extension/frame-1.svg","https://cdn.jsdelivr.net/gh/bryllim/workout-guide@ba0b709cb20430361b2cb33aaadd20998164a916/packages/workout-guide/assets/overhead-tricep-extension/frame-2.svg","https://cdn.jsdelivr.net/gh/bryllim/workout-guide@ba0b709cb20430361b2cb33aaadd20998164a916/packages/workout-guide/assets/overhead-tricep-extension/frame-3.svg","both"
"1131","triceps/cable-pushdown-with-rope-attachment","Cable Pushdown With Rope Attachment","cable","triceps","strength","true","https://cdn.jsdelivr.net/gh/JahelCuadrado/ExerciseGymGifsDB@v1.1.0/triceps/cable-pushdown-with-rope-attachment.gif","","","","","","gif_only"
"1132","triceps/cable-pushdown","Cable Pushdown","cable","triceps","strength","true","https://cdn.jsdelivr.net/gh/JahelCuadrado/ExerciseGymGifsDB@v1.1.0/triceps/cable-pushdown.gif","tricep-pushdown","fuzzy(0.50)","https://cdn.jsdelivr.net/gh/bryllim/workout-guide@ba0b709cb20430361b2cb33aaadd20998164a916/packages/workout-guide/assets/tricep-pushdown/frame-1.svg","https://cdn.jsdelivr.net/gh/bryllim/workout-guide@ba0b709cb20430361b2cb33aaadd20998164a916/packages/workout-guide/assets/tricep-pushdown/frame-2.svg","https://cdn.jsdelivr.net/gh/bryllim/workout-guide@ba0b709cb20430361b2cb33aaadd20998164a916/packages/workout-guide/assets/tricep-pushdown/frame-3.svg","both"
"1133","triceps/cable-rear-drive","Cable Rear Drive","cable","triceps","strength","true","https://cdn.jsdelivr.net/gh/JahelCuadrado/ExerciseGymGifsDB@v1.1.0/triceps/cable-rear-drive.gif","","","","","","gif_only"
"1134","triceps/cable-reverse-grip-pushdown","Cable Reverse Grip Pushdown","cable","triceps","strength","true","https://cdn.jsdelivr.net/gh/JahelCuadrado/ExerciseGymGifsDB@v1.1.0/triceps/cable-reverse-grip-pushdown.gif","","","","","","gif_only"
"1135","triceps/cable-reverse-grip-triceps-pushdown-sz-bar-with-arm-blaster","Cable Reverse Grip Triceps Pushdown Sz Bar With Arm Blaster","cable","triceps","strength","true","https://cdn.jsdelivr.net/gh/JahelCuadrado/ExerciseGymGifsDB@v1.1.0/triceps/cable-reverse-grip-triceps-pushdown-sz-bar-with-arm-blaster.gif","","","","","","gif_only"
"1136","triceps/cable-rope-high-pulley-overhead-tricep-extension","Cable Rope High Pulley Overhead Tricep Extension","cable","triceps","strength","true","https://cdn.jsdelivr.net/gh/JahelCuadrado/ExerciseGymGifsDB@v1.1.0/triceps/cable-rope-high-pulley-overhead-tricep-extension.gif","overhead-tricep-extension","fuzzy(0.60)","https://cdn.jsdelivr.net/gh/bryllim/workout-guide@ba0b709cb20430361b2cb33aaadd20998164a916/packages/workout-guide/assets/overhead-tricep-extension/frame-1.svg","https://cdn.jsdelivr.net/gh/bryllim/workout-guide@ba0b709cb20430361b2cb33aaadd20998164a916/packages/workout-guide/assets/overhead-tricep-extension/frame-2.svg","https://cdn.jsdelivr.net/gh/bryllim/workout-guide@ba0b709cb20430361b2cb33aaadd20998164a916/packages/workout-guide/assets/overhead-tricep-extension/frame-3.svg","both"
"1137","triceps/cable-rope-incline-tricep-extension","Cable Rope Incline Tricep Extension","cable","triceps","strength","true","https://cdn.jsdelivr.net/gh/JahelCuadrado/ExerciseGymGifsDB@v1.1.0/triceps/cable-rope-incline-tricep-extension.gif","overhead-tricep-extension","fuzzy(0.50)","https://cdn.jsdelivr.net/gh/bryllim/workout-guide@ba0b709cb20430361b2cb33aaadd20998164a916/packages/workout-guide/assets/overhead-tricep-extension/frame-1.svg","https://cdn.jsdelivr.net/gh/bryllim/workout-guide@ba0b709cb20430361b2cb33aaadd20998164a916/packages/workout-guide/assets/overhead-tricep-extension/frame-2.svg","https://cdn.jsdelivr.net/gh/bryllim/workout-guide@ba0b709cb20430361b2cb33aaadd20998164a916/packages/workout-guide/assets/overhead-tricep-extension/frame-3.svg","both"
"1138","triceps/cable-rope-lying-on-floor-tricep-extension","Cable Rope Lying On Floor Tricep Extension","cable","triceps","strength","true","https://cdn.jsdelivr.net/gh/JahelCuadrado/ExerciseGymGifsDB@v1.1.0/triceps/cable-rope-lying-on-floor-tricep-extension.gif","","","","","","gif_only"
"1139","triceps/cable-standing-one-arm-triceps-extension","Cable Standing One Arm Triceps Extension","cable","triceps","strength","true","https://cdn.jsdelivr.net/gh/JahelCuadrado/ExerciseGymGifsDB@v1.1.0/triceps/cable-standing-one-arm-triceps-extension.gif","","","","","","gif_only"
"1140","triceps/cable-standing-reverse-grip-one-arm-overhead-tricep-extension","Cable Standing Reverse Grip One Arm Overhead Tricep Extension","cable","triceps","strength","true","https://cdn.jsdelivr.net/gh/JahelCuadrado/ExerciseGymGifsDB@v1.1.0/triceps/cable-standing-reverse-grip-one-arm-overhead-tricep-extension.gif","","","","","","gif_only"
"1141","triceps/cable-triceps-pushdown-v-bar-with-arm-blaster","Cable Triceps Pushdown V Bar With Arm Blaster","cable","triceps","strength","true","https://cdn.jsdelivr.net/gh/JahelCuadrado/ExerciseGymGifsDB@v1.1.0/triceps/cable-triceps-pushdown-v-bar-with-arm-blaster.gif","","","","","","gif_only"
"1142","triceps/cable-triceps-pushdown-v-bar","Cable Triceps Pushdown V Bar","cable","triceps","strength","true","https://cdn.jsdelivr.net/gh/JahelCuadrado/ExerciseGymGifsDB@v1.1.0/triceps/cable-triceps-pushdown-v-bar.gif","tricep-pushdown","fuzzy(0.67)","https://cdn.jsdelivr.net/gh/bryllim/workout-guide@ba0b709cb20430361b2cb33aaadd20998164a916/packages/workout-guide/assets/tricep-pushdown/frame-1.svg","https://cdn.jsdelivr.net/gh/bryllim/workout-guide@ba0b709cb20430361b2cb33aaadd20998164a916/packages/workout-guide/assets/tricep-pushdown/frame-2.svg","https://cdn.jsdelivr.net/gh/bryllim/workout-guide@ba0b709cb20430361b2cb33aaadd20998164a916/packages/workout-guide/assets/tricep-pushdown/frame-3.svg","both"
"1143","triceps/cable-two-arm-tricep-kickback","Cable Two Arm Tricep Kickback","cable","triceps","strength","true","https://cdn.jsdelivr.net/gh/JahelCuadrado/ExerciseGymGifsDB@v1.1.0/triceps/cable-two-arm-tricep-kickback.gif","tricep-kickback","fuzzy(0.50)","https://cdn.jsdelivr.net/gh/bryllim/workout-guide@ba0b709cb20430361b2cb33aaadd20998164a916/packages/workout-guide/assets/tricep-kickback/frame-1.svg","https://cdn.jsdelivr.net/gh/bryllim/workout-guide@ba0b709cb20430361b2cb33aaadd20998164a916/packages/workout-guide/assets/tricep-kickback/frame-2.svg","https://cdn.jsdelivr.net/gh/bryllim/workout-guide@ba0b709cb20430361b2cb33aaadd20998164a916/packages/workout-guide/assets/tricep-kickback/frame-3.svg","both"
"1144","triceps/close-grip-push-up-on-knees","Close Grip Push Up On Knees","bodyweight","triceps","strength","true","https://cdn.jsdelivr.net/gh/JahelCuadrado/ExerciseGymGifsDB@v1.1.0/triceps/close-grip-push-up-on-knees.gif","knee-push-up","fuzzy(0.50)","https://cdn.jsdelivr.net/gh/bryllim/workout-guide@ba0b709cb20430361b2cb33aaadd20998164a916/packages/workout-guide/assets/knee-push-up/frame-1.svg","https://cdn.jsdelivr.net/gh/bryllim/workout-guide@ba0b709cb20430361b2cb33aaadd20998164a916/packages/workout-guide/assets/knee-push-up/frame-2.svg","https://cdn.jsdelivr.net/gh/bryllim/workout-guide@ba0b709cb20430361b2cb33aaadd20998164a916/packages/workout-guide/assets/knee-push-up/frame-3.svg","both"
"1145","triceps/close-grip-push-up","Close Grip Push Up","bodyweight","triceps","strength","true","https://cdn.jsdelivr.net/gh/JahelCuadrado/ExerciseGymGifsDB@v1.1.0/triceps/close-grip-push-up.gif","push-up","fuzzy(0.50)","https://cdn.jsdelivr.net/gh/bryllim/workout-guide@ba0b709cb20430361b2cb33aaadd20998164a916/packages/workout-guide/assets/push-up/frame-1.svg","https://cdn.jsdelivr.net/gh/bryllim/workout-guide@ba0b709cb20430361b2cb33aaadd20998164a916/packages/workout-guide/assets/push-up/frame-2.svg","https://cdn.jsdelivr.net/gh/bryllim/workout-guide@ba0b709cb20430361b2cb33aaadd20998164a916/packages/workout-guide/assets/push-up/frame-3.svg","both"
"1146","triceps/diamond-push-up","Diamond Push Up","bodyweight","triceps","strength","true","https://cdn.jsdelivr.net/gh/JahelCuadrado/ExerciseGymGifsDB@v1.1.0/triceps/diamond-push-up.gif","diamond-push-up","exact","https://cdn.jsdelivr.net/gh/bryllim/workout-guide@ba0b709cb20430361b2cb33aaadd20998164a916/packages/workout-guide/assets/diamond-push-up/frame-1.svg","https://cdn.jsdelivr.net/gh/bryllim/workout-guide@ba0b709cb20430361b2cb33aaadd20998164a916/packages/workout-guide/assets/diamond-push-up/frame-2.svg","https://cdn.jsdelivr.net/gh/bryllim/workout-guide@ba0b709cb20430361b2cb33aaadd20998164a916/packages/workout-guide/assets/diamond-push-up/frame-3.svg","both"
"1147","triceps/dumbbell-close-grip-press-1731","Dumbbell Close Grip Press 1731","dumbbell","triceps","strength","true","https://cdn.jsdelivr.net/gh/JahelCuadrado/ExerciseGymGifsDB@v1.1.0/triceps/dumbbell-close-grip-press-1731.gif","close-grip-bench-press","fuzzy(0.60)","https://cdn.jsdelivr.net/gh/bryllim/workout-guide@ba0b709cb20430361b2cb33aaadd20998164a916/packages/workout-guide/assets/close-grip-bench-press/frame-1.svg","https://cdn.jsdelivr.net/gh/bryllim/workout-guide@ba0b709cb20430361b2cb33aaadd20998164a916/packages/workout-guide/assets/close-grip-bench-press/frame-2.svg","https://cdn.jsdelivr.net/gh/bryllim/workout-guide@ba0b709cb20430361b2cb33aaadd20998164a916/packages/workout-guide/assets/close-grip-bench-press/frame-3.svg","both"
"1148","triceps/dumbbell-close-grip-press","Dumbbell Close Grip Press","dumbbell","triceps","strength","true","https://cdn.jsdelivr.net/gh/JahelCuadrado/ExerciseGymGifsDB@v1.1.0/triceps/dumbbell-close-grip-press.gif","close-grip-bench-press","fuzzy(0.75)","https://cdn.jsdelivr.net/gh/bryllim/workout-guide@ba0b709cb20430361b2cb33aaadd20998164a916/packages/workout-guide/assets/close-grip-bench-press/frame-1.svg","https://cdn.jsdelivr.net/gh/bryllim/workout-guide@ba0b709cb20430361b2cb33aaadd20998164a916/packages/workout-guide/assets/close-grip-bench-press/frame-2.svg","https://cdn.jsdelivr.net/gh/bryllim/workout-guide@ba0b709cb20430361b2cb33aaadd20998164a916/packages/workout-guide/assets/close-grip-bench-press/frame-3.svg","both"
"1149","triceps/dumbbell-decline-one-arm-hammer-press","Dumbbell Decline One Arm Hammer Press","dumbbell","triceps","strength","true","https://cdn.jsdelivr.net/gh/JahelCuadrado/ExerciseGymGifsDB@v1.1.0/triceps/dumbbell-decline-one-arm-hammer-press.gif","","","","","","gif_only"
"1150","triceps/dumbbell-decline-triceps-extension","Dumbbell Decline Triceps Extension","dumbbell","triceps","strength","true","https://cdn.jsdelivr.net/gh/JahelCuadrado/ExerciseGymGifsDB@v1.1.0/triceps/dumbbell-decline-triceps-extension.gif","overhead-tricep-extension","fuzzy(0.50)","https://cdn.jsdelivr.net/gh/bryllim/workout-guide@ba0b709cb20430361b2cb33aaadd20998164a916/packages/workout-guide/assets/overhead-tricep-extension/frame-1.svg","https://cdn.jsdelivr.net/gh/bryllim/workout-guide@ba0b709cb20430361b2cb33aaadd20998164a916/packages/workout-guide/assets/overhead-tricep-extension/frame-2.svg","https://cdn.jsdelivr.net/gh/bryllim/workout-guide@ba0b709cb20430361b2cb33aaadd20998164a916/packages/workout-guide/assets/overhead-tricep-extension/frame-3.svg","both"
"1151","triceps/dumbbell-forward-lunge-triceps-extension","Dumbbell Forward Lunge Triceps Extension","dumbbell","triceps","strength","true","https://cdn.jsdelivr.net/gh/JahelCuadrado/ExerciseGymGifsDB@v1.1.0/triceps/dumbbell-forward-lunge-triceps-extension.gif","forward-lunge","fuzzy(0.50)","https://cdn.jsdelivr.net/gh/bryllim/workout-guide@ba0b709cb20430361b2cb33aaadd20998164a916/packages/workout-guide/assets/forward-lunge/frame-1.svg","https://cdn.jsdelivr.net/gh/bryllim/workout-guide@ba0b709cb20430361b2cb33aaadd20998164a916/packages/workout-guide/assets/forward-lunge/frame-2.svg","https://cdn.jsdelivr.net/gh/bryllim/workout-guide@ba0b709cb20430361b2cb33aaadd20998164a916/packages/workout-guide/assets/forward-lunge/frame-3.svg","both"
"1152","triceps/dumbbell-incline-hammer-press-on-exercise-ball","Dumbbell Incline Hammer Press On Exercise Ball","dumbbell","triceps","strength","true","https://cdn.jsdelivr.net/gh/JahelCuadrado/ExerciseGymGifsDB@v1.1.0/triceps/dumbbell-incline-hammer-press-on-exercise-ball.gif","","","","","","gif_only"
"1153","triceps/dumbbell-incline-one-arm-hammer-press-on-exercise-ball","Dumbbell Incline One Arm Hammer Press On Exercise Ball","dumbbell","triceps","strength","true","https://cdn.jsdelivr.net/gh/JahelCuadrado/ExerciseGymGifsDB@v1.1.0/triceps/dumbbell-incline-one-arm-hammer-press-on-exercise-ball.gif","","","","","","gif_only"
"1154","triceps/dumbbell-incline-one-arm-hammer-press","Dumbbell Incline One Arm Hammer Press","dumbbell","triceps","strength","true","https://cdn.jsdelivr.net/gh/JahelCuadrado/ExerciseGymGifsDB@v1.1.0/triceps/dumbbell-incline-one-arm-hammer-press.gif","","","","","","gif_only"
"1155","triceps/dumbbell-incline-triceps-extension","Dumbbell Incline Triceps Extension","dumbbell","triceps","strength","true","https://cdn.jsdelivr.net/gh/JahelCuadrado/ExerciseGymGifsDB@v1.1.0/triceps/dumbbell-incline-triceps-extension.gif","overhead-tricep-extension","fuzzy(0.50)","https://cdn.jsdelivr.net/gh/bryllim/workout-guide@ba0b709cb20430361b2cb33aaadd20998164a916/packages/workout-guide/assets/overhead-tricep-extension/frame-1.svg","https://cdn.jsdelivr.net/gh/bryllim/workout-guide@ba0b709cb20430361b2cb33aaadd20998164a916/packages/workout-guide/assets/overhead-tricep-extension/frame-2.svg","https://cdn.jsdelivr.net/gh/bryllim/workout-guide@ba0b709cb20430361b2cb33aaadd20998164a916/packages/workout-guide/assets/overhead-tricep-extension/frame-3.svg","both"
"1156","triceps/dumbbell-incline-two-arm-extension","Dumbbell Incline Two Arm Extension","dumbbell","triceps","strength","true","https://cdn.jsdelivr.net/gh/JahelCuadrado/ExerciseGymGifsDB@v1.1.0/triceps/dumbbell-incline-two-arm-extension.gif","","","","","","gif_only"
"1157","triceps/dumbbell-kickback","Dumbbell Kickback","dumbbell","triceps","strength","true","https://cdn.jsdelivr.net/gh/JahelCuadrado/ExerciseGymGifsDB@v1.1.0/triceps/dumbbell-kickback.gif","cable-kickback","fuzzy(0.50)","https://cdn.jsdelivr.net/gh/bryllim/workout-guide@ba0b709cb20430361b2cb33aaadd20998164a916/packages/workout-guide/assets/cable-kickback/frame-1.svg","https://cdn.jsdelivr.net/gh/bryllim/workout-guide@ba0b709cb20430361b2cb33aaadd20998164a916/packages/workout-guide/assets/cable-kickback/frame-2.svg","https://cdn.jsdelivr.net/gh/bryllim/workout-guide@ba0b709cb20430361b2cb33aaadd20998164a916/packages/workout-guide/assets/cable-kickback/frame-3.svg","both"
"1158","triceps/dumbbell-kickbacks-on-exercise-ball","Dumbbell Kickbacks On Exercise Ball","dumbbell","triceps","strength","true","https://cdn.jsdelivr.net/gh/JahelCuadrado/ExerciseGymGifsDB@v1.1.0/triceps/dumbbell-kickbacks-on-exercise-ball.gif","","","","","","gif_only"
"1159","triceps/dumbbell-lying-alternate-extension","Dumbbell Lying Alternate Extension","dumbbell","triceps","strength","true","https://cdn.jsdelivr.net/gh/JahelCuadrado/ExerciseGymGifsDB@v1.1.0/triceps/dumbbell-lying-alternate-extension.gif","","","","","","gif_only"
"1160","triceps/dumbbell-lying-elbow-press","Dumbbell Lying Elbow Press","dumbbell","triceps","strength","true","https://cdn.jsdelivr.net/gh/JahelCuadrado/ExerciseGymGifsDB@v1.1.0/triceps/dumbbell-lying-elbow-press.gif","","","","","","gif_only"
"1161","triceps/dumbbell-lying-extension-across-face","Dumbbell Lying Extension Across Face","dumbbell","triceps","strength","true","https://cdn.jsdelivr.net/gh/JahelCuadrado/ExerciseGymGifsDB@v1.1.0/triceps/dumbbell-lying-extension-across-face.gif","","","","","","gif_only"
"1162","triceps/dumbbell-lying-one-arm-pronated-triceps-extension","Dumbbell Lying One Arm Pronated Triceps Extension","dumbbell","triceps","strength","true","https://cdn.jsdelivr.net/gh/JahelCuadrado/ExerciseGymGifsDB@v1.1.0/triceps/dumbbell-lying-one-arm-pronated-triceps-extension.gif","","","","","","gif_only"
"1163","triceps/dumbbell-lying-one-arm-supinated-triceps-extension","Dumbbell Lying One Arm Supinated Triceps Extension","dumbbell","triceps","strength","true","https://cdn.jsdelivr.net/gh/JahelCuadrado/ExerciseGymGifsDB@v1.1.0/triceps/dumbbell-lying-one-arm-supinated-triceps-extension.gif","","","","","","gif_only"
"1164","triceps/dumbbell-lying-single-extension","Dumbbell Lying Single Extension","dumbbell","triceps","strength","true","https://cdn.jsdelivr.net/gh/JahelCuadrado/ExerciseGymGifsDB@v1.1.0/triceps/dumbbell-lying-single-extension.gif","","","","","","gif_only"
"1165","triceps/dumbbell-lying-triceps-extension","Dumbbell Lying Triceps Extension","dumbbell","triceps","strength","true","https://cdn.jsdelivr.net/gh/JahelCuadrado/ExerciseGymGifsDB@v1.1.0/triceps/dumbbell-lying-triceps-extension.gif","overhead-tricep-extension","fuzzy(0.50)","https://cdn.jsdelivr.net/gh/bryllim/workout-guide@ba0b709cb20430361b2cb33aaadd20998164a916/packages/workout-guide/assets/overhead-tricep-extension/frame-1.svg","https://cdn.jsdelivr.net/gh/bryllim/workout-guide@ba0b709cb20430361b2cb33aaadd20998164a916/packages/workout-guide/assets/overhead-tricep-extension/frame-2.svg","https://cdn.jsdelivr.net/gh/bryllim/workout-guide@ba0b709cb20430361b2cb33aaadd20998164a916/packages/workout-guide/assets/overhead-tricep-extension/frame-3.svg","both"
"1166","triceps/dumbbell-neutral-grip-bench-press","Dumbbell Neutral Grip Bench Press","dumbbell","triceps","strength","true","https://cdn.jsdelivr.net/gh/JahelCuadrado/ExerciseGymGifsDB@v1.1.0/triceps/dumbbell-neutral-grip-bench-press.gif","close-grip-bench-press","fuzzy(0.60)","https://cdn.jsdelivr.net/gh/bryllim/workout-guide@ba0b709cb20430361b2cb33aaadd20998164a916/packages/workout-guide/assets/close-grip-bench-press/frame-1.svg","https://cdn.jsdelivr.net/gh/bryllim/workout-guide@ba0b709cb20430361b2cb33aaadd20998164a916/packages/workout-guide/assets/close-grip-bench-press/frame-2.svg","https://cdn.jsdelivr.net/gh/bryllim/workout-guide@ba0b709cb20430361b2cb33aaadd20998164a916/packages/workout-guide/assets/close-grip-bench-press/frame-3.svg","both"
"1167","triceps/dumbbell-one-arm-french-press-on-exercise-ball","Dumbbell One Arm French Press On Exercise Ball","dumbbell","triceps","strength","true","https://cdn.jsdelivr.net/gh/JahelCuadrado/ExerciseGymGifsDB@v1.1.0/triceps/dumbbell-one-arm-french-press-on-exercise-ball.gif","","","","","","gif_only"
"1168","triceps/dumbbell-one-arm-hammer-press-on-exercise-ball","Dumbbell One Arm Hammer Press On Exercise Ball","dumbbell","triceps","strength","true","https://cdn.jsdelivr.net/gh/JahelCuadrado/ExerciseGymGifsDB@v1.1.0/triceps/dumbbell-one-arm-hammer-press-on-exercise-ball.gif","","","","","","gif_only"
"1169","triceps/dumbbell-one-arm-kickback","Dumbbell One Arm Kickback","dumbbell","triceps","strength","true","https://cdn.jsdelivr.net/gh/JahelCuadrado/ExerciseGymGifsDB@v1.1.0/triceps/dumbbell-one-arm-kickback.gif","","","","","","gif_only"
"1170","triceps/dumbbell-one-arm-triceps-extension-on-bench","Dumbbell One Arm Triceps Extension On Bench","dumbbell","triceps","strength","true","https://cdn.jsdelivr.net/gh/JahelCuadrado/ExerciseGymGifsDB@v1.1.0/triceps/dumbbell-one-arm-triceps-extension-on-bench.gif","","","","","","gif_only"
"1171","triceps/dumbbell-palms-in-incline-bench-press","Dumbbell Palms In Incline Bench Press","dumbbell","triceps","strength","true","https://cdn.jsdelivr.net/gh/JahelCuadrado/ExerciseGymGifsDB@v1.1.0/triceps/dumbbell-palms-in-incline-bench-press.gif","incline-bench-press","fuzzy(0.60)","https://cdn.jsdelivr.net/gh/bryllim/workout-guide@ba0b709cb20430361b2cb33aaadd20998164a916/packages/workout-guide/assets/incline-bench-press/frame-1.svg","https://cdn.jsdelivr.net/gh/bryllim/workout-guide@ba0b709cb20430361b2cb33aaadd20998164a916/packages/workout-guide/assets/incline-bench-press/frame-2.svg","https://cdn.jsdelivr.net/gh/bryllim/workout-guide@ba0b709cb20430361b2cb33aaadd20998164a916/packages/workout-guide/assets/incline-bench-press/frame-3.svg","both"
"1172","triceps/dumbbell-pronate-grip-triceps-extension","Dumbbell Pronate Grip Triceps Extension","dumbbell","triceps","strength","true","https://cdn.jsdelivr.net/gh/JahelCuadrado/ExerciseGymGifsDB@v1.1.0/triceps/dumbbell-pronate-grip-triceps-extension.gif","","","","","","gif_only"
"1173","triceps/dumbbell-seated-bench-extension","Dumbbell Seated Bench Extension","dumbbell","triceps","strength","true","https://cdn.jsdelivr.net/gh/JahelCuadrado/ExerciseGymGifsDB@v1.1.0/triceps/dumbbell-seated-bench-extension.gif","","","","","","gif_only"
"1174","triceps/dumbbell-seated-bent-over-alternate-kickback","Dumbbell Seated Bent Over Alternate Kickback","dumbbell","triceps","strength","true","https://cdn.jsdelivr.net/gh/JahelCuadrado/ExerciseGymGifsDB@v1.1.0/triceps/dumbbell-seated-bent-over-alternate-kickback.gif","","","","","","gif_only"
"1175","triceps/dumbbell-seated-bent-over-triceps-extension","Dumbbell Seated Bent Over Triceps Extension","dumbbell","triceps","strength","true","https://cdn.jsdelivr.net/gh/JahelCuadrado/ExerciseGymGifsDB@v1.1.0/triceps/dumbbell-seated-bent-over-triceps-extension.gif","","","","","","gif_only"
"1176","triceps/dumbbell-seated-kickback","Dumbbell Seated Kickback","dumbbell","triceps","strength","true","https://cdn.jsdelivr.net/gh/JahelCuadrado/ExerciseGymGifsDB@v1.1.0/triceps/dumbbell-seated-kickback.gif","","","","","","gif_only"
"1177","triceps/dumbbell-seated-one-arm-kickback","Dumbbell Seated One Arm Kickback","dumbbell","triceps","strength","true","https://cdn.jsdelivr.net/gh/JahelCuadrado/ExerciseGymGifsDB@v1.1.0/triceps/dumbbell-seated-one-arm-kickback.gif","","","","","","gif_only"
"1178","triceps/dumbbell-seated-reverse-grip-one-arm-overhead-tricep-extension","Dumbbell Seated Reverse Grip One Arm Overhead Tricep Extension","dumbbell","triceps","strength","true","https://cdn.jsdelivr.net/gh/JahelCuadrado/ExerciseGymGifsDB@v1.1.0/triceps/dumbbell-seated-reverse-grip-one-arm-overhead-tricep-extension.gif","","","","","","gif_only"
"1179","triceps/dumbbell-seated-triceps-extension","Dumbbell Seated Triceps Extension","dumbbell","triceps","strength","true","https://cdn.jsdelivr.net/gh/JahelCuadrado/ExerciseGymGifsDB@v1.1.0/triceps/dumbbell-seated-triceps-extension.gif","overhead-tricep-extension","fuzzy(0.50)","https://cdn.jsdelivr.net/gh/bryllim/workout-guide@ba0b709cb20430361b2cb33aaadd20998164a916/packages/workout-guide/assets/overhead-tricep-extension/frame-1.svg","https://cdn.jsdelivr.net/gh/bryllim/workout-guide@ba0b709cb20430361b2cb33aaadd20998164a916/packages/workout-guide/assets/overhead-tricep-extension/frame-2.svg","https://cdn.jsdelivr.net/gh/bryllim/workout-guide@ba0b709cb20430361b2cb33aaadd20998164a916/packages/workout-guide/assets/overhead-tricep-extension/frame-3.svg","both"
"1180","triceps/dumbbell-standing-alternating-tricep-kickback","Dumbbell Standing Alternating Tricep Kickback","dumbbell","triceps","strength","true","https://cdn.jsdelivr.net/gh/JahelCuadrado/ExerciseGymGifsDB@v1.1.0/triceps/dumbbell-standing-alternating-tricep-kickback.gif","tricep-kickback","fuzzy(0.50)","https://cdn.jsdelivr.net/gh/bryllim/workout-guide@ba0b709cb20430361b2cb33aaadd20998164a916/packages/workout-guide/assets/tricep-kickback/frame-1.svg","https://cdn.jsdelivr.net/gh/bryllim/workout-guide@ba0b709cb20430361b2cb33aaadd20998164a916/packages/workout-guide/assets/tricep-kickback/frame-2.svg","https://cdn.jsdelivr.net/gh/bryllim/workout-guide@ba0b709cb20430361b2cb33aaadd20998164a916/packages/workout-guide/assets/tricep-kickback/frame-3.svg","both"
"1181","triceps/dumbbell-standing-bent-over-one-arm-triceps-extension","Dumbbell Standing Bent Over One Arm Triceps Extension","dumbbell","triceps","strength","true","https://cdn.jsdelivr.net/gh/JahelCuadrado/ExerciseGymGifsDB@v1.1.0/triceps/dumbbell-standing-bent-over-one-arm-triceps-extension.gif","","","","","","gif_only"
"1182","triceps/dumbbell-standing-bent-over-two-arm-triceps-extension","Dumbbell Standing Bent Over Two Arm Triceps Extension","dumbbell","triceps","strength","true","https://cdn.jsdelivr.net/gh/JahelCuadrado/ExerciseGymGifsDB@v1.1.0/triceps/dumbbell-standing-bent-over-two-arm-triceps-extension.gif","","","","","","gif_only"
"1183","triceps/dumbbell-standing-kickback","Dumbbell Standing Kickback","dumbbell","triceps","strength","true","https://cdn.jsdelivr.net/gh/JahelCuadrado/ExerciseGymGifsDB@v1.1.0/triceps/dumbbell-standing-kickback.gif","","","","","","gif_only"
"1184","triceps/dumbbell-standing-one-arm-extension","Dumbbell Standing One Arm Extension","dumbbell","triceps","strength","true","https://cdn.jsdelivr.net/gh/JahelCuadrado/ExerciseGymGifsDB@v1.1.0/triceps/dumbbell-standing-one-arm-extension.gif","","","","","","gif_only"
"1185","triceps/dumbbell-standing-triceps-extension","Dumbbell Standing Triceps Extension","dumbbell","triceps","strength","true","https://cdn.jsdelivr.net/gh/JahelCuadrado/ExerciseGymGifsDB@v1.1.0/triceps/dumbbell-standing-triceps-extension.gif","overhead-tricep-extension","fuzzy(0.50)","https://cdn.jsdelivr.net/gh/bryllim/workout-guide@ba0b709cb20430361b2cb33aaadd20998164a916/packages/workout-guide/assets/overhead-tricep-extension/frame-1.svg","https://cdn.jsdelivr.net/gh/bryllim/workout-guide@ba0b709cb20430361b2cb33aaadd20998164a916/packages/workout-guide/assets/overhead-tricep-extension/frame-2.svg","https://cdn.jsdelivr.net/gh/bryllim/workout-guide@ba0b709cb20430361b2cb33aaadd20998164a916/packages/workout-guide/assets/overhead-tricep-extension/frame-3.svg","both"
"1186","triceps/dumbbell-tate-press","Dumbbell Tate Press","dumbbell","triceps","strength","true","https://cdn.jsdelivr.net/gh/JahelCuadrado/ExerciseGymGifsDB@v1.1.0/triceps/dumbbell-tate-press.gif","","","","","","gif_only"
"1187","triceps/dumbbell-tricep-kickback-with-stork-stance","Dumbbell Tricep Kickback With Stork Stance","dumbbell","triceps","strength","true","https://cdn.jsdelivr.net/gh/JahelCuadrado/ExerciseGymGifsDB@v1.1.0/triceps/dumbbell-tricep-kickback-with-stork-stance.gif","","","","","","gif_only"
"1188","triceps/dumbbell-twisting-bench-press","Dumbbell Twisting Bench Press","dumbbell","triceps","strength","true","https://cdn.jsdelivr.net/gh/JahelCuadrado/ExerciseGymGifsDB@v1.1.0/triceps/dumbbell-twisting-bench-press.gif","bench-press","fuzzy(0.67)","https://cdn.jsdelivr.net/gh/bryllim/workout-guide@ba0b709cb20430361b2cb33aaadd20998164a916/packages/workout-guide/assets/bench-press/frame-1.svg","https://cdn.jsdelivr.net/gh/bryllim/workout-guide@ba0b709cb20430361b2cb33aaadd20998164a916/packages/workout-guide/assets/bench-press/frame-2.svg","https://cdn.jsdelivr.net/gh/bryllim/workout-guide@ba0b709cb20430361b2cb33aaadd20998164a916/packages/workout-guide/assets/bench-press/frame-3.svg","both"
"1189","triceps/dumbbells-seated-triceps-extension","Dumbbells Seated Triceps Extension","dumbbell","triceps","strength","true","https://cdn.jsdelivr.net/gh/JahelCuadrado/ExerciseGymGifsDB@v1.1.0/triceps/dumbbells-seated-triceps-extension.gif","overhead-tricep-extension","fuzzy(0.50)","https://cdn.jsdelivr.net/gh/bryllim/workout-guide@ba0b709cb20430361b2cb33aaadd20998164a916/packages/workout-guide/assets/overhead-tricep-extension/frame-1.svg","https://cdn.jsdelivr.net/gh/bryllim/workout-guide@ba0b709cb20430361b2cb33aaadd20998164a916/packages/workout-guide/assets/overhead-tricep-extension/frame-2.svg","https://cdn.jsdelivr.net/gh/bryllim/workout-guide@ba0b709cb20430361b2cb33aaadd20998164a916/packages/workout-guide/assets/overhead-tricep-extension/frame-3.svg","both"
"1190","triceps/elbow-dips","Elbow Dips","bodyweight","triceps","strength","true","https://cdn.jsdelivr.net/gh/JahelCuadrado/ExerciseGymGifsDB@v1.1.0/triceps/elbow-dips.gif","dip","fuzzy(0.50)","https://cdn.jsdelivr.net/gh/bryllim/workout-guide@ba0b709cb20430361b2cb33aaadd20998164a916/packages/workout-guide/assets/dip/frame-1.svg","https://cdn.jsdelivr.net/gh/bryllim/workout-guide@ba0b709cb20430361b2cb33aaadd20998164a916/packages/workout-guide/assets/dip/frame-2.svg","https://cdn.jsdelivr.net/gh/bryllim/workout-guide@ba0b709cb20430361b2cb33aaadd20998164a916/packages/workout-guide/assets/dip/frame-3.svg","both"
"1191","triceps/exercise-ball-dip","Exercise Ball Dip","bodyweight","triceps","strength","true","https://cdn.jsdelivr.net/gh/JahelCuadrado/ExerciseGymGifsDB@v1.1.0/triceps/exercise-ball-dip.gif","","","","","","gif_only"
"1192","triceps/exercise-ball-seated-triceps-stretch","Exercise Ball Seated Triceps Stretch","bodyweight","triceps","stretching","true","https://cdn.jsdelivr.net/gh/JahelCuadrado/ExerciseGymGifsDB@v1.1.0/triceps/exercise-ball-seated-triceps-stretch.gif","","","","","","gif_only"
"1193","triceps/exercise-ball-supine-triceps-extension","Exercise Ball Supine Triceps Extension","bodyweight","triceps","strength","true","https://cdn.jsdelivr.net/gh/JahelCuadrado/ExerciseGymGifsDB@v1.1.0/triceps/exercise-ball-supine-triceps-extension.gif","","","","","","gif_only"
"1194","triceps/ez-bar-close-grip-bench-press","Ez Bar Close Grip Bench Press","ez-bar","triceps","strength","true","https://cdn.jsdelivr.net/gh/JahelCuadrado/ExerciseGymGifsDB@v1.1.0/triceps/ez-bar-close-grip-bench-press.gif","close-grip-bench-press","exact","https://cdn.jsdelivr.net/gh/bryllim/workout-guide@ba0b709cb20430361b2cb33aaadd20998164a916/packages/workout-guide/assets/close-grip-bench-press/frame-1.svg","https://cdn.jsdelivr.net/gh/bryllim/workout-guide@ba0b709cb20430361b2cb33aaadd20998164a916/packages/workout-guide/assets/close-grip-bench-press/frame-2.svg","https://cdn.jsdelivr.net/gh/bryllim/workout-guide@ba0b709cb20430361b2cb33aaadd20998164a916/packages/workout-guide/assets/close-grip-bench-press/frame-3.svg","both"
"1195","triceps/ez-bar-french-press-on-exercise-ball","Ez Bar French Press On Exercise Ball","ez-bar","triceps","strength","true","https://cdn.jsdelivr.net/gh/JahelCuadrado/ExerciseGymGifsDB@v1.1.0/triceps/ez-bar-french-press-on-exercise-ball.gif","","","","","","gif_only"
"1196","triceps/ez-bar-lying-close-grip-triceps-extension-behind-head","Ez Bar Lying Close Grip Triceps Extension Behind Head","ez-bar","triceps","strength","true","https://cdn.jsdelivr.net/gh/JahelCuadrado/ExerciseGymGifsDB@v1.1.0/triceps/ez-bar-lying-close-grip-triceps-extension-behind-head.gif","","","","","","gif_only"
"1197","triceps/ez-bar-standing-french-press","Ez Bar Standing French Press","ez-bar","triceps","strength","true","https://cdn.jsdelivr.net/gh/JahelCuadrado/ExerciseGymGifsDB@v1.1.0/triceps/ez-bar-standing-french-press.gif","standing-dumbbell-press","fuzzy(0.50)","https://cdn.jsdelivr.net/gh/bryllim/workout-guide@ba0b709cb20430361b2cb33aaadd20998164a916/packages/workout-guide/assets/standing-dumbbell-press/frame-1.svg","https://cdn.jsdelivr.net/gh/bryllim/workout-guide@ba0b709cb20430361b2cb33aaadd20998164a916/packages/workout-guide/assets/standing-dumbbell-press/frame-2.svg","https://cdn.jsdelivr.net/gh/bryllim/workout-guide@ba0b709cb20430361b2cb33aaadd20998164a916/packages/workout-guide/assets/standing-dumbbell-press/frame-3.svg","both"
"1198","triceps/ez-barbell-decline-close-grip-face-press","Ez Barbell Decline Close Grip Face Press","ez-bar","triceps","strength","true","https://cdn.jsdelivr.net/gh/JahelCuadrado/ExerciseGymGifsDB@v1.1.0/triceps/ez-barbell-decline-close-grip-face-press.gif","close-grip-bench-press","fuzzy(0.50)","https://cdn.jsdelivr.net/gh/bryllim/workout-guide@ba0b709cb20430361b2cb33aaadd20998164a916/packages/workout-guide/assets/close-grip-bench-press/frame-1.svg","https://cdn.jsdelivr.net/gh/bryllim/workout-guide@ba0b709cb20430361b2cb33aaadd20998164a916/packages/workout-guide/assets/close-grip-bench-press/frame-2.svg","https://cdn.jsdelivr.net/gh/bryllim/workout-guide@ba0b709cb20430361b2cb33aaadd20998164a916/packages/workout-guide/assets/close-grip-bench-press/frame-3.svg","both"
"1199","triceps/ez-barbell-decline-triceps-extension","Ez Barbell Decline Triceps Extension","ez-bar","triceps","strength","true","https://cdn.jsdelivr.net/gh/JahelCuadrado/ExerciseGymGifsDB@v1.1.0/triceps/ez-barbell-decline-triceps-extension.gif","overhead-tricep-extension","fuzzy(0.50)","https://cdn.jsdelivr.net/gh/bryllim/workout-guide@ba0b709cb20430361b2cb33aaadd20998164a916/packages/workout-guide/assets/overhead-tricep-extension/frame-1.svg","https://cdn.jsdelivr.net/gh/bryllim/workout-guide@ba0b709cb20430361b2cb33aaadd20998164a916/packages/workout-guide/assets/overhead-tricep-extension/frame-2.svg","https://cdn.jsdelivr.net/gh/bryllim/workout-guide@ba0b709cb20430361b2cb33aaadd20998164a916/packages/workout-guide/assets/overhead-tricep-extension/frame-3.svg","both"
"1200","triceps/ez-barbell-incline-triceps-extension","Ez Barbell Incline Triceps Extension","ez-bar","triceps","strength","true","https://cdn.jsdelivr.net/gh/JahelCuadrado/ExerciseGymGifsDB@v1.1.0/triceps/ez-barbell-incline-triceps-extension.gif","overhead-tricep-extension","fuzzy(0.50)","https://cdn.jsdelivr.net/gh/bryllim/workout-guide@ba0b709cb20430361b2cb33aaadd20998164a916/packages/workout-guide/assets/overhead-tricep-extension/frame-1.svg","https://cdn.jsdelivr.net/gh/bryllim/workout-guide@ba0b709cb20430361b2cb33aaadd20998164a916/packages/workout-guide/assets/overhead-tricep-extension/frame-2.svg","https://cdn.jsdelivr.net/gh/bryllim/workout-guide@ba0b709cb20430361b2cb33aaadd20998164a916/packages/workout-guide/assets/overhead-tricep-extension/frame-3.svg","both"
"1201","triceps/ez-barbell-jm-bench-press","Ez Barbell Jm Bench Press","ez-bar","triceps","strength","true","https://cdn.jsdelivr.net/gh/JahelCuadrado/ExerciseGymGifsDB@v1.1.0/triceps/ez-barbell-jm-bench-press.gif","bench-press","fuzzy(0.67)","https://cdn.jsdelivr.net/gh/bryllim/workout-guide@ba0b709cb20430361b2cb33aaadd20998164a916/packages/workout-guide/assets/bench-press/frame-1.svg","https://cdn.jsdelivr.net/gh/bryllim/workout-guide@ba0b709cb20430361b2cb33aaadd20998164a916/packages/workout-guide/assets/bench-press/frame-2.svg","https://cdn.jsdelivr.net/gh/bryllim/workout-guide@ba0b709cb20430361b2cb33aaadd20998164a916/packages/workout-guide/assets/bench-press/frame-3.svg","both"
"1202","triceps/ez-barbell-seated-triceps-extension","Ez Barbell Seated Triceps Extension","ez-bar","triceps","strength","true","https://cdn.jsdelivr.net/gh/JahelCuadrado/ExerciseGymGifsDB@v1.1.0/triceps/ez-barbell-seated-triceps-extension.gif","overhead-tricep-extension","fuzzy(0.50)","https://cdn.jsdelivr.net/gh/bryllim/workout-guide@ba0b709cb20430361b2cb33aaadd20998164a916/packages/workout-guide/assets/overhead-tricep-extension/frame-1.svg","https://cdn.jsdelivr.net/gh/bryllim/workout-guide@ba0b709cb20430361b2cb33aaadd20998164a916/packages/workout-guide/assets/overhead-tricep-extension/frame-2.svg","https://cdn.jsdelivr.net/gh/bryllim/workout-guide@ba0b709cb20430361b2cb33aaadd20998164a916/packages/workout-guide/assets/overhead-tricep-extension/frame-3.svg","both"
"1203","triceps/handstand-push-up","Handstand Push Up","bodyweight","triceps","strength","true","https://cdn.jsdelivr.net/gh/JahelCuadrado/ExerciseGymGifsDB@v1.1.0/triceps/handstand-push-up.gif","handstand-push-up","exact","https://cdn.jsdelivr.net/gh/bryllim/workout-guide@ba0b709cb20430361b2cb33aaadd20998164a916/packages/workout-guide/assets/handstand-push-up/frame-1.svg","https://cdn.jsdelivr.net/gh/bryllim/workout-guide@ba0b709cb20430361b2cb33aaadd20998164a916/packages/workout-guide/assets/handstand-push-up/frame-2.svg","https://cdn.jsdelivr.net/gh/bryllim/workout-guide@ba0b709cb20430361b2cb33aaadd20998164a916/packages/workout-guide/assets/handstand-push-up/frame-3.svg","both"
"1204","triceps/handstand","Handstand","bodyweight","triceps","strength","true","https://cdn.jsdelivr.net/gh/JahelCuadrado/ExerciseGymGifsDB@v1.1.0/triceps/handstand.gif","","","","","","gif_only"
"1205","triceps/impossible-dips","Impossible Dips","bodyweight","triceps","strength","true","https://cdn.jsdelivr.net/gh/JahelCuadrado/ExerciseGymGifsDB@v1.1.0/triceps/impossible-dips.gif","dip","fuzzy(0.50)","https://cdn.jsdelivr.net/gh/bryllim/workout-guide@ba0b709cb20430361b2cb33aaadd20998164a916/packages/workout-guide/assets/dip/frame-1.svg","https://cdn.jsdelivr.net/gh/bryllim/workout-guide@ba0b709cb20430361b2cb33aaadd20998164a916/packages/workout-guide/assets/dip/frame-2.svg","https://cdn.jsdelivr.net/gh/bryllim/workout-guide@ba0b709cb20430361b2cb33aaadd20998164a916/packages/workout-guide/assets/dip/frame-3.svg","both"
"1206","triceps/incline-close-grip-push-up","Incline Close Grip Push Up","bodyweight","triceps","strength","true","https://cdn.jsdelivr.net/gh/JahelCuadrado/ExerciseGymGifsDB@v1.1.0/triceps/incline-close-grip-push-up.gif","incline-push-up","fuzzy(0.60)","https://cdn.jsdelivr.net/gh/bryllim/workout-guide@ba0b709cb20430361b2cb33aaadd20998164a916/packages/workout-guide/assets/incline-push-up/frame-1.svg","https://cdn.jsdelivr.net/gh/bryllim/workout-guide@ba0b709cb20430361b2cb33aaadd20998164a916/packages/workout-guide/assets/incline-push-up/frame-2.svg","https://cdn.jsdelivr.net/gh/bryllim/workout-guide@ba0b709cb20430361b2cb33aaadd20998164a916/packages/workout-guide/assets/incline-push-up/frame-3.svg","both"
"1207","triceps/lever-overhand-triceps-dip","Lever Overhand Triceps Dip","lever","triceps","strength","true","https://cdn.jsdelivr.net/gh/JahelCuadrado/ExerciseGymGifsDB@v1.1.0/triceps/lever-overhand-triceps-dip.gif","","","","","","gif_only"
"1208","triceps/lever-seated-dip","Lever Seated Dip","lever","triceps","strength","true","https://cdn.jsdelivr.net/gh/JahelCuadrado/ExerciseGymGifsDB@v1.1.0/triceps/lever-seated-dip.gif","dip","fuzzy(0.50)","https://cdn.jsdelivr.net/gh/bryllim/workout-guide@ba0b709cb20430361b2cb33aaadd20998164a916/packages/workout-guide/assets/dip/frame-1.svg","https://cdn.jsdelivr.net/gh/bryllim/workout-guide@ba0b709cb20430361b2cb33aaadd20998164a916/packages/workout-guide/assets/dip/frame-2.svg","https://cdn.jsdelivr.net/gh/bryllim/workout-guide@ba0b709cb20430361b2cb33aaadd20998164a916/packages/workout-guide/assets/dip/frame-3.svg","both"
"1209","triceps/lever-triceps-extension","Lever Triceps Extension","lever","triceps","strength","true","https://cdn.jsdelivr.net/gh/JahelCuadrado/ExerciseGymGifsDB@v1.1.0/triceps/lever-triceps-extension.gif","overhead-tricep-extension","fuzzy(0.67)","https://cdn.jsdelivr.net/gh/bryllim/workout-guide@ba0b709cb20430361b2cb33aaadd20998164a916/packages/workout-guide/assets/overhead-tricep-extension/frame-1.svg","https://cdn.jsdelivr.net/gh/bryllim/workout-guide@ba0b709cb20430361b2cb33aaadd20998164a916/packages/workout-guide/assets/overhead-tricep-extension/frame-2.svg","https://cdn.jsdelivr.net/gh/bryllim/workout-guide@ba0b709cb20430361b2cb33aaadd20998164a916/packages/workout-guide/assets/overhead-tricep-extension/frame-3.svg","both"
"1210","triceps/medicine-ball-close-grip-push-up","Medicine Ball Close Grip Push Up","bodyweight","triceps","strength","true","https://cdn.jsdelivr.net/gh/JahelCuadrado/ExerciseGymGifsDB@v1.1.0/triceps/medicine-ball-close-grip-push-up.gif","","","","","","gif_only"
"1211","triceps/medicine-ball-supine-chest-throw","Medicine Ball Supine Chest Throw","bodyweight","triceps","strength","true","https://cdn.jsdelivr.net/gh/JahelCuadrado/ExerciseGymGifsDB@v1.1.0/triceps/medicine-ball-supine-chest-throw.gif","","","","","","gif_only"
"1212","triceps/narrow-push-up-on-exercise-ball","Narrow Push Up On Exercise Ball","bodyweight","triceps","strength","true","https://cdn.jsdelivr.net/gh/JahelCuadrado/ExerciseGymGifsDB@v1.1.0/triceps/narrow-push-up-on-exercise-ball.gif","","","","","","gif_only"
"1213","triceps/olympic-barbell-triceps-extension","Olympic Barbell Triceps Extension","barbell","triceps","strength","true","https://cdn.jsdelivr.net/gh/JahelCuadrado/ExerciseGymGifsDB@v1.1.0/triceps/olympic-barbell-triceps-extension.gif","overhead-tricep-extension","fuzzy(0.50)","https://cdn.jsdelivr.net/gh/bryllim/workout-guide@ba0b709cb20430361b2cb33aaadd20998164a916/packages/workout-guide/assets/overhead-tricep-extension/frame-1.svg","https://cdn.jsdelivr.net/gh/bryllim/workout-guide@ba0b709cb20430361b2cb33aaadd20998164a916/packages/workout-guide/assets/overhead-tricep-extension/frame-2.svg","https://cdn.jsdelivr.net/gh/bryllim/workout-guide@ba0b709cb20430361b2cb33aaadd20998164a916/packages/workout-guide/assets/overhead-tricep-extension/frame-3.svg","both"
"1214","triceps/one-arm-dip","One Arm Dip","bodyweight","triceps","strength","true","https://cdn.jsdelivr.net/gh/JahelCuadrado/ExerciseGymGifsDB@v1.1.0/triceps/one-arm-dip.gif","","","","","","gif_only"
"1215","triceps/overhead-triceps-stretch","Overhead Triceps Stretch","bodyweight","triceps","stretching","true","https://cdn.jsdelivr.net/gh/JahelCuadrado/ExerciseGymGifsDB@v1.1.0/triceps/overhead-triceps-stretch.gif","overhead-tricep-extension","fuzzy(0.50)","https://cdn.jsdelivr.net/gh/bryllim/workout-guide@ba0b709cb20430361b2cb33aaadd20998164a916/packages/workout-guide/assets/overhead-tricep-extension/frame-1.svg","https://cdn.jsdelivr.net/gh/bryllim/workout-guide@ba0b709cb20430361b2cb33aaadd20998164a916/packages/workout-guide/assets/overhead-tricep-extension/frame-2.svg","https://cdn.jsdelivr.net/gh/bryllim/workout-guide@ba0b709cb20430361b2cb33aaadd20998164a916/packages/workout-guide/assets/overhead-tricep-extension/frame-3.svg","both"
"1216","triceps/push-up-close-grip-off-dumbbell","Push Up Close Grip Off Dumbbell","dumbbell","triceps","strength","true","https://cdn.jsdelivr.net/gh/JahelCuadrado/ExerciseGymGifsDB@v1.1.0/triceps/push-up-close-grip-off-dumbbell.gif","","","","","","gif_only"
"1217","triceps/push-up-on-lower-arms","Push Up On Lower Arms","bodyweight","triceps","strength","true","https://cdn.jsdelivr.net/gh/JahelCuadrado/ExerciseGymGifsDB@v1.1.0/triceps/push-up-on-lower-arms.gif","","","","","","gif_only"
"1218","triceps/reverse-dip","Reverse Dip","bodyweight","triceps","strength","true","https://cdn.jsdelivr.net/gh/JahelCuadrado/ExerciseGymGifsDB@v1.1.0/triceps/reverse-dip.gif","dip","fuzzy(0.50)","https://cdn.jsdelivr.net/gh/bryllim/workout-guide@ba0b709cb20430361b2cb33aaadd20998164a916/packages/workout-guide/assets/dip/frame-1.svg","https://cdn.jsdelivr.net/gh/bryllim/workout-guide@ba0b709cb20430361b2cb33aaadd20998164a916/packages/workout-guide/assets/dip/frame-2.svg","https://cdn.jsdelivr.net/gh/bryllim/workout-guide@ba0b709cb20430361b2cb33aaadd20998164a916/packages/workout-guide/assets/dip/frame-3.svg","both"
"1219","triceps/ring-dips","Ring Dips","bodyweight","triceps","strength","true","https://cdn.jsdelivr.net/gh/JahelCuadrado/ExerciseGymGifsDB@v1.1.0/triceps/ring-dips.gif","dip","fuzzy(0.50)","https://cdn.jsdelivr.net/gh/bryllim/workout-guide@ba0b709cb20430361b2cb33aaadd20998164a916/packages/workout-guide/assets/dip/frame-1.svg","https://cdn.jsdelivr.net/gh/bryllim/workout-guide@ba0b709cb20430361b2cb33aaadd20998164a916/packages/workout-guide/assets/dip/frame-2.svg","https://cdn.jsdelivr.net/gh/bryllim/workout-guide@ba0b709cb20430361b2cb33aaadd20998164a916/packages/workout-guide/assets/dip/frame-3.svg","both"
"1220","triceps/side-push-up","Side Push Up","bodyweight","triceps","strength","true","https://cdn.jsdelivr.net/gh/JahelCuadrado/ExerciseGymGifsDB@v1.1.0/triceps/side-push-up.gif","push-up","fuzzy(0.67)","https://cdn.jsdelivr.net/gh/bryllim/workout-guide@ba0b709cb20430361b2cb33aaadd20998164a916/packages/workout-guide/assets/push-up/frame-1.svg","https://cdn.jsdelivr.net/gh/bryllim/workout-guide@ba0b709cb20430361b2cb33aaadd20998164a916/packages/workout-guide/assets/push-up/frame-2.svg","https://cdn.jsdelivr.net/gh/bryllim/workout-guide@ba0b709cb20430361b2cb33aaadd20998164a916/packages/workout-guide/assets/push-up/frame-3.svg","both"
"1221","triceps/ski-ergometer","Ski Ergometer","bodyweight","triceps","strength","true","https://cdn.jsdelivr.net/gh/JahelCuadrado/ExerciseGymGifsDB@v1.1.0/triceps/ski-ergometer.gif","","","","","","gif_only"
"1222","triceps/smith-close-grip-bench-press","Smith Close Grip Bench Press","smith","triceps","strength","true","https://cdn.jsdelivr.net/gh/JahelCuadrado/ExerciseGymGifsDB@v1.1.0/triceps/smith-close-grip-bench-press.gif","close-grip-bench-press","exact","https://cdn.jsdelivr.net/gh/bryllim/workout-guide@ba0b709cb20430361b2cb33aaadd20998164a916/packages/workout-guide/assets/close-grip-bench-press/frame-1.svg","https://cdn.jsdelivr.net/gh/bryllim/workout-guide@ba0b709cb20430361b2cb33aaadd20998164a916/packages/workout-guide/assets/close-grip-bench-press/frame-2.svg","https://cdn.jsdelivr.net/gh/bryllim/workout-guide@ba0b709cb20430361b2cb33aaadd20998164a916/packages/workout-guide/assets/close-grip-bench-press/frame-3.svg","both"
"1223","triceps/smith-machine-decline-close-grip-bench-press","Smith Machine Decline Close Grip Bench Press","smith","triceps","strength","true","https://cdn.jsdelivr.net/gh/JahelCuadrado/ExerciseGymGifsDB@v1.1.0/triceps/smith-machine-decline-close-grip-bench-press.gif","close-grip-bench-press","fuzzy(0.80)","https://cdn.jsdelivr.net/gh/bryllim/workout-guide@ba0b709cb20430361b2cb33aaadd20998164a916/packages/workout-guide/assets/close-grip-bench-press/frame-1.svg","https://cdn.jsdelivr.net/gh/bryllim/workout-guide@ba0b709cb20430361b2cb33aaadd20998164a916/packages/workout-guide/assets/close-grip-bench-press/frame-2.svg","https://cdn.jsdelivr.net/gh/bryllim/workout-guide@ba0b709cb20430361b2cb33aaadd20998164a916/packages/workout-guide/assets/close-grip-bench-press/frame-3.svg","both"
"1224","triceps/smith-machine-incline-tricep-extension","Smith Machine Incline Tricep Extension","smith","triceps","strength","true","https://cdn.jsdelivr.net/gh/JahelCuadrado/ExerciseGymGifsDB@v1.1.0/triceps/smith-machine-incline-tricep-extension.gif","overhead-tricep-extension","fuzzy(0.50)","https://cdn.jsdelivr.net/gh/bryllim/workout-guide@ba0b709cb20430361b2cb33aaadd20998164a916/packages/workout-guide/assets/overhead-tricep-extension/frame-1.svg","https://cdn.jsdelivr.net/gh/bryllim/workout-guide@ba0b709cb20430361b2cb33aaadd20998164a916/packages/workout-guide/assets/overhead-tricep-extension/frame-2.svg","https://cdn.jsdelivr.net/gh/bryllim/workout-guide@ba0b709cb20430361b2cb33aaadd20998164a916/packages/workout-guide/assets/overhead-tricep-extension/frame-3.svg","both"
"1225","triceps/stalder-press","Stalder Press","bodyweight","triceps","strength","true","https://cdn.jsdelivr.net/gh/JahelCuadrado/ExerciseGymGifsDB@v1.1.0/triceps/stalder-press.gif","","","","","","gif_only"
"1226","triceps/three-bench-dip","Three Bench Dip","bodyweight","triceps","strength","true","https://cdn.jsdelivr.net/gh/JahelCuadrado/ExerciseGymGifsDB@v1.1.0/triceps/three-bench-dip.gif","bench-dip","fuzzy(0.67)","https://cdn.jsdelivr.net/gh/bryllim/workout-guide@ba0b709cb20430361b2cb33aaadd20998164a916/packages/workout-guide/assets/bench-dip/frame-1.svg","https://cdn.jsdelivr.net/gh/bryllim/workout-guide@ba0b709cb20430361b2cb33aaadd20998164a916/packages/workout-guide/assets/bench-dip/frame-2.svg","https://cdn.jsdelivr.net/gh/bryllim/workout-guide@ba0b709cb20430361b2cb33aaadd20998164a916/packages/workout-guide/assets/bench-dip/frame-3.svg","both"
"1227","triceps/triceps-dip-bench-leg","Triceps Dip Bench Leg","bodyweight","triceps","strength","true","https://cdn.jsdelivr.net/gh/JahelCuadrado/ExerciseGymGifsDB@v1.1.0/triceps/triceps-dip-bench-leg.gif","bench-dip","fuzzy(0.50)","https://cdn.jsdelivr.net/gh/bryllim/workout-guide@ba0b709cb20430361b2cb33aaadd20998164a916/packages/workout-guide/assets/bench-dip/frame-1.svg","https://cdn.jsdelivr.net/gh/bryllim/workout-guide@ba0b709cb20430361b2cb33aaadd20998164a916/packages/workout-guide/assets/bench-dip/frame-2.svg","https://cdn.jsdelivr.net/gh/bryllim/workout-guide@ba0b709cb20430361b2cb33aaadd20998164a916/packages/workout-guide/assets/bench-dip/frame-3.svg","both"
"1228","triceps/triceps-dip-between-benches","Triceps Dip Between Benches","bodyweight","triceps","strength","true","https://cdn.jsdelivr.net/gh/JahelCuadrado/ExerciseGymGifsDB@v1.1.0/triceps/triceps-dip-between-benches.gif","bench-dip","fuzzy(0.50)","https://cdn.jsdelivr.net/gh/bryllim/workout-guide@ba0b709cb20430361b2cb33aaadd20998164a916/packages/workout-guide/assets/bench-dip/frame-1.svg","https://cdn.jsdelivr.net/gh/bryllim/workout-guide@ba0b709cb20430361b2cb33aaadd20998164a916/packages/workout-guide/assets/bench-dip/frame-2.svg","https://cdn.jsdelivr.net/gh/bryllim/workout-guide@ba0b709cb20430361b2cb33aaadd20998164a916/packages/workout-guide/assets/bench-dip/frame-3.svg","both"
"1229","triceps/triceps-dip","Triceps Dip","bodyweight","triceps","strength","true","https://cdn.jsdelivr.net/gh/JahelCuadrado/ExerciseGymGifsDB@v1.1.0/triceps/triceps-dip.gif","dip","fuzzy(0.50)","https://cdn.jsdelivr.net/gh/bryllim/workout-guide@ba0b709cb20430361b2cb33aaadd20998164a916/packages/workout-guide/assets/dip/frame-1.svg","https://cdn.jsdelivr.net/gh/bryllim/workout-guide@ba0b709cb20430361b2cb33aaadd20998164a916/packages/workout-guide/assets/dip/frame-2.svg","https://cdn.jsdelivr.net/gh/bryllim/workout-guide@ba0b709cb20430361b2cb33aaadd20998164a916/packages/workout-guide/assets/dip/frame-3.svg","both"
"1230","triceps/triceps-dips-floor","Triceps Dips Floor","bodyweight","triceps","strength","true","https://cdn.jsdelivr.net/gh/JahelCuadrado/ExerciseGymGifsDB@v1.1.0/triceps/triceps-dips-floor.gif","","","","","","gif_only"
"1231","triceps/triceps-press","Triceps Press","bodyweight","triceps","strength","true","https://cdn.jsdelivr.net/gh/JahelCuadrado/ExerciseGymGifsDB@v1.1.0/triceps/triceps-press.gif","","","","","","gif_only"
"1232","triceps/triceps-stretch","Triceps Stretch","bodyweight","triceps","stretching","true","https://cdn.jsdelivr.net/gh/JahelCuadrado/ExerciseGymGifsDB@v1.1.0/triceps/triceps-stretch.gif","","","","","","gif_only"
"1233","triceps/weighted-bench-dip","Weighted Bench Dip","bodyweight","triceps","strength","true","https://cdn.jsdelivr.net/gh/JahelCuadrado/ExerciseGymGifsDB@v1.1.0/triceps/weighted-bench-dip.gif","bench-dip","exact","https://cdn.jsdelivr.net/gh/bryllim/workout-guide@ba0b709cb20430361b2cb33aaadd20998164a916/packages/workout-guide/assets/bench-dip/frame-1.svg","https://cdn.jsdelivr.net/gh/bryllim/workout-guide@ba0b709cb20430361b2cb33aaadd20998164a916/packages/workout-guide/assets/bench-dip/frame-2.svg","https://cdn.jsdelivr.net/gh/bryllim/workout-guide@ba0b709cb20430361b2cb33aaadd20998164a916/packages/workout-guide/assets/bench-dip/frame-3.svg","both"
"1234","triceps/weighted-three-bench-dips","Weighted Three Bench Dips","bodyweight","triceps","strength","true","https://cdn.jsdelivr.net/gh/JahelCuadrado/ExerciseGymGifsDB@v1.1.0/triceps/weighted-three-bench-dips.gif","bench-dip","fuzzy(0.67)","https://cdn.jsdelivr.net/gh/bryllim/workout-guide@ba0b709cb20430361b2cb33aaadd20998164a916/packages/workout-guide/assets/bench-dip/frame-1.svg","https://cdn.jsdelivr.net/gh/bryllim/workout-guide@ba0b709cb20430361b2cb33aaadd20998164a916/packages/workout-guide/assets/bench-dip/frame-2.svg","https://cdn.jsdelivr.net/gh/bryllim/workout-guide@ba0b709cb20430361b2cb33aaadd20998164a916/packages/workout-guide/assets/bench-dip/frame-3.svg","both"
"1235","triceps/weighted-tricep-dips","Weighted Tricep Dips","bodyweight","triceps","strength","true","https://cdn.jsdelivr.net/gh/JahelCuadrado/ExerciseGymGifsDB@v1.1.0/triceps/weighted-tricep-dips.gif","dip","fuzzy(0.50)","https://cdn.jsdelivr.net/gh/bryllim/workout-guide@ba0b709cb20430361b2cb33aaadd20998164a916/packages/workout-guide/assets/dip/frame-1.svg","https://cdn.jsdelivr.net/gh/bryllim/workout-guide@ba0b709cb20430361b2cb33aaadd20998164a916/packages/workout-guide/assets/dip/frame-2.svg","https://cdn.jsdelivr.net/gh/bryllim/workout-guide@ba0b709cb20430361b2cb33aaadd20998164a916/packages/workout-guide/assets/dip/frame-3.svg","both"
"1236","triceps/weighted-triceps-dip-on-high-parallel-bars","Weighted Triceps Dip On High Parallel Bars","bodyweight","triceps","strength","true","https://cdn.jsdelivr.net/gh/JahelCuadrado/ExerciseGymGifsDB@v1.1.0/triceps/weighted-triceps-dip-on-high-parallel-bars.gif","","","","","","gif_only"
"1237","upper-back/back-lever","Back Lever","lever","upper-back","strength","true","https://cdn.jsdelivr.net/gh/JahelCuadrado/ExerciseGymGifsDB@v1.1.0/upper-back/back-lever.gif","back-extension","fuzzy(0.50)","https://cdn.jsdelivr.net/gh/bryllim/workout-guide@ba0b709cb20430361b2cb33aaadd20998164a916/packages/workout-guide/assets/back-extension/frame-1.svg","https://cdn.jsdelivr.net/gh/bryllim/workout-guide@ba0b709cb20430361b2cb33aaadd20998164a916/packages/workout-guide/assets/back-extension/frame-2.svg","https://cdn.jsdelivr.net/gh/bryllim/workout-guide@ba0b709cb20430361b2cb33aaadd20998164a916/packages/workout-guide/assets/back-extension/frame-3.svg","both"
"1238","upper-back/band-one-arm-standing-low-row","Band One Arm Standing Low Row","band","upper-back","strength","true","https://cdn.jsdelivr.net/gh/JahelCuadrado/ExerciseGymGifsDB@v1.1.0/upper-back/band-one-arm-standing-low-row.gif","one-arm-dumbbell-row","fuzzy(0.50)","https://cdn.jsdelivr.net/gh/bryllim/workout-guide@ba0b709cb20430361b2cb33aaadd20998164a916/packages/workout-guide/assets/one-arm-dumbbell-row/frame-1.svg","https://cdn.jsdelivr.net/gh/bryllim/workout-guide@ba0b709cb20430361b2cb33aaadd20998164a916/packages/workout-guide/assets/one-arm-dumbbell-row/frame-2.svg","https://cdn.jsdelivr.net/gh/bryllim/workout-guide@ba0b709cb20430361b2cb33aaadd20998164a916/packages/workout-guide/assets/one-arm-dumbbell-row/frame-3.svg","both"
"1239","upper-back/band-one-arm-twisting-seated-row","Band One Arm Twisting Seated Row","band","upper-back","strength","true","https://cdn.jsdelivr.net/gh/JahelCuadrado/ExerciseGymGifsDB@v1.1.0/upper-back/band-one-arm-twisting-seated-row.gif","one-arm-dumbbell-row","fuzzy(0.50)","https://cdn.jsdelivr.net/gh/bryllim/workout-guide@ba0b709cb20430361b2cb33aaadd20998164a916/packages/workout-guide/assets/one-arm-dumbbell-row/frame-1.svg","https://cdn.jsdelivr.net/gh/bryllim/workout-guide@ba0b709cb20430361b2cb33aaadd20998164a916/packages/workout-guide/assets/one-arm-dumbbell-row/frame-2.svg","https://cdn.jsdelivr.net/gh/bryllim/workout-guide@ba0b709cb20430361b2cb33aaadd20998164a916/packages/workout-guide/assets/one-arm-dumbbell-row/frame-3.svg","both"
"1240","upper-back/barbell-bent-over-row","Barbell Bent Over Row","barbell","upper-back","strength","true","https://cdn.jsdelivr.net/gh/JahelCuadrado/ExerciseGymGifsDB@v1.1.0/upper-back/barbell-bent-over-row.gif","dumbbell-bent-over-row","fuzzy(0.75)","https://cdn.jsdelivr.net/gh/bryllim/workout-guide@ba0b709cb20430361b2cb33aaadd20998164a916/packages/workout-guide/assets/dumbbell-bent-over-row/frame-1.svg","https://cdn.jsdelivr.net/gh/bryllim/workout-guide@ba0b709cb20430361b2cb33aaadd20998164a916/packages/workout-guide/assets/dumbbell-bent-over-row/frame-2.svg","https://cdn.jsdelivr.net/gh/bryllim/workout-guide@ba0b709cb20430361b2cb33aaadd20998164a916/packages/workout-guide/assets/dumbbell-bent-over-row/frame-3.svg","both"
"1241","upper-back/barbell-incline-row","Barbell Incline Row","barbell","upper-back","strength","true","https://cdn.jsdelivr.net/gh/JahelCuadrado/ExerciseGymGifsDB@v1.1.0/upper-back/barbell-incline-row.gif","","","","","","gif_only"
"1242","upper-back/barbell-one-arm-bent-over-row","Barbell One Arm Bent Over Row","barbell","upper-back","strength","true","https://cdn.jsdelivr.net/gh/JahelCuadrado/ExerciseGymGifsDB@v1.1.0/upper-back/barbell-one-arm-bent-over-row.gif","dumbbell-bent-over-row","fuzzy(0.50)","https://cdn.jsdelivr.net/gh/bryllim/workout-guide@ba0b709cb20430361b2cb33aaadd20998164a916/packages/workout-guide/assets/dumbbell-bent-over-row/frame-1.svg","https://cdn.jsdelivr.net/gh/bryllim/workout-guide@ba0b709cb20430361b2cb33aaadd20998164a916/packages/workout-guide/assets/dumbbell-bent-over-row/frame-2.svg","https://cdn.jsdelivr.net/gh/bryllim/workout-guide@ba0b709cb20430361b2cb33aaadd20998164a916/packages/workout-guide/assets/dumbbell-bent-over-row/frame-3.svg","both"
"1243","upper-back/barbell-pendlay-row","Barbell Pendlay Row","barbell","upper-back","strength","true","https://cdn.jsdelivr.net/gh/JahelCuadrado/ExerciseGymGifsDB@v1.1.0/upper-back/barbell-pendlay-row.gif","pendlay-row","exact","https://cdn.jsdelivr.net/gh/bryllim/workout-guide@ba0b709cb20430361b2cb33aaadd20998164a916/packages/workout-guide/assets/pendlay-row/frame-1.svg","https://cdn.jsdelivr.net/gh/bryllim/workout-guide@ba0b709cb20430361b2cb33aaadd20998164a916/packages/workout-guide/assets/pendlay-row/frame-2.svg","https://cdn.jsdelivr.net/gh/bryllim/workout-guide@ba0b709cb20430361b2cb33aaadd20998164a916/packages/workout-guide/assets/pendlay-row/frame-3.svg","both"
"1244","upper-back/barbell-reverse-grip-bent-over-row","Barbell Reverse Grip Bent Over Row","barbell","upper-back","strength","true","https://cdn.jsdelivr.net/gh/JahelCuadrado/ExerciseGymGifsDB@v1.1.0/upper-back/barbell-reverse-grip-bent-over-row.gif","dumbbell-bent-over-row","fuzzy(0.50)","https://cdn.jsdelivr.net/gh/bryllim/workout-guide@ba0b709cb20430361b2cb33aaadd20998164a916/packages/workout-guide/assets/dumbbell-bent-over-row/frame-1.svg","https://cdn.jsdelivr.net/gh/bryllim/workout-guide@ba0b709cb20430361b2cb33aaadd20998164a916/packages/workout-guide/assets/dumbbell-bent-over-row/frame-2.svg","https://cdn.jsdelivr.net/gh/bryllim/workout-guide@ba0b709cb20430361b2cb33aaadd20998164a916/packages/workout-guide/assets/dumbbell-bent-over-row/frame-3.svg","both"
"1245","upper-back/barbell-reverse-grip-incline-bench-row","Barbell Reverse Grip Incline Bench Row","barbell","upper-back","strength","true","https://cdn.jsdelivr.net/gh/JahelCuadrado/ExerciseGymGifsDB@v1.1.0/upper-back/barbell-reverse-grip-incline-bench-row.gif","","","","","","gif_only"
"1246","upper-back/bodyweight-squatting-row-with-towel","Bodyweight Squatting Row With Towel","bodyweight","upper-back","strength","true","https://cdn.jsdelivr.net/gh/JahelCuadrado/ExerciseGymGifsDB@v1.1.0/upper-back/bodyweight-squatting-row-with-towel.gif","towel-row","fuzzy(0.50)","https://cdn.jsdelivr.net/gh/bryllim/workout-guide@ba0b709cb20430361b2cb33aaadd20998164a916/packages/workout-guide/assets/towel-row/frame-1.svg","https://cdn.jsdelivr.net/gh/bryllim/workout-guide@ba0b709cb20430361b2cb33aaadd20998164a916/packages/workout-guide/assets/towel-row/frame-2.svg","https://cdn.jsdelivr.net/gh/bryllim/workout-guide@ba0b709cb20430361b2cb33aaadd20998164a916/packages/workout-guide/assets/towel-row/frame-3.svg","both"
"1247","upper-back/bodyweight-squatting-row","Bodyweight Squatting Row","bodyweight","upper-back","strength","true","https://cdn.jsdelivr.net/gh/JahelCuadrado/ExerciseGymGifsDB@v1.1.0/upper-back/bodyweight-squatting-row.gif","","","","","","gif_only"
"1248","upper-back/bodyweight-standing-close-grip-one-arm-row","Bodyweight Standing Close Grip One Arm Row","bodyweight","upper-back","strength","true","https://cdn.jsdelivr.net/gh/JahelCuadrado/ExerciseGymGifsDB@v1.1.0/upper-back/bodyweight-standing-close-grip-one-arm-row.gif","","","","","","gif_only"
"1249","upper-back/bodyweight-standing-close-grip-row","Bodyweight Standing Close Grip Row","bodyweight","upper-back","strength","true","https://cdn.jsdelivr.net/gh/JahelCuadrado/ExerciseGymGifsDB@v1.1.0/upper-back/bodyweight-standing-close-grip-row.gif","","","","","","gif_only"
"1250","upper-back/bodyweight-standing-one-arm-row-with-towel","Bodyweight Standing One Arm Row With Towel","bodyweight","upper-back","strength","true","https://cdn.jsdelivr.net/gh/JahelCuadrado/ExerciseGymGifsDB@v1.1.0/upper-back/bodyweight-standing-one-arm-row-with-towel.gif","","","","","","gif_only"
"1251","upper-back/bodyweight-standing-one-arm-row","Bodyweight Standing One Arm Row","bodyweight","upper-back","strength","true","https://cdn.jsdelivr.net/gh/JahelCuadrado/ExerciseGymGifsDB@v1.1.0/upper-back/bodyweight-standing-one-arm-row.gif","one-arm-dumbbell-row","fuzzy(0.60)","https://cdn.jsdelivr.net/gh/bryllim/workout-guide@ba0b709cb20430361b2cb33aaadd20998164a916/packages/workout-guide/assets/one-arm-dumbbell-row/frame-1.svg","https://cdn.jsdelivr.net/gh/bryllim/workout-guide@ba0b709cb20430361b2cb33aaadd20998164a916/packages/workout-guide/assets/one-arm-dumbbell-row/frame-2.svg","https://cdn.jsdelivr.net/gh/bryllim/workout-guide@ba0b709cb20430361b2cb33aaadd20998164a916/packages/workout-guide/assets/one-arm-dumbbell-row/frame-3.svg","both"
"1252","upper-back/bodyweight-standing-row-with-towel","Bodyweight Standing Row With Towel","bodyweight","upper-back","strength","true","https://cdn.jsdelivr.net/gh/JahelCuadrado/ExerciseGymGifsDB@v1.1.0/upper-back/bodyweight-standing-row-with-towel.gif","towel-row","fuzzy(0.50)","https://cdn.jsdelivr.net/gh/bryllim/workout-guide@ba0b709cb20430361b2cb33aaadd20998164a916/packages/workout-guide/assets/towel-row/frame-1.svg","https://cdn.jsdelivr.net/gh/bryllim/workout-guide@ba0b709cb20430361b2cb33aaadd20998164a916/packages/workout-guide/assets/towel-row/frame-2.svg","https://cdn.jsdelivr.net/gh/bryllim/workout-guide@ba0b709cb20430361b2cb33aaadd20998164a916/packages/workout-guide/assets/towel-row/frame-3.svg","both"
"1253","upper-back/bodyweight-standing-row","Bodyweight Standing Row","bodyweight","upper-back","strength","true","https://cdn.jsdelivr.net/gh/JahelCuadrado/ExerciseGymGifsDB@v1.1.0/upper-back/bodyweight-standing-row.gif","","","","","","gif_only"
"1254","upper-back/cable-decline-seated-wide-grip-row","Cable Decline Seated Wide Grip Row","cable","upper-back","strength","true","https://cdn.jsdelivr.net/gh/JahelCuadrado/ExerciseGymGifsDB@v1.1.0/upper-back/cable-decline-seated-wide-grip-row.gif","","","","","","gif_only"
"1255","upper-back/cable-floor-seated-wide-grip-row","Cable Floor Seated Wide Grip Row","cable","upper-back","strength","true","https://cdn.jsdelivr.net/gh/JahelCuadrado/ExerciseGymGifsDB@v1.1.0/upper-back/cable-floor-seated-wide-grip-row.gif","","","","","","gif_only"
"1256","upper-back/cable-high-row-kneeling","Cable High Row Kneeling","cable","upper-back","strength","true","https://cdn.jsdelivr.net/gh/JahelCuadrado/ExerciseGymGifsDB@v1.1.0/upper-back/cable-high-row-kneeling.gif","","","","","","gif_only"
"1257","upper-back/cable-incline-bench-row","Cable Incline Bench Row","cable","upper-back","strength","true","https://cdn.jsdelivr.net/gh/JahelCuadrado/ExerciseGymGifsDB@v1.1.0/upper-back/cable-incline-bench-row.gif","incline-bench-press","fuzzy(0.50)","https://cdn.jsdelivr.net/gh/bryllim/workout-guide@ba0b709cb20430361b2cb33aaadd20998164a916/packages/workout-guide/assets/incline-bench-press/frame-1.svg","https://cdn.jsdelivr.net/gh/bryllim/workout-guide@ba0b709cb20430361b2cb33aaadd20998164a916/packages/workout-guide/assets/incline-bench-press/frame-2.svg","https://cdn.jsdelivr.net/gh/bryllim/workout-guide@ba0b709cb20430361b2cb33aaadd20998164a916/packages/workout-guide/assets/incline-bench-press/frame-3.svg","both"
"1258","upper-back/cable-low-seated-row","Cable Low Seated Row","cable","upper-back","strength","true","https://cdn.jsdelivr.net/gh/JahelCuadrado/ExerciseGymGifsDB@v1.1.0/upper-back/cable-low-seated-row.gif","seated-row","fuzzy(0.67)","https://cdn.jsdelivr.net/gh/bryllim/workout-guide@ba0b709cb20430361b2cb33aaadd20998164a916/packages/workout-guide/assets/seated-row/frame-1.svg","https://cdn.jsdelivr.net/gh/bryllim/workout-guide@ba0b709cb20430361b2cb33aaadd20998164a916/packages/workout-guide/assets/seated-row/frame-2.svg","https://cdn.jsdelivr.net/gh/bryllim/workout-guide@ba0b709cb20430361b2cb33aaadd20998164a916/packages/workout-guide/assets/seated-row/frame-3.svg","both"
"1259","upper-back/cable-one-arm-bent-over-row","Cable One Arm Bent Over Row","cable","upper-back","strength","true","https://cdn.jsdelivr.net/gh/JahelCuadrado/ExerciseGymGifsDB@v1.1.0/upper-back/cable-one-arm-bent-over-row.gif","dumbbell-bent-over-row","fuzzy(0.50)","https://cdn.jsdelivr.net/gh/bryllim/workout-guide@ba0b709cb20430361b2cb33aaadd20998164a916/packages/workout-guide/assets/dumbbell-bent-over-row/frame-1.svg","https://cdn.jsdelivr.net/gh/bryllim/workout-guide@ba0b709cb20430361b2cb33aaadd20998164a916/packages/workout-guide/assets/dumbbell-bent-over-row/frame-2.svg","https://cdn.jsdelivr.net/gh/bryllim/workout-guide@ba0b709cb20430361b2cb33aaadd20998164a916/packages/workout-guide/assets/dumbbell-bent-over-row/frame-3.svg","both"
"1260","upper-back/cable-one-arm-straight-back-high-row-kneeling","Cable One Arm Straight Back High Row Kneeling","cable","upper-back","strength","true","https://cdn.jsdelivr.net/gh/JahelCuadrado/ExerciseGymGifsDB@v1.1.0/upper-back/cable-one-arm-straight-back-high-row-kneeling.gif","","","","","","gif_only"
"1261","upper-back/cable-palm-rotational-row","Cable Palm Rotational Row","cable","upper-back","strength","true","https://cdn.jsdelivr.net/gh/JahelCuadrado/ExerciseGymGifsDB@v1.1.0/upper-back/cable-palm-rotational-row.gif","","","","","","gif_only"
"1262","upper-back/cable-reverse-grip-straight-back-seated-high-row","Cable Reverse Grip Straight Back Seated High Row","cable","upper-back","strength","true","https://cdn.jsdelivr.net/gh/JahelCuadrado/ExerciseGymGifsDB@v1.1.0/upper-back/cable-reverse-grip-straight-back-seated-high-row.gif","","","","","","gif_only"
"1263","upper-back/cable-rope-crossover-seated-row","Cable Rope Crossover Seated Row","cable","upper-back","strength","true","https://cdn.jsdelivr.net/gh/JahelCuadrado/ExerciseGymGifsDB@v1.1.0/upper-back/cable-rope-crossover-seated-row.gif","seated-row","fuzzy(0.67)","https://cdn.jsdelivr.net/gh/bryllim/workout-guide@ba0b709cb20430361b2cb33aaadd20998164a916/packages/workout-guide/assets/seated-row/frame-1.svg","https://cdn.jsdelivr.net/gh/bryllim/workout-guide@ba0b709cb20430361b2cb33aaadd20998164a916/packages/workout-guide/assets/seated-row/frame-2.svg","https://cdn.jsdelivr.net/gh/bryllim/workout-guide@ba0b709cb20430361b2cb33aaadd20998164a916/packages/workout-guide/assets/seated-row/frame-3.svg","both"
"1264","upper-back/cable-rope-elevated-seated-row","Cable Rope Elevated Seated Row","cable","upper-back","strength","true","https://cdn.jsdelivr.net/gh/JahelCuadrado/ExerciseGymGifsDB@v1.1.0/upper-back/cable-rope-elevated-seated-row.gif","seated-row","fuzzy(0.67)","https://cdn.jsdelivr.net/gh/bryllim/workout-guide@ba0b709cb20430361b2cb33aaadd20998164a916/packages/workout-guide/assets/seated-row/frame-1.svg","https://cdn.jsdelivr.net/gh/bryllim/workout-guide@ba0b709cb20430361b2cb33aaadd20998164a916/packages/workout-guide/assets/seated-row/frame-2.svg","https://cdn.jsdelivr.net/gh/bryllim/workout-guide@ba0b709cb20430361b2cb33aaadd20998164a916/packages/workout-guide/assets/seated-row/frame-3.svg","both"
"1265","upper-back/cable-rope-extension-incline-bench-row","Cable Rope Extension Incline Bench Row","cable","upper-back","strength","true","https://cdn.jsdelivr.net/gh/JahelCuadrado/ExerciseGymGifsDB@v1.1.0/upper-back/cable-rope-extension-incline-bench-row.gif","","","","","","gif_only"
"1266","upper-back/cable-rope-seated-row","Cable Rope Seated Row","cable","upper-back","strength","true","https://cdn.jsdelivr.net/gh/JahelCuadrado/ExerciseGymGifsDB@v1.1.0/upper-back/cable-rope-seated-row.gif","seated-row","exact","https://cdn.jsdelivr.net/gh/bryllim/workout-guide@ba0b709cb20430361b2cb33aaadd20998164a916/packages/workout-guide/assets/seated-row/frame-1.svg","https://cdn.jsdelivr.net/gh/bryllim/workout-guide@ba0b709cb20430361b2cb33aaadd20998164a916/packages/workout-guide/assets/seated-row/frame-2.svg","https://cdn.jsdelivr.net/gh/bryllim/workout-guide@ba0b709cb20430361b2cb33aaadd20998164a916/packages/workout-guide/assets/seated-row/frame-3.svg","both"
"1267","upper-back/cable-seated-one-arm-alternate-row","Cable Seated One Arm Alternate Row","cable","upper-back","strength","true","https://cdn.jsdelivr.net/gh/JahelCuadrado/ExerciseGymGifsDB@v1.1.0/upper-back/cable-seated-one-arm-alternate-row.gif","one-arm-dumbbell-row","fuzzy(0.50)","https://cdn.jsdelivr.net/gh/bryllim/workout-guide@ba0b709cb20430361b2cb33aaadd20998164a916/packages/workout-guide/assets/one-arm-dumbbell-row/frame-1.svg","https://cdn.jsdelivr.net/gh/bryllim/workout-guide@ba0b709cb20430361b2cb33aaadd20998164a916/packages/workout-guide/assets/one-arm-dumbbell-row/frame-2.svg","https://cdn.jsdelivr.net/gh/bryllim/workout-guide@ba0b709cb20430361b2cb33aaadd20998164a916/packages/workout-guide/assets/one-arm-dumbbell-row/frame-3.svg","both"
"1268","upper-back/cable-seated-row","Cable Seated Row","cable","upper-back","strength","true","https://cdn.jsdelivr.net/gh/JahelCuadrado/ExerciseGymGifsDB@v1.1.0/upper-back/cable-seated-row.gif","seated-row","exact","https://cdn.jsdelivr.net/gh/bryllim/workout-guide@ba0b709cb20430361b2cb33aaadd20998164a916/packages/workout-guide/assets/seated-row/frame-1.svg","https://cdn.jsdelivr.net/gh/bryllim/workout-guide@ba0b709cb20430361b2cb33aaadd20998164a916/packages/workout-guide/assets/seated-row/frame-2.svg","https://cdn.jsdelivr.net/gh/bryllim/workout-guide@ba0b709cb20430361b2cb33aaadd20998164a916/packages/workout-guide/assets/seated-row/frame-3.svg","both"
"1269","upper-back/cable-seated-wide-grip-row","Cable Seated Wide Grip Row","cable","upper-back","strength","true","https://cdn.jsdelivr.net/gh/JahelCuadrado/ExerciseGymGifsDB@v1.1.0/upper-back/cable-seated-wide-grip-row.gif","seated-row","fuzzy(0.50)","https://cdn.jsdelivr.net/gh/bryllim/workout-guide@ba0b709cb20430361b2cb33aaadd20998164a916/packages/workout-guide/assets/seated-row/frame-1.svg","https://cdn.jsdelivr.net/gh/bryllim/workout-guide@ba0b709cb20430361b2cb33aaadd20998164a916/packages/workout-guide/assets/seated-row/frame-2.svg","https://cdn.jsdelivr.net/gh/bryllim/workout-guide@ba0b709cb20430361b2cb33aaadd20998164a916/packages/workout-guide/assets/seated-row/frame-3.svg","both"
"1270","upper-back/cable-standing-row-v-bar","Cable Standing Row V Bar","cable","upper-back","strength","true","https://cdn.jsdelivr.net/gh/JahelCuadrado/ExerciseGymGifsDB@v1.1.0/upper-back/cable-standing-row-v-bar.gif","","","","","","gif_only"
"1271","upper-back/cable-standing-twist-row-v-bar","Cable Standing Twist Row V Bar","cable","upper-back","strength","true","https://cdn.jsdelivr.net/gh/JahelCuadrado/ExerciseGymGifsDB@v1.1.0/upper-back/cable-standing-twist-row-v-bar.gif","","","","","","gif_only"
"1272","upper-back/cable-straight-back-seated-row","Cable Straight Back Seated Row","cable","upper-back","strength","true","https://cdn.jsdelivr.net/gh/JahelCuadrado/ExerciseGymGifsDB@v1.1.0/upper-back/cable-straight-back-seated-row.gif","seated-row","fuzzy(0.50)","https://cdn.jsdelivr.net/gh/bryllim/workout-guide@ba0b709cb20430361b2cb33aaadd20998164a916/packages/workout-guide/assets/seated-row/frame-1.svg","https://cdn.jsdelivr.net/gh/bryllim/workout-guide@ba0b709cb20430361b2cb33aaadd20998164a916/packages/workout-guide/assets/seated-row/frame-2.svg","https://cdn.jsdelivr.net/gh/bryllim/workout-guide@ba0b709cb20430361b2cb33aaadd20998164a916/packages/workout-guide/assets/seated-row/frame-3.svg","both"
"1273","upper-back/cable-upper-row","Cable Upper Row","cable","upper-back","strength","true","https://cdn.jsdelivr.net/gh/JahelCuadrado/ExerciseGymGifsDB@v1.1.0/upper-back/cable-upper-row.gif","","","","","","gif_only"
"1274","upper-back/cambered-bar-lying-row","Cambered Bar Lying Row","barbell","upper-back","strength","true","https://cdn.jsdelivr.net/gh/JahelCuadrado/ExerciseGymGifsDB@v1.1.0/upper-back/cambered-bar-lying-row.gif","","","","","","gif_only"
"1275","upper-back/chin-ups-narrow-parallel-grip","Chin Ups Narrow Parallel Grip","bodyweight","upper-back","strength","true","https://cdn.jsdelivr.net/gh/JahelCuadrado/ExerciseGymGifsDB@v1.1.0/upper-back/chin-ups-narrow-parallel-grip.gif","","","","","","gif_only"
"1276","upper-back/dumbbell-bent-over-row","Dumbbell Bent Over Row","dumbbell","upper-back","strength","true","https://cdn.jsdelivr.net/gh/JahelCuadrado/ExerciseGymGifsDB@v1.1.0/upper-back/dumbbell-bent-over-row.gif","dumbbell-bent-over-row","exact","https://cdn.jsdelivr.net/gh/bryllim/workout-guide@ba0b709cb20430361b2cb33aaadd20998164a916/packages/workout-guide/assets/dumbbell-bent-over-row/frame-1.svg","https://cdn.jsdelivr.net/gh/bryllim/workout-guide@ba0b709cb20430361b2cb33aaadd20998164a916/packages/workout-guide/assets/dumbbell-bent-over-row/frame-2.svg","https://cdn.jsdelivr.net/gh/bryllim/workout-guide@ba0b709cb20430361b2cb33aaadd20998164a916/packages/workout-guide/assets/dumbbell-bent-over-row/frame-3.svg","both"
"1277","upper-back/dumbbell-incline-row","Dumbbell Incline Row","dumbbell","upper-back","strength","true","https://cdn.jsdelivr.net/gh/JahelCuadrado/ExerciseGymGifsDB@v1.1.0/upper-back/dumbbell-incline-row.gif","","","","","","gif_only"
"1278","upper-back/dumbbell-incline-y-raise","Dumbbell Incline Y Raise","dumbbell","upper-back","strength","true","https://cdn.jsdelivr.net/gh/JahelCuadrado/ExerciseGymGifsDB@v1.1.0/upper-back/dumbbell-incline-y-raise.gif","prone-y-raise","fuzzy(0.50)","https://cdn.jsdelivr.net/gh/bryllim/workout-guide@ba0b709cb20430361b2cb33aaadd20998164a916/packages/workout-guide/assets/prone-y-raise/frame-1.svg","https://cdn.jsdelivr.net/gh/bryllim/workout-guide@ba0b709cb20430361b2cb33aaadd20998164a916/packages/workout-guide/assets/prone-y-raise/frame-2.svg","https://cdn.jsdelivr.net/gh/bryllim/workout-guide@ba0b709cb20430361b2cb33aaadd20998164a916/packages/workout-guide/assets/prone-y-raise/frame-3.svg","both"
"1279","upper-back/dumbbell-lying-rear-delt-row","Dumbbell Lying Rear Delt Row","dumbbell","upper-back","strength","true","https://cdn.jsdelivr.net/gh/JahelCuadrado/ExerciseGymGifsDB@v1.1.0/upper-back/dumbbell-lying-rear-delt-row.gif","","","","","","gif_only"
"1280","upper-back/dumbbell-one-arm-bent-over-row","Dumbbell One Arm Bent Over Row","dumbbell","upper-back","strength","true","https://cdn.jsdelivr.net/gh/JahelCuadrado/ExerciseGymGifsDB@v1.1.0/upper-back/dumbbell-one-arm-bent-over-row.gif","dumbbell-bent-over-row","fuzzy(0.50)","https://cdn.jsdelivr.net/gh/bryllim/workout-guide@ba0b709cb20430361b2cb33aaadd20998164a916/packages/workout-guide/assets/dumbbell-bent-over-row/frame-1.svg","https://cdn.jsdelivr.net/gh/bryllim/workout-guide@ba0b709cb20430361b2cb33aaadd20998164a916/packages/workout-guide/assets/dumbbell-bent-over-row/frame-2.svg","https://cdn.jsdelivr.net/gh/bryllim/workout-guide@ba0b709cb20430361b2cb33aaadd20998164a916/packages/workout-guide/assets/dumbbell-bent-over-row/frame-3.svg","both"
"1281","upper-back/dumbbell-palm-rotational-bent-over-row","Dumbbell Palm Rotational Bent Over Row","dumbbell","upper-back","strength","true","https://cdn.jsdelivr.net/gh/JahelCuadrado/ExerciseGymGifsDB@v1.1.0/upper-back/dumbbell-palm-rotational-bent-over-row.gif","dumbbell-bent-over-row","fuzzy(0.50)","https://cdn.jsdelivr.net/gh/bryllim/workout-guide@ba0b709cb20430361b2cb33aaadd20998164a916/packages/workout-guide/assets/dumbbell-bent-over-row/frame-1.svg","https://cdn.jsdelivr.net/gh/bryllim/workout-guide@ba0b709cb20430361b2cb33aaadd20998164a916/packages/workout-guide/assets/dumbbell-bent-over-row/frame-2.svg","https://cdn.jsdelivr.net/gh/bryllim/workout-guide@ba0b709cb20430361b2cb33aaadd20998164a916/packages/workout-guide/assets/dumbbell-bent-over-row/frame-3.svg","both"
"1282","upper-back/dumbbell-reverse-grip-incline-bench-one-arm-row","Dumbbell Reverse Grip Incline Bench One Arm Row","dumbbell","upper-back","strength","true","https://cdn.jsdelivr.net/gh/JahelCuadrado/ExerciseGymGifsDB@v1.1.0/upper-back/dumbbell-reverse-grip-incline-bench-one-arm-row.gif","","","","","","gif_only"
"1283","upper-back/dumbbell-reverse-grip-incline-bench-two-arm-row","Dumbbell Reverse Grip Incline Bench Two Arm Row","dumbbell","upper-back","strength","true","https://cdn.jsdelivr.net/gh/JahelCuadrado/ExerciseGymGifsDB@v1.1.0/upper-back/dumbbell-reverse-grip-incline-bench-two-arm-row.gif","","","","","","gif_only"
"1284","upper-back/dumbbell-reverse-grip-row-female","Dumbbell Reverse Grip Row Female","dumbbell","upper-back","strength","true","https://cdn.jsdelivr.net/gh/JahelCuadrado/ExerciseGymGifsDB@v1.1.0/upper-back/dumbbell-reverse-grip-row-female.gif","","","","","","gif_only"
"1285","upper-back/dumbbell-side-plank-with-rear-fly","Dumbbell Side Plank With Rear Fly","dumbbell","upper-back","strength","true","https://cdn.jsdelivr.net/gh/JahelCuadrado/ExerciseGymGifsDB@v1.1.0/upper-back/dumbbell-side-plank-with-rear-fly.gif","","","","","","gif_only"
"1286","upper-back/elbow-lift-reverse-push-up","Elbow Lift Reverse Push Up","bodyweight","upper-back","strength","true","https://cdn.jsdelivr.net/gh/JahelCuadrado/ExerciseGymGifsDB@v1.1.0/upper-back/elbow-lift-reverse-push-up.gif","","","","","","gif_only"
"1287","upper-back/elevator","Elevator","other","upper-back","strength","true","https://cdn.jsdelivr.net/gh/JahelCuadrado/ExerciseGymGifsDB@v1.1.0/upper-back/elevator.gif","","","","","","gif_only"
"1288","upper-back/ez-bar-reverse-grip-bent-over-row","Ez Bar Reverse Grip Bent Over Row","ez-bar","upper-back","strength","true","https://cdn.jsdelivr.net/gh/JahelCuadrado/ExerciseGymGifsDB@v1.1.0/upper-back/ez-bar-reverse-grip-bent-over-row.gif","dumbbell-bent-over-row","fuzzy(0.50)","https://cdn.jsdelivr.net/gh/bryllim/workout-guide@ba0b709cb20430361b2cb33aaadd20998164a916/packages/workout-guide/assets/dumbbell-bent-over-row/frame-1.svg","https://cdn.jsdelivr.net/gh/bryllim/workout-guide@ba0b709cb20430361b2cb33aaadd20998164a916/packages/workout-guide/assets/dumbbell-bent-over-row/frame-2.svg","https://cdn.jsdelivr.net/gh/bryllim/workout-guide@ba0b709cb20430361b2cb33aaadd20998164a916/packages/workout-guide/assets/dumbbell-bent-over-row/frame-3.svg","both"
"1289","upper-back/front-lever-reps","Front Lever Reps","lever","upper-back","strength","true","https://cdn.jsdelivr.net/gh/JahelCuadrado/ExerciseGymGifsDB@v1.1.0/upper-back/front-lever-reps.gif","","","","","","gif_only"
"1290","upper-back/inverted-row-bent-knees","Inverted Row Bent Knees","bodyweight","upper-back","strength","true","https://cdn.jsdelivr.net/gh/JahelCuadrado/ExerciseGymGifsDB@v1.1.0/upper-back/inverted-row-bent-knees.gif","inverted-row","fuzzy(0.50)","https://cdn.jsdelivr.net/gh/bryllim/workout-guide@ba0b709cb20430361b2cb33aaadd20998164a916/packages/workout-guide/assets/inverted-row/frame-1.svg","https://cdn.jsdelivr.net/gh/bryllim/workout-guide@ba0b709cb20430361b2cb33aaadd20998164a916/packages/workout-guide/assets/inverted-row/frame-2.svg","https://cdn.jsdelivr.net/gh/bryllim/workout-guide@ba0b709cb20430361b2cb33aaadd20998164a916/packages/workout-guide/assets/inverted-row/frame-3.svg","both"
"1291","upper-back/inverted-row-on-bench","Inverted Row On Bench","bodyweight","upper-back","strength","true","https://cdn.jsdelivr.net/gh/JahelCuadrado/ExerciseGymGifsDB@v1.1.0/upper-back/inverted-row-on-bench.gif","inverted-row","fuzzy(0.50)","https://cdn.jsdelivr.net/gh/bryllim/workout-guide@ba0b709cb20430361b2cb33aaadd20998164a916/packages/workout-guide/assets/inverted-row/frame-1.svg","https://cdn.jsdelivr.net/gh/bryllim/workout-guide@ba0b709cb20430361b2cb33aaadd20998164a916/packages/workout-guide/assets/inverted-row/frame-2.svg","https://cdn.jsdelivr.net/gh/bryllim/workout-guide@ba0b709cb20430361b2cb33aaadd20998164a916/packages/workout-guide/assets/inverted-row/frame-3.svg","both"
"1292","upper-back/inverted-row-v-2","Inverted Row v2","bodyweight","upper-back","strength","true","https://cdn.jsdelivr.net/gh/JahelCuadrado/ExerciseGymGifsDB@v1.1.0/upper-back/inverted-row-v-2.gif","inverted-row","fuzzy(0.67)","https://cdn.jsdelivr.net/gh/bryllim/workout-guide@ba0b709cb20430361b2cb33aaadd20998164a916/packages/workout-guide/assets/inverted-row/frame-1.svg","https://cdn.jsdelivr.net/gh/bryllim/workout-guide@ba0b709cb20430361b2cb33aaadd20998164a916/packages/workout-guide/assets/inverted-row/frame-2.svg","https://cdn.jsdelivr.net/gh/bryllim/workout-guide@ba0b709cb20430361b2cb33aaadd20998164a916/packages/workout-guide/assets/inverted-row/frame-3.svg","both"
"1293","upper-back/inverted-row-with-straps","Inverted Row With Straps","bodyweight","upper-back","strength","true","https://cdn.jsdelivr.net/gh/JahelCuadrado/ExerciseGymGifsDB@v1.1.0/upper-back/inverted-row-with-straps.gif","inverted-row","fuzzy(0.50)","https://cdn.jsdelivr.net/gh/bryllim/workout-guide@ba0b709cb20430361b2cb33aaadd20998164a916/packages/workout-guide/assets/inverted-row/frame-1.svg","https://cdn.jsdelivr.net/gh/bryllim/workout-guide@ba0b709cb20430361b2cb33aaadd20998164a916/packages/workout-guide/assets/inverted-row/frame-2.svg","https://cdn.jsdelivr.net/gh/bryllim/workout-guide@ba0b709cb20430361b2cb33aaadd20998164a916/packages/workout-guide/assets/inverted-row/frame-3.svg","both"
"1294","upper-back/inverted-row","Inverted Row","bodyweight","upper-back","strength","true","https://cdn.jsdelivr.net/gh/JahelCuadrado/ExerciseGymGifsDB@v1.1.0/upper-back/inverted-row.gif","inverted-row","exact","https://cdn.jsdelivr.net/gh/bryllim/workout-guide@ba0b709cb20430361b2cb33aaadd20998164a916/packages/workout-guide/assets/inverted-row/frame-1.svg","https://cdn.jsdelivr.net/gh/bryllim/workout-guide@ba0b709cb20430361b2cb33aaadd20998164a916/packages/workout-guide/assets/inverted-row/frame-2.svg","https://cdn.jsdelivr.net/gh/bryllim/workout-guide@ba0b709cb20430361b2cb33aaadd20998164a916/packages/workout-guide/assets/inverted-row/frame-3.svg","both"
"1295","upper-back/kettlebell-alternating-renegade-row","Kettlebell Alternating Renegade Row","kettlebell","upper-back","strength","true","https://cdn.jsdelivr.net/gh/JahelCuadrado/ExerciseGymGifsDB@v1.1.0/upper-back/kettlebell-alternating-renegade-row.gif","","","","","","gif_only"
"1296","upper-back/kettlebell-alternating-row","Kettlebell Alternating Row","kettlebell","upper-back","strength","true","https://cdn.jsdelivr.net/gh/JahelCuadrado/ExerciseGymGifsDB@v1.1.0/upper-back/kettlebell-alternating-row.gif","","","","","","gif_only"
"1297","upper-back/kettlebell-one-arm-row","Kettlebell One Arm Row","kettlebell","upper-back","strength","true","https://cdn.jsdelivr.net/gh/JahelCuadrado/ExerciseGymGifsDB@v1.1.0/upper-back/kettlebell-one-arm-row.gif","one-arm-dumbbell-row","fuzzy(0.75)","https://cdn.jsdelivr.net/gh/bryllim/workout-guide@ba0b709cb20430361b2cb33aaadd20998164a916/packages/workout-guide/assets/one-arm-dumbbell-row/frame-1.svg","https://cdn.jsdelivr.net/gh/bryllim/workout-guide@ba0b709cb20430361b2cb33aaadd20998164a916/packages/workout-guide/assets/one-arm-dumbbell-row/frame-2.svg","https://cdn.jsdelivr.net/gh/bryllim/workout-guide@ba0b709cb20430361b2cb33aaadd20998164a916/packages/workout-guide/assets/one-arm-dumbbell-row/frame-3.svg","both"
"1298","upper-back/kettlebell-two-arm-row","Kettlebell Two Arm Row","kettlebell","upper-back","strength","true","https://cdn.jsdelivr.net/gh/JahelCuadrado/ExerciseGymGifsDB@v1.1.0/upper-back/kettlebell-two-arm-row.gif","","","","","","gif_only"
"1299","upper-back/lever-alternating-narrow-grip-seated-row","Lever Alternating Narrow Grip Seated Row","lever","upper-back","strength","true","https://cdn.jsdelivr.net/gh/JahelCuadrado/ExerciseGymGifsDB@v1.1.0/upper-back/lever-alternating-narrow-grip-seated-row.gif","","","","","","gif_only"
"1300","upper-back/lever-bent-over-row-with-v-bar","Lever Bent Over Row With V Bar","lever","upper-back","strength","true","https://cdn.jsdelivr.net/gh/JahelCuadrado/ExerciseGymGifsDB@v1.1.0/upper-back/lever-bent-over-row-with-v-bar.gif","dumbbell-bent-over-row","fuzzy(0.50)","https://cdn.jsdelivr.net/gh/bryllim/workout-guide@ba0b709cb20430361b2cb33aaadd20998164a916/packages/workout-guide/assets/dumbbell-bent-over-row/frame-1.svg","https://cdn.jsdelivr.net/gh/bryllim/workout-guide@ba0b709cb20430361b2cb33aaadd20998164a916/packages/workout-guide/assets/dumbbell-bent-over-row/frame-2.svg","https://cdn.jsdelivr.net/gh/bryllim/workout-guide@ba0b709cb20430361b2cb33aaadd20998164a916/packages/workout-guide/assets/dumbbell-bent-over-row/frame-3.svg","both"
"1301","upper-back/lever-bent-over-row","Lever Bent Over Row","lever","upper-back","strength","true","https://cdn.jsdelivr.net/gh/JahelCuadrado/ExerciseGymGifsDB@v1.1.0/upper-back/lever-bent-over-row.gif","dumbbell-bent-over-row","fuzzy(0.75)","https://cdn.jsdelivr.net/gh/bryllim/workout-guide@ba0b709cb20430361b2cb33aaadd20998164a916/packages/workout-guide/assets/dumbbell-bent-over-row/frame-1.svg","https://cdn.jsdelivr.net/gh/bryllim/workout-guide@ba0b709cb20430361b2cb33aaadd20998164a916/packages/workout-guide/assets/dumbbell-bent-over-row/frame-2.svg","https://cdn.jsdelivr.net/gh/bryllim/workout-guide@ba0b709cb20430361b2cb33aaadd20998164a916/packages/workout-guide/assets/dumbbell-bent-over-row/frame-3.svg","both"
"1302","upper-back/lever-high-row","Lever High Row","lever","upper-back","strength","true","https://cdn.jsdelivr.net/gh/JahelCuadrado/ExerciseGymGifsDB@v1.1.0/upper-back/lever-high-row.gif","","","","","","gif_only"
"1303","upper-back/lever-narrow-grip-seated-row","Lever Narrow Grip Seated Row","lever","upper-back","strength","true","https://cdn.jsdelivr.net/gh/JahelCuadrado/ExerciseGymGifsDB@v1.1.0/upper-back/lever-narrow-grip-seated-row.gif","seated-row","fuzzy(0.50)","https://cdn.jsdelivr.net/gh/bryllim/workout-guide@ba0b709cb20430361b2cb33aaadd20998164a916/packages/workout-guide/assets/seated-row/frame-1.svg","https://cdn.jsdelivr.net/gh/bryllim/workout-guide@ba0b709cb20430361b2cb33aaadd20998164a916/packages/workout-guide/assets/seated-row/frame-2.svg","https://cdn.jsdelivr.net/gh/bryllim/workout-guide@ba0b709cb20430361b2cb33aaadd20998164a916/packages/workout-guide/assets/seated-row/frame-3.svg","both"
"1304","upper-back/lever-one-arm-bent-over-row","Lever One Arm Bent Over Row","lever","upper-back","strength","true","https://cdn.jsdelivr.net/gh/JahelCuadrado/ExerciseGymGifsDB@v1.1.0/upper-back/lever-one-arm-bent-over-row.gif","dumbbell-bent-over-row","fuzzy(0.50)","https://cdn.jsdelivr.net/gh/bryllim/workout-guide@ba0b709cb20430361b2cb33aaadd20998164a916/packages/workout-guide/assets/dumbbell-bent-over-row/frame-1.svg","https://cdn.jsdelivr.net/gh/bryllim/workout-guide@ba0b709cb20430361b2cb33aaadd20998164a916/packages/workout-guide/assets/dumbbell-bent-over-row/frame-2.svg","https://cdn.jsdelivr.net/gh/bryllim/workout-guide@ba0b709cb20430361b2cb33aaadd20998164a916/packages/workout-guide/assets/dumbbell-bent-over-row/frame-3.svg","both"
"1305","upper-back/lever-one-arm-lateral-high-row","Lever One Arm Lateral High Row","lever","upper-back","strength","true","https://cdn.jsdelivr.net/gh/JahelCuadrado/ExerciseGymGifsDB@v1.1.0/upper-back/lever-one-arm-lateral-high-row.gif","one-arm-dumbbell-row","fuzzy(0.50)","https://cdn.jsdelivr.net/gh/bryllim/workout-guide@ba0b709cb20430361b2cb33aaadd20998164a916/packages/workout-guide/assets/one-arm-dumbbell-row/frame-1.svg","https://cdn.jsdelivr.net/gh/bryllim/workout-guide@ba0b709cb20430361b2cb33aaadd20998164a916/packages/workout-guide/assets/one-arm-dumbbell-row/frame-2.svg","https://cdn.jsdelivr.net/gh/bryllim/workout-guide@ba0b709cb20430361b2cb33aaadd20998164a916/packages/workout-guide/assets/one-arm-dumbbell-row/frame-3.svg","both"
"1306","upper-back/lever-reverse-grip-vertical-row","Lever Reverse Grip Vertical Row","lever","upper-back","strength","true","https://cdn.jsdelivr.net/gh/JahelCuadrado/ExerciseGymGifsDB@v1.1.0/upper-back/lever-reverse-grip-vertical-row.gif","","","","","","gif_only"
"1307","upper-back/lever-reverse-t-bar-row","Lever Reverse T Bar Row","lever","upper-back","strength","true","https://cdn.jsdelivr.net/gh/JahelCuadrado/ExerciseGymGifsDB@v1.1.0/upper-back/lever-reverse-t-bar-row.gif","t-bar-row","fuzzy(0.50)","https://cdn.jsdelivr.net/gh/bryllim/workout-guide@ba0b709cb20430361b2cb33aaadd20998164a916/packages/workout-guide/assets/t-bar-row/frame-1.svg","https://cdn.jsdelivr.net/gh/bryllim/workout-guide@ba0b709cb20430361b2cb33aaadd20998164a916/packages/workout-guide/assets/t-bar-row/frame-2.svg","https://cdn.jsdelivr.net/gh/bryllim/workout-guide@ba0b709cb20430361b2cb33aaadd20998164a916/packages/workout-guide/assets/t-bar-row/frame-3.svg","both"
"1308","upper-back/lever-seated-row","Lever Seated Row","lever","upper-back","strength","true","https://cdn.jsdelivr.net/gh/JahelCuadrado/ExerciseGymGifsDB@v1.1.0/upper-back/lever-seated-row.gif","seated-row","exact","https://cdn.jsdelivr.net/gh/bryllim/workout-guide@ba0b709cb20430361b2cb33aaadd20998164a916/packages/workout-guide/assets/seated-row/frame-1.svg","https://cdn.jsdelivr.net/gh/bryllim/workout-guide@ba0b709cb20430361b2cb33aaadd20998164a916/packages/workout-guide/assets/seated-row/frame-2.svg","https://cdn.jsdelivr.net/gh/bryllim/workout-guide@ba0b709cb20430361b2cb33aaadd20998164a916/packages/workout-guide/assets/seated-row/frame-3.svg","both"
"1309","upper-back/lever-t-bar-reverse-grip-row","Lever T Bar Reverse Grip Row","lever","upper-back","strength","true","https://cdn.jsdelivr.net/gh/JahelCuadrado/ExerciseGymGifsDB@v1.1.0/upper-back/lever-t-bar-reverse-grip-row.gif","","","","","","gif_only"
"1310","upper-back/lever-t-bar-row","Lever T Bar Row","lever","upper-back","strength","true","https://cdn.jsdelivr.net/gh/JahelCuadrado/ExerciseGymGifsDB@v1.1.0/upper-back/lever-t-bar-row.gif","t-bar-row","fuzzy(0.67)","https://cdn.jsdelivr.net/gh/bryllim/workout-guide@ba0b709cb20430361b2cb33aaadd20998164a916/packages/workout-guide/assets/t-bar-row/frame-1.svg","https://cdn.jsdelivr.net/gh/bryllim/workout-guide@ba0b709cb20430361b2cb33aaadd20998164a916/packages/workout-guide/assets/t-bar-row/frame-2.svg","https://cdn.jsdelivr.net/gh/bryllim/workout-guide@ba0b709cb20430361b2cb33aaadd20998164a916/packages/workout-guide/assets/t-bar-row/frame-3.svg","both"
"1311","upper-back/lever-unilateral-row","Lever Unilateral Row","lever","upper-back","strength","true","https://cdn.jsdelivr.net/gh/JahelCuadrado/ExerciseGymGifsDB@v1.1.0/upper-back/lever-unilateral-row.gif","","","","","","gif_only"
"1312","upper-back/medicine-ball-overhead-slam","Medicine Ball Overhead Slam","bodyweight","upper-back","strength","true","https://cdn.jsdelivr.net/gh/JahelCuadrado/ExerciseGymGifsDB@v1.1.0/upper-back/medicine-ball-overhead-slam.gif","","","","","","gif_only"
"1313","upper-back/one-arm-towel-row","One Arm Towel Row","bodyweight","upper-back","strength","true","https://cdn.jsdelivr.net/gh/JahelCuadrado/ExerciseGymGifsDB@v1.1.0/upper-back/one-arm-towel-row.gif","one-arm-dumbbell-row","fuzzy(0.60)","https://cdn.jsdelivr.net/gh/bryllim/workout-guide@ba0b709cb20430361b2cb33aaadd20998164a916/packages/workout-guide/assets/one-arm-dumbbell-row/frame-1.svg","https://cdn.jsdelivr.net/gh/bryllim/workout-guide@ba0b709cb20430361b2cb33aaadd20998164a916/packages/workout-guide/assets/one-arm-dumbbell-row/frame-2.svg","https://cdn.jsdelivr.net/gh/bryllim/workout-guide@ba0b709cb20430361b2cb33aaadd20998164a916/packages/workout-guide/assets/one-arm-dumbbell-row/frame-3.svg","both"
"1314","upper-back/resistance-band-seated-straight-back-row","Resistance Band Seated Straight Back Row","band","upper-back","strength","true","https://cdn.jsdelivr.net/gh/JahelCuadrado/ExerciseGymGifsDB@v1.1.0/upper-back/resistance-band-seated-straight-back-row.gif","seated-row","fuzzy(0.50)","https://cdn.jsdelivr.net/gh/bryllim/workout-guide@ba0b709cb20430361b2cb33aaadd20998164a916/packages/workout-guide/assets/seated-row/frame-1.svg","https://cdn.jsdelivr.net/gh/bryllim/workout-guide@ba0b709cb20430361b2cb33aaadd20998164a916/packages/workout-guide/assets/seated-row/frame-2.svg","https://cdn.jsdelivr.net/gh/bryllim/workout-guide@ba0b709cb20430361b2cb33aaadd20998164a916/packages/workout-guide/assets/seated-row/frame-3.svg","both"
"1315","upper-back/rope-climb","Rope Climb","bodyweight","upper-back","strength","true","https://cdn.jsdelivr.net/gh/JahelCuadrado/ExerciseGymGifsDB@v1.1.0/upper-back/rope-climb.gif","","","","","","gif_only"
"1316","upper-back/skin-the-cat","Skin The Cat","bodyweight","upper-back","strength","true","https://cdn.jsdelivr.net/gh/JahelCuadrado/ExerciseGymGifsDB@v1.1.0/upper-back/skin-the-cat.gif","","","","","","gif_only"
"1317","upper-back/smith-bent-over-row","Smith Bent Over Row","smith","upper-back","strength","true","https://cdn.jsdelivr.net/gh/JahelCuadrado/ExerciseGymGifsDB@v1.1.0/upper-back/smith-bent-over-row.gif","dumbbell-bent-over-row","fuzzy(0.75)","https://cdn.jsdelivr.net/gh/bryllim/workout-guide@ba0b709cb20430361b2cb33aaadd20998164a916/packages/workout-guide/assets/dumbbell-bent-over-row/frame-1.svg","https://cdn.jsdelivr.net/gh/bryllim/workout-guide@ba0b709cb20430361b2cb33aaadd20998164a916/packages/workout-guide/assets/dumbbell-bent-over-row/frame-2.svg","https://cdn.jsdelivr.net/gh/bryllim/workout-guide@ba0b709cb20430361b2cb33aaadd20998164a916/packages/workout-guide/assets/dumbbell-bent-over-row/frame-3.svg","both"
"1318","upper-back/smith-narrow-row","Smith Narrow Row","smith","upper-back","strength","true","https://cdn.jsdelivr.net/gh/JahelCuadrado/ExerciseGymGifsDB@v1.1.0/upper-back/smith-narrow-row.gif","","","","","","gif_only"
"1319","upper-back/smith-one-arm-row","Smith One Arm Row","smith","upper-back","strength","true","https://cdn.jsdelivr.net/gh/JahelCuadrado/ExerciseGymGifsDB@v1.1.0/upper-back/smith-one-arm-row.gif","one-arm-dumbbell-row","fuzzy(0.75)","https://cdn.jsdelivr.net/gh/bryllim/workout-guide@ba0b709cb20430361b2cb33aaadd20998164a916/packages/workout-guide/assets/one-arm-dumbbell-row/frame-1.svg","https://cdn.jsdelivr.net/gh/bryllim/workout-guide@ba0b709cb20430361b2cb33aaadd20998164a916/packages/workout-guide/assets/one-arm-dumbbell-row/frame-2.svg","https://cdn.jsdelivr.net/gh/bryllim/workout-guide@ba0b709cb20430361b2cb33aaadd20998164a916/packages/workout-guide/assets/one-arm-dumbbell-row/frame-3.svg","both"
"1320","upper-back/smith-reverse-grip-bent-over-row","Smith Reverse Grip Bent Over Row","smith","upper-back","strength","true","https://cdn.jsdelivr.net/gh/JahelCuadrado/ExerciseGymGifsDB@v1.1.0/upper-back/smith-reverse-grip-bent-over-row.gif","dumbbell-bent-over-row","fuzzy(0.50)","https://cdn.jsdelivr.net/gh/bryllim/workout-guide@ba0b709cb20430361b2cb33aaadd20998164a916/packages/workout-guide/assets/dumbbell-bent-over-row/frame-1.svg","https://cdn.jsdelivr.net/gh/bryllim/workout-guide@ba0b709cb20430361b2cb33aaadd20998164a916/packages/workout-guide/assets/dumbbell-bent-over-row/frame-2.svg","https://cdn.jsdelivr.net/gh/bryllim/workout-guide@ba0b709cb20430361b2cb33aaadd20998164a916/packages/workout-guide/assets/dumbbell-bent-over-row/frame-3.svg","both"
"1321","upper-back/standing-archer","Standing Archer","other","upper-back","strength","true","https://cdn.jsdelivr.net/gh/JahelCuadrado/ExerciseGymGifsDB@v1.1.0/upper-back/standing-archer.gif","","","","","","gif_only"
"1322","upper-back/suspended-row","Suspended Row","bodyweight","upper-back","strength","true","https://cdn.jsdelivr.net/gh/JahelCuadrado/ExerciseGymGifsDB@v1.1.0/upper-back/suspended-row.gif","","","","","","gif_only"
"1323","upper-back/upper-back-stretch","Upper Back Stretch","bodyweight","upper-back","stretching","true","https://cdn.jsdelivr.net/gh/JahelCuadrado/ExerciseGymGifsDB@v1.1.0/upper-back/upper-back-stretch.gif","","","","","","gif_only"